[Codigo de Rastreio],[Etiqueta Last Mile]
PNL836225AA,ENJ1f7b03e0a2dcBR
PNL830421AA,ENJ8647c4459790BR
PNL914781AA,ENJ62567eaa57baBR
PNL299281AA,ENJ9ba603623e25BR
PNL877582AA,ENJe6bdd80a09b0BR
PNL378283AA,ENJ741f6bd9ec70BR
PNL896672AA,ENJ3b0251c36c5eBR
PNL906231AA,ENJe48a6da923faBR
PNL861072AA,ENJb1d61cb6cebaBR
PNL705569AA,ENJb6fc250c20d0BR
PNL622776AA,ENJd8ea4fb92ef6BR
PNL263775AA,872320383
PNL845667AA,ENJ7bb4af51571aBR
PNL834005AA,ENJ6ce9cf22323cBR
PNL951568AA,ENJff48010cd726BR
PNL732544AA,ENJ232299655c9bBR
PNL408360AA,ENJe72676ff9b42BR
PNL864116AA,ENJe90a29b8fb3aBR
PNL622803AA,ENJe37b80ffdeebBR
PNL679536AA,162315215
PNL830429AA,ENJa59e4dfca7adBR
PNL847811AA,ENJ300a4505f451BR
PNL666731AA,ENJf47af4eb67a5BR
PNL684779AA,990321796
PNL183565AB,ENJa1d4d198e80dBR
PNL188788AB,ENJ49bde19fd5abBR
PNL628833AA,ENJeb8b8af2319fBR
PNL855175AA,ENJ3be3429c960aBR
PNL537964AA,ENJd796c28395c8BR
PNL166104AA,ENJff05d7c12e08BR
PNL193937AA,ENJ53a06ad0c767BR
PNL705544AA,ENJ50ff70474a1bBR
PNL880467AA,ENJc617042ba690BR
PNL107028AA,ENJ6d08b1c22da4BR
PNL919735AA,ENJ9fe52b26b062BR
PNL864085AA,ENJ8e5f25a98703BR
PNL237980AA,ENJ2584bb07ea0eBR
PNL184616AB,ENJ92555e1e3e01BR
PNL678356AA,ENJa44943746f96BR
PNL295689AA,ENJd227ac671619BR
PNL166112AA,465365558
PNL184567AB,ENJ843ae7303405BR
PNL868846AA,350293471
PNL698674AA,255636509
PNL182091AB,ENJa9b1a7168e6cBR
PNL540255AA,ENJ49419fa7cd8eBR
PNL864093AA,703446688
PNL922179AA,152699335
PNL676254AA,ENJ746b01493e38BR
PNL524235AA,ENJ20307c263b5dBR
PNL694720AA,ENJc593e7822264BR
PNL244680AA,ENJaed474fda941BR
PNL679558AA,ENJa00873ca5cb9BR
PNL098814AA,ENJ9f6193aea774BR
PNL638268AA,ENJ930d065bafbaBR
PNL686085AA,ENJ31bf2ac079dfBR
PNL104067AA,ENJf223459558fbBR
PNL385597AA,ENJd32796001513BR
PNL696190AA,ENJf59f2ee708d2BR
PNL107049AA,ENJ79c3d0032570BR
PNL645531AA,ENJ564ea1d89182BR
PNL664681AA,ENJ06849c9921bbBR
PNL461132AA,ENJ37f2038caeb7BR
PNL920266AA,703079634
PNL882367AA,149170332
PNL203172AA,ENJcb8f57e4191bBR
PNL559468AA,ENJ2cda5c621674BR
PNL974390AA,ENJ89ef638fd20dBR
PNL187368AA,ENJ3c9b69764db9BR
PNL913522AA,ENJ3df561d62181BR
PNL731213AA,663016665
PNL699707AA,506665640
PNL590800AA,ENJ1b34e67f96e3BR
PNL107029AA,ENJe672d5d678d3BR
PNL014704AA,ENJ991cf8d6dcfcBR
PNL645528AA,ENJcbed2d56fe07BR
PNL525977AA,ENJ9ce83324cb73BR
PNL809024AA,ENJe666a7563ae0BR
PNL649020AA,ENJd4cb5208383aBR
PNL563474AA,ENJ428068ace676BR
PNL273234AA,947204458
PNL851415AA,600378646
PNL183594AB,115137794
PNL847813AA,ENJ2136d6f0210fBR
PNL454630AA,ENJa1ca7f78de17BR
PNL107048AA,ENJe1ffc6777d5aBR
PNL590797AA,ENJ1faac27ef204BR
PNL855233AA,ENJ154289d8110aBR
PNL914776AA,554388983
PNL159739AA,612053450
PNL905282AA,ENJf9b4f93d98f8BR
PNL151561AB,ENJ700ff35923d2BR
PNL709442AA,ENJ6b1bc7d1b5f8BR
PNL705528AA,ENJe6307b8ad4dfBR
PNL026580AA,25844625
PNL847825AA,ENJ4b5176cd9edaBR
PNL732559AA,ENJd6fd9be76bd9BR
PNL747342AA,ENJ095f117448f2BR
PNL803723AA,ENJ234f6eb66668BR
PNL410963AA,ENJ484d6422ccadBR
PNL709436AA,827722895
PNL869355AA,ENJc2bb431620a1BR
PNL182435AA,ENJb678cdc88460BR
PNL838263AA,ENJd6510cb11599BR
PNL732533AA,495691885
PNL518192AA,ENJ1012924aa48bBR
PNL527322AA,ENJ57d14464cfabBR
PNL172131AB,299843468
PNL014719AA,ENJ3b4e588d7c0aBR
PNL188723AB,ENJ4cf2654b225fBR
PNL866995AA,ENJ7b9e54b4aa30BR
PNL619034AA,ENJ20af0d4798c3BR
PNL737924AA,ENJ09fc427e1ed0BR
PNL694717AA,ENJed2d32303c97BR
PNL833977AA,ENJ6a5bd4c31219BR
PNL691015AA,520434698
PNL699677AA,ENJ116d23b1d4e8BR
PNL666665AA,464077132
PNL690664AA,ENJ10fab730f7ffBR
PNL600752AA,ENJ8fd9944e36d3BR
PNL187362AA,ENJ8cdc3b039e2cBR
PNL731212AA,ENJ7286e9fb5870BR
PNL590794AA,ENJb6985b1d3545BR
PNL416933AA,ENJ7501bcb31085BR
PNL666744AA,ENJc3b7a898e054BR
PNL599157AA,ENJ223b7103be7aBR
PNL540276AA,ENJ4affd28537a5BR
PNL461133AA,ENJ496d0f635377BR
PNL099365AA,ENJd5ae49e956f3BR
PNL745669AA,ENJaf47a6d48ba1BR
PNL709438AA,ENJcceae8b298ffBR
PNL664691AA,ENJ98f6776c0c32BR
PNL628832AA,ENJ47cbceb71bccBR
PNL869383AA,423721990
PNL678349AA,ENJ17eb08b3cb47BR
PNL628794AA,ENJcb35bf4080c1BR
PNL178424AA,ENJa8de1dc38bf8BR
PNL153960AA,ENJd07100fdee30BR
PNL628825AA,ENJ6faf54eb6d38BR
PNL885781AA,ENJ5120881e93d9BR
PNL732535AA,ENJ9e7b9fcf113bBR
PNL084014AA,ENJef7391b3e6dcBR
PNL518189AA,ENJ24075aa78f73BR
PNL206031AB,ENJdcd4016f409dBR
PNL462927AA,ENJ61f95a0eded6BR
PNL649034AA,ENJ94da4bd0c348BR
PNL525962AA,496584016
PNL107044AA,ENJ8d8eaf7f46baBR
PNL686075AA,ENJc865291813c1BR
PNL487475AA,ENJ42bd00fb2c6bBR
PNL919739AA,ENJ2a198f86dcd3BR
PNL698734AA,ENJa426a7dae0c8BR
PNL415478AA,ENJ84c8382bdf74BR
PNL830426AA,ENJ9b4a0dc4aa99BR
PNL740602AA,ENJ62262d3f34e1BR
PNL364704AA,ENJ88f87c5fd10fBR
PNL683513AA,ENJ923176a7adf1BR
PNL892216AA,ENJb17e9da36bf6BR
PNL545420AA,ENJ3d003df57d6cBR
PNL540265AA,ENJd5336c9e0b58BR
PNL877300AA,ENJf827ee1de4e2BR
PNL648236AA,ENJ14809887b4acBR
PNL661022AA,416403427
PNL187364AA,ENJf28ba326c64eBR
PNL377830AA,ENJfda954c269c3BR
PNL705541AA,ENJ8f314d143999BR
PNL619043AA,ENJ2c56be2883c0BR
PNL186325AA,ENJe42d088764f3BR
PNL686146AA,899899207
PNL923662AA,ENJ0622436082bfBR
PNL697520AA,ENJ12f7a1a6e7c6BR
PNL188789AB,ENJadeada3d1a76BR
PNL299212AA,402376203
PNL877603AA,ENJ4e97b6a5f765BR
PNL845495AA,ENJfab9c1415001BR
PNL299204AA,ENJ19e577a949bfBR
PNL666730AA,ENJ10e1d96610ddBR
PNL042834AA,ENJ7c9234c99cfbBR
PNL675473AA,989490279
PNL188989AB,ENJa89aaa2aecfbBR
PNL869347AA,ENJ1b769a87ec92BR
PNL527325AA,818744103
PNL455763AA,ENJ2a89a355d3d7BR
PNL747354AA,ENJ4367e490ec04BR
PNL619047AA,603482106
PNL845683AA,ENJ8c69d256983aBR
PNL260156AA,ENJ4726c4ca446eBR
PNL470884AA,ENJ7db145e924c3BR
PNL737944AA,73845220
PNL666657AA,ENJ37889496cc68BR
PNL868840AA,ENJd426fce33ebeBR
PNL891265AA,ENJ610257c61fcdBR
PNL299179AA,826876843
PNL174734AB,ENJcc4ba8945d09BR
PNL725276AA,ENJ1905c6f19823BR
PNL698679AA,79962584
PNL838276AA,ENJba33ea1a66dcBR
PNL879135AA,ENJ647b545fb550BR
PNL747382AA,ENJf4afebbf4140BR
PNL830434AA,ENJadee0f5cd0d2BR
PNL684809AA,ENJa4a343a79c5dBR
PNL917105AA,ENJcfa277ba6042BR
PNL628820AA,ENJ263544a54089BR
PNL237974AA,ENJefc45307afa2BR
PNL408370AA,ENJ534e9102b805BR
PNL193931AA,ENJ2dac74d46e80BR
PNL524245AA,ENJe8345b531acdBR
PNL880455AA,453237126
PNL974394AA,ENJ9df9406803b2BR
PNL524225AA,ENJ40e4432cffd1BR
PNL098831AA,ENJ8a90e052ed66BR
PNL709477AA,ENJd615fd7212d9BR
PNL497369AA,ENJ86014b57e7eeBR
PNL868837AA,ENJ737fe4f56ec7BR
PNL686079AA,ENJ4f8430558f2aBR
PNL187363AA,ENJ4cea6a7fe979BR
PNL408358AA,ENJ4e931dcff053BR
PNL630595AA,ENJ6837618ba330BR
PNL847352AA,ENJa47664ce5747BR
PNL518196AA,ENJ3560a0269a01BR
PNL750389AA,ENJd95688fc9645BR
PNL705533AA,ENJcd806a45f4b7BR
PNL673769AA,ENJ9e8423d478daBR
PNL661860AA,509600202
PNL702474AA,ENJ73ef74313143BR
PNL193856AA,ENJ0b620e381afcBR
PNL924187AA,ENJ1a9f7e584497BR
PNL590789AA,458099083
PNL869364AA,193750889
PNL193880AA,ENJ778f86242b07BR
PNL680666AA,ENJ19925ea52ea2BR
PNL837506AA,ENJ619c7634f212BR
PNL892215AA,ENJ92a8b9e51f95BR
PNL497379AA,ENJ6fcd7357beb6BR
PNL897166AA,ENJ8437aa573839BR
PNL897210AA,ENJ570fb40277dcBR
PNL377829AA,ENJe47dd81c0be2BR
PNL922176AA,671128144
PNL922189AA,ENJ5efb7c127022BR
PNL827539AA,ENJ479e4f15e8b1BR
PNL182449AA,954028007
PNL356384AA,ENJbbc7cd7661cbBR
PNL167987AB,ENJ2af8a99966a3BR
PNL439323AA,ENJd38af496d67bBR
PNL905340AA,ENJ036dbb46f711BR
PNL699756AA,37087643
PNL729010AA,ENJ2e192f27d754BR
PNL299239AA,ENJab5d9bcdfa89BR
PNL679599AA,ENJc72739b88452BR
PNL892248AA,ENJb3c30a64958aBR
PNL166149AA,325806944
PNL683581AA,ENJ33bf00c4c6b3BR
PNL851432AA,ENJa9c41e066049BR
PNL750374AA,ENJ4b3eb97d87eeBR
PNL845674AA,ENJfaae1d81e0b2BR
PNL516624AA,ENJ4fef104b67b5BR
PNL879141AA,ENJc114239fd346BR
PNL837516AA,ENJb26549218d14BR
PNL644817AA,ENJc314e14747b3BR
PNL686142AA,130364793
PNL537954AA,ENJ83e6cc506916BR
PNL684791AA,ENJ2fbebce54424BR
PNL974483AA,ENJ7efd21094123BR
PNL877599AA,474200617
PNL421208AA,ENJ271b91ef7265BR
PNL830462AA,ENJ2bb995db458aBR
PNL166122AA,368819048
PNL679549AA,509436445
PNL974503AA,ENJ670075a2bfbaBR
PNL628823AA,ENJcdde9db11368BR
PNL704835AA,476213178
PNL693143AA,ENJcf41d71524a8BR
PNL921327AA,ENJ46c478015288BR
PNL672663AA,ENJ78cf35f0856eBR
PNL683527AA,657734040
PNL415487AA,ENJ8cd0bcc8ac73BR
PNL673773AA,426300429
PNL686115AA,ENJ1db222acf2e2BR
PNL731225AA,ENJaa79069c4a94BR
PNL887001AA,91346711
PNL678363AA,ENJe9c878957348BR
PNL830487AA,ENJ07b3ec38a679BR
PNL193929AA,ENJ8df9a8265b21BR
PNL726637AA,ENJfb1d6e23ae04BR
PNL218853AA,ENJ7a1b8817582cBR
PNL656258AA,ENJf92ce432ed90BR
PNL525995AA,591088652
PNL905304AA,ENJ3deb564851f1BR
PNL718031AA,ENJ3d767b54c6abBR
PNL864131AA,ENJ4e7f0d17274bBR
PNL909405AA,ENJcd2f5ed28a64BR
PNL847346AA,ENJ7883c38d59f2BR
PNL038251AA,ENJc1dca998bd56BR
PNL877305AA,ENJ62de720782ccBR
PNL628845AA,ENJ366cf1d31879BR
PNL299232AA,ENJ409d7bdc5127BR
PNL160618AB,ENJbdd89e180f9aBR
PNL906997AA,ENJa275898dfcefBR
PNL187376AA,ENJda83b374c6b7BR
PNL251674AA,ENJd2d29ea93421BR
PNL605455AA,ENJ5d9cd033e07fBR
PNL606311AA,ENJ48f594bbf697BR
PNL193934AA,ENJd483166ce2d8BR
PNL668278AA,ENJ1a0d5fbc00fcBR
PNL907799AA,640325241
PNL837507AA,ENJ709dab29d51aBR
PNL180004AB,998626561
PNL905295AA,576617571
PNL877306AA,ENJ726c04fd9258BR
PNL649545AA,ENJ0b9e167e0032BR
PNL838289AA,ENJd53a3af32773BR
PNL193887AA,ENJ2467526e02a9BR
PNL691032AA,ENJ57eb70b7a749BR
PNL740632AA,ENJ8430f63a9fa5BR
PNL693140AA,ENJdd3692cb59e7BR
PNL897197AA,ENJ87cf4938af55BR
PNL626889AA,ENJ8efba6b1ada1BR
PNL628849AA,ENJ25a8d98b49ecBR
PNL177063AB,ENJc0c84f1e5867BR
PNL160609AB,374114487
PNL868016AA,ENJa24eceb8cc3fBR
PNL850308AA,ENJe03d84199bd8BR
PNL874517AA,ENJ6694300c3588BR
PNL910769AA,ENJ154536834fabBR
PNL678381AA,ENJ63ebdd1732afBR
PNL855312AA,198880599
PNL174761AB,ENJ10408311315aBR
PNL202869AA,ENJc52358339c8aBR
PNL709468AA,ENJd1b73fb4124dBR
PNL664750AA,566890533
PNL864184AA,ENJcc8553a6031dBR
PNL167934AB,ENJf59d6b108e4eBR
PNL518200AA,ENJ3b5939f9d2c2BR
PNL869388AA,ENJ32bae7313fcdBR
PNL855252AA,684741409
PNL174746AB,45078301
PNL849695AA,ENJe2b60af1ab5aBR
PNL909421AA,455489469
PNL357499AA,ENJ1a8a6ff31de9BR
PNL702485AA,ENJ2efa389eae06BR
PNL654511AA,179553115
PNL974490AA,ENJbee5ec3d8981BR
PNL487596AA,ENJb501ccdeed70BR
PNL382257AA,ENJb2ce312b4d36BR
PNL664706AA,ENJfd84f93d8daeBR
PNL540275AA,ENJ1c3d0342d9ddBR
PNL014715AA,ENJ251bf56b4a95BR
PNL693142AA,123863174
PNL705587AA,ENJ56a10397f5d7BR
PNL373848AA,ENJff1de316ced7BR
PNL116720AA,ENJfc9a8c515cedBR
PNL923211AA,ENJb81a305921b1BR
PNL195938AA,ENJ20911fbaeb1eBR
PNL896255AA,ENJ539634b761c1BR
PNL563478AA,ENJfdaadfe796a8BR
PNL171789AA,ENJ9a3864d02f4fBR
PNL974434AA,ENJf491b4ea2c21BR
PNL477342AA,ENJb25110b4dd54BR
PNL182113AB,ENJbba602ac0de1BR
PNL171794AA,972809622
PNL666692AA,ENJ9a181f33846aBR
PNL674511AA,186166565
PNL686087AA,ENJ3037cf9e5abfBR
PNL896256AA,ENJc948ae74fd5eBR
PNL363637AA,ENJf33c79f23820BR
PNL649036AA,ENJ45d1b18dc132BR
PNL920808AA,ENJ7cf4b3cc73ecBR
PNL915124AA,ENJfeee30066dd7BR
PNL687277AA,561423656
PNL452491AA,ENJef3da7d22141BR
PNL637613AA,ENJ9c6dba34f36dBR
PNL622797AA,ENJb87481317e7dBR
PNL702495AA,ENJ7330c0f43036BR
PNL737945AA,ENJ04f921c844f6BR
PNL740690AA,ENJ39889391f2e8BR
PNL659095AA,285516342
PNL705549AA,ENJea36ec357b92BR
PNL098398AA,ENJ6281d9a9a841BR
PNL236816AA,ENJ149bd86b6b0cBR
PNL917121AA,ENJ51ff9da0f6c2BR
PNL691026AA,ENJ260b907c5277BR
PNL193894AA,850458698
PNL193882AA,17550521
PNL184581AB,ENJbc3ef1783a68BR
PNL600774AA,ENJ224d1f1d0cc3BR
PNL524248AA,ENJedcba91a2fc2BR
PNL435976AA,ENJaca6bc51f6f6BR
PNL664677AA,ENJ84923a4ee363BR
PNL830469AA,ENJd310d4ecda42BR
PNL014710AA,ENJd2acc96f4f92BR
PNL515726AA,ENJ4bbd54f9f518BR
PNL737969AA,ENJ1c6f8d133af8BR
PNL097980AA,ENJc84eee9c8042BR
PNL184589AB,548195353
PNL974395AA,ENJbd7e77de993eBR
PNL161653AB,ENJ0a4063f2ccfcBR
PNL885786AA,ENJ4962a91ff741BR
PNL100051AA,ENJb88134598dcaBR
PNL673080AA,720442483
PNL184571AB,362346653
PNL654534AA,ENJ126854a6cd21BR
PNL705508AA,ENJ0b277680ba55BR
PNL497384AA,ENJ50687380ab43BR
PNL172103AB,737817541
PNL974422AA,ENJab53684d7a77BR
PNL922167AA,ENJce8fda80a956BR
PNL408380AA,ENJdd3dc5a7f86bBR
PNL951573AA,ENJ7cf08296e18aBR
PNL923683AA,591181161
PNL187373AA,815547317
PNL905331AA,ENJbf3a4e30c32aBR
PNL694724AA,898736053
PNL111475AA,ENJe2a351b826e1BR
PNL710042AA,ENJf51705cf37c6BR
PNL897264AA,ENJ201541cdfc75BR
PNL661029AA,959977145
PNL632915AA,ENJe2db8db150caBR
PNL855265AA,ENJ537b2a048ff2BR
PNL206042AB,ENJ9fee1f795e47BR
PNL664805AA,ENJd67ed72cbfd1BR
PNL924241AA,359958890
PNL672696AA,ENJ4ec99ccdad26BR
PNL687297AA,725275975
PNL188606AB,863650827
PNL600460AA,ENJ44862cb1d01aBR
PNL864158AA,907775588
PNL377246AA,ENJ1f6a1a1276caBR
PNL686181AA,ENJ04fc368b7d7bBR
PNL713304AA,637378036
PNL679574AA,13062027
PNL698764AA,231631063
PNL683585AA,ENJda6a5e49dcf8BR
PNL260732AA,ENJb86f30e744abBR
PNL180009AB,ENJ767bed3b65a4BR
PNL869396AA,891194519
PNL107058AA,ENJ5908313cb824BR
PNL698740AA,ENJee12c5623ecdBR
PNL193877AA,ENJ1a6da34974eeBR
PNL974461AA,ENJ743e4bad5f2bBR
PNL425393AA,ENJ9e5616f4c836BR
PNL686080AA,ENJd64a24eb2c67BR
PNL870278AA,ENJf88494ce3da4BR
PNL705563AA,457458304
PNL664673AA,39840486
PNL698746AA,ENJ853ddcd371e9BR
PNL914805AA,279844731
PNL166107AA,ENJ68aa1c7b36e3BR
PNL387657AA,ENJd895e5ddf107BR
PNL911703AA,ENJ4b2a87d863a4BR
PNL590802AA,ENJ95a09d60635eBR
PNL869395AA,ENJd327f2a693c7BR
PNL737968AA,ENJ121af3232502BR
PNL713288AA,ENJ53b7eb74fd93BR
PNL514944AA,841592090
PNL891252AA,ENJ7a94d530cc31BR
PNL454114AA,ENJ4ee9dfe369ddBR
PNL666713AA,ENJ6f05a892e680BR
PNL626904AA,ENJ24d0d861b5a8BR
PNL666711AA,ENJ6351aa24d672BR
PNL923207AA,ENJ2b4ca85584ddBR
PNL834013AA,ENJ9249c7f63f7fBR
PNL974492AA,ENJd1de6551ab55BR
PNL683522AA,351991992
PNL184604AB,951761497
PNL747340AA,ENJc1a53c12a41bBR
PNL909415AA,ENJ54daea4e62f4BR
PNL705565AA,ENJ8eacad195eb7BR
PNL463805AA,ENJ17593f854ff6BR
PNL866961AA,ENJ567a868eab05BR
PNL289370AA,ENJa165e339b657BR
PNL849698AA,ENJe0d1e1362854BR
PNL184592AB,ENJb882b253ebbdBR
PNL497378AA,ENJ817adbab9a92BR
PNL845675AA,ENJ629c58f43ed9BR
PNL025374AA,899588311
PNL837609AA,ENJ2aba88ae835cBR
PNL244679AA,ENJ44a82c1a6cb6BR
PNL845503AA,ENJab2f4ffd6d32BR
PNL740659AA,ENJc74278de6f59BR
PNL907790AA,999884740
PNL299210AA,ENJ0abfbf5f8597BR
PNL560315AA,845568433
PNL180015AB,726579637
PNL866967AA,ENJf8ea4a14e027BR
PNL699715AA,600074390
PNL877556AA,ENJ13d08cac3247BR
PNL098395AA,ENJb4bb997fbbb8BR
PNL896669AA,ENJ353e44b5047bBR
PNL683548AA,ENJ27cd61f703c0BR
PNL869387AA,ENJbf50d59335b1BR
PNL438941AA,ENJ1e7f51eafac7BR
PNL705527AA,ENJ61fe499b8634BR
PNL699712AA,ENJd6621b72c54eBR
PNL160604AB,ENJac6756875163BR
PNL827526AA,ENJ06ff78a7edbfBR
PNL664662AA,ENJ22da13115110BR
PNL563694AA,ENJa0cb1e679ea2BR
PNL696191AA,ENJ9a4dcd262c73BR
PNL112147AA,ENJ6d18fa6c62d8BR
PNL589862AA,ENJ93edfe1361b9BR
PNL740698AA,ENJ313500ca7635BR
PNL726639AA,ENJ500ea43fbab3BR
PNL897199AA,ENJ5981819dab5bBR
PNL905318AA,ENJ2f86ff301b0cBR
PNL187358AA,ENJ426b874a82e3BR
PNL851433AA,ENJ3c5a4ea0750cBR
PNL600451AA,ENJ1622f676b572BR
PNL731224AA,ENJ529e6601cd3dBR
PNL674507AA,271341433
PNL680149AA,75144457
PNL686124AA,10211408
PNL922165AA,ENJ3803cb9f6daaBR
PNL923675AA,150016523
PNL891657AA,ENJ5cb89652313aBR
PNL454632AA,ENJcb5545fe51bcBR
PNL909430AA,118028524
PNL737983AA,ENJe525681b2d21BR
PNL661940AA,ENJ8e7c3c98f0f8BR
PNL654507AA,ENJ063f7ff00820BR
PNL299206AA,ENJ00eef26080abBR
PNL350422AA,ENJ904ca9923f73BR
PNL750386AA,ENJ00c768193251BR
PNL864119AA,ENJe8d22d5a77f4BR
PNL571587AA,ENJd0ee36f22f34BR
PNL188069AA,269322267
PNL674527AA,506416263
PNL837683AA,ENJfe1e04ed2527BR
PNL202874AA,ENJaf8da974e1a4BR
PNL709495AA,ENJ96f5a1f73724BR
PNL699751AA,ENJ86f4196523adBR
PNL897215AA,ENJ9d061ae8f1bcBR
PNL622829AA,391140976
PNL632930AA,ENJc7cee1e52890BR
PNL740692AA,405386952
PNL692716AA,303319483
PNL184697AB,ENJ9dcd00524fa9BR
PNL600792AA,ENJ40f3b9ddab26BR
PNL855264AA,783852430
PNL184696AB,ENJd70d34af268cBR
PNL884023AA,839450577
PNL172159AB,350560557
PNL731558AA,ENJ7c0b5f4b5bedBR
PNL851497AA,ENJe6226fb3015dBR
PNL731253AA,ENJ3d2d8a8c9b4dBR
PNL632911AA,ENJ2f9ff215ba72BR
PNL920849AA,ENJe13841f25501BR
PNL750438AA,85123321
PNL909472AA,681078086
PNL974438AA,ENJ3637d72ef7a4BR
PNL363638AA,ENJ3332ecbbe24bBR
PNL737921AA,ENJ1f8e8d419dc1BR
PNL216809AA,ENJ6c50d7aa36e0BR
PNL596142AA,ENJ37b326a8dc65BR
PNL661011AA,916995409
PNL866982AA,ENJ296a62de6c8bBR
PNL626888AA,ENJf21b0b75957aBR
PNL750414AA,ENJd71bb3ee0704BR
PNL661020AA,ENJe1fdd2bfea5dBR
PNL399653AA,ENJb779127aba78BR
PNL188792AB,604362236
PNL537311AA,ENJ1197c3c65702BR
PNL184555AB,ENJ4c6fcae463b6BR
PNL847854AA,ENJe9bbee2a94e2BR
PNL891274AA,458343732
PNL869371AA,430724502
PNL955044AA,ENJ7d3f73ffc03aBR
PNL098830AA,ENJ5b9383ad5d3dBR
PNL702479AA,ENJ2a8b09264e03BR
PNL849686AA,ENJ2b7b3b8d51f4BR
PNL747375AA,ENJbaff10d2288dBR
PNL892220AA,ENJ866821ccc5e8BR
PNL686102AA,ENJ84d86054e178BR
PNL896223AA,920761202
PNL692681AA,ENJ3efb1586e3cbBR
PNL193918AA,573297580
PNL686128AA,ENJ320c9ad9be8eBR
PNL596141AA,ENJ3b33ac8a7b3fBR
PNL740646AA,ENJ12bb18217d91BR
PNL165013AB,325221891
PNL596147AA,72874317
PNL527346AA,843119931
PNL885799AA,564625753
PNL845703AA,ENJ9d634027ea0dBR
PNL845669AA,ENJd4b341ca2046BR
PNL598970AA,ENJ4a4431417d70BR
PNL922613AA,ENJbfee516ff3f4BR
PNL891665AA,ENJ168536e4340bBR
PNL672692AA,ENJdd4aa90a09b0BR
PNL084515AA,ENJcc5c0f5e7803BR
PNL830455AA,ENJfc5e18cf6506BR
PNL542039AA,ENJ47aec538f9d9BR
PNL914779AA,ENJ4a8f6b7530d8BR
PNL527361AA,ENJbf390d15ec6cBR
PNL202823AA,ENJ9410ff25b946BR
PNL174735AB,333501241
PNL664699AA,30618758
PNL408386AA,ENJ130275cf18baBR
PNL686168AA,ENJdd8115e14d05BR
PNL661923AA,ENJ78c514e10416BR
PNL084029AA,ENJee441efe2272BR
PNL747432AA,ENJ63341731ef1aBR
PNL705550AA,727557199
PNL909440AA,143597397
PNL974448AA,ENJ6f32a76252afBR
PNL628836AA,ENJcf9699bf1a2fBR
PNL140581AA,155346932
PNL383354AA,ENJ26eb2a877b7eBR
PNL845705AA,ENJ4a5a94b73de4BR
PNL193917AA,200299099
PNL745671AA,629377192
PNL732543AA,939711193
PNL675494AA,ENJ954bf0d1e3a3BR
PNL847853AA,ENJaf279cd12d2cBR
PNL838294AA,ENJ54579c6786d3BR
PNL560321AA,ENJ66d5e72be5a9BR
PNL864101AA,356122266
PNL042817AA,671476486
PNL891648AA,ENJ2719fdaa4018BR
PNL098832AA,ENJb61299fb2cf1BR
PNL699676AA,ENJ78254055db95BR
PNL182097AB,ENJ59abb3833cfaBR
PNL803731AA,ENJ79b002762133BR
PNL026582AA,977285845
PNL683536AA,ENJa6467d191f50BR
PNL837533AA,ENJcfd08a6f21b3BR
PNL676271AA,ENJ206a2c50eb01BR
PNL628853AA,ENJa0d879a4ce54BR
PNL421207AA,ENJ6204cd934365BR
PNL914794AA,108432071
PNL868847AA,ENJ50becc19add7BR
PNL092056AA,ENJ3ca547c8c553BR
PNL910018AA,78957643
PNL026581AA,ENJ508226a50ccbBR
PNL955042AA,ENJ2a4420344b39BR
PNL364709AA,ENJe34c4e823525BR
PNL151542AB,603868354
PNL388181AA,ENJ2748fe6d3522BR
PNL042828AA,936099354
PNL664757AA,ENJ895eacacebc8BR
PNL628925AA,ENJ3d2be1c47cf8BR
PNL632912AA,ENJdf073fc0e212BR
PNL183635AB,ENJ51abd22292e3BR
PNL920293AA,742143351
PNL629663AA,ENJ8b3e0909489fBR
PNL879200AA,ENJ5e06e7a6f480BR
PNL190588AB,ENJca9443d38456BR
PNL470893AA,ENJ366e4285a4d0BR
PNL718074AA,ENJ77bf721066a5BR
PNL740716AA,391531409
PNL913233AA,ENJ4bd62ec48158BR
PNL537951AA,ENJf2480931c334BR
PNL745663AA,ENJ5c868f01524cBR
PNL732561AA,510979136
PNL870272AA,113219014
PNL171790AA,ENJ0a9f8db0abc7BR
PNL104515AA,ENJc38f042f57dbBR
PNL203171AA,ENJ5f99b57c6310BR
PNL188733AB,ENJcfc6a1623d02BR
PNL586731AA,243359943
PNL714850AA,ENJd1e3712cceb7BR
PNL202812AA,ENJf7cd8ed41e46BR
PNL590810AA,ENJb324ebb8244fBR
PNL628822AA,ENJ6439330b9ea7BR
PNL153966AA,70735948
PNL383353AA,ENJe70d0b967514BR
PNL628816AA,ENJ6244ab622079BR
PNL836231AA,ENJ732f95c9515aBR
PNL686156AA,ENJa8f772bbb08fBR
PNL546342AA,ENJ7138caf8ba51BR
PNL837525AA,ENJe33f20e9fe98BR
PNL661934AA,ENJda15c08903f7BR
PNL920810AA,807310007
PNL683517AA,ENJ9d643c4a276cBR
PNL838288AA,ENJ86dd46530f54BR
PNL099378AA,ENJ53c16d9390d7BR
PNL887097AA,ENJ109ef25a8683BR
PNL084033AA,ENJc547ac2fd22eBR
PNL680158AA,ENJdac5f935b805BR
PNL897164AA,ENJ4a03a88db910BR
PNL897212AA,ENJ5c30fb9662f1BR
PNL487484AA,ENJ2037a567b8d2BR
PNL171787AA,436435609
PNL596134AA,814773039
PNL661936AA,374852902
PNL084016AA,ENJd799fa958a93BR
PNL373847AA,ENJa681395c7b2aBR
PNL219171AA,ENJe1274ee286dbBR
PNL891660AA,ENJ27c7324c9b76BR
PNL537327AA,ENJ1ccf30594bb9BR
PNL661938AA,699115359
PNL724579AA,751971749
PNL847841AA,ENJ819acb60a8d8BR
PNL435975AA,ENJf4aba94d7daaBR
PNL182096AB,ENJfc576cf64470BR
PNL870286AA,ENJce529e15ec22BR
PNL882612AA,753871648
PNL705593AA,ENJ48b911e7056bBR
PNL098403AA,ENJ4ce208ee1dc7BR
PNL664704AA,ENJ95c757063f55BR
PNL690666AA,ENJ631b4b0c23caBR
PNL654509AA,ENJ59437b26c4ccBR
PNL855189AA,ENJ7273eda7d0c1BR
PNL737974AA,475167897
PNL295701AA,655152629
PNL851436AA,557905331
PNL845712AA,ENJ4243df7cd380BR
PNL188725AB,986580573
PNL410974AA,ENJ3c25d3cbd32fBR
PNL833973AA,ENJcefd4d46df41BR
PNL924205AA,565895544
PNL106811AA,ENJf602b404f3b1BR
PNL161662AB,259208257
PNL648257AA,ENJf51d732310dbBR
PNL452492AA,ENJc72b95b409e5BR
PNL866971AA,ENJ781045e380daBR
PNL042823AA,ENJe9900ece3a3eBR
PNL454623AA,ENJ80eaafd7c495BR
PNL182098AB,ENJ0bb217ff9f5fBR
PNL477346AA,ENJ43569cd9e3ffBR
PNL855229AA,273949790
PNL190556AB,ENJ0eb741cb8001BR
PNL686088AA,ENJ9e3241910a06BR
PNL166123AA,707890661
PNL879159AA,897425101
PNL974481AA,ENJ11327d84e9a5BR
PNL105335AA,ENJ7acb316cac8cBR
PNL650618AA,ENJc193b348c7adBR
PNL868827AA,7242812
PNL909417AA,ENJ087f8f29116dBR
PNL699713AA,964139685
PNL909453AA,ENJ879b22ceaca5BR
PNL106840AA,ENJce7051991f35BR
PNL726707AA,ENJ5656d4703c92BR
PNL098453AA,ENJ0ae1f743eeedBR
PNL188813AB,ENJ94c68bc051ebBR
PNL922188AA,ENJ5eee1c8f4c36BR
PNL628886AA,ENJ476435f4f020BR
PNL698786AA,ENJd776d479c90eBR
PNL586746AA,936623407
PNL704846AA,ENJc9b9e1dbfd6aBR
PNL849704AA,ENJeef7a891ed48BR
PNL296590AA,ENJ337cdba87578BR
PNL160019AB,848517405
PNL837649AA,ENJfb084a592484BR
PNL619100AA,ENJbbdc03b6d6a2BR
PNL150679AA,955866792
PNL668302AA,717862491
PNL851451AA,18929017
PNL645551AA,ENJ664f0d040935BR
PNL696204AA,ENJ37d07e21ae3fBR
PNL684113AA,16855547
PNL864132AA,472994970
PNL877558AA,ENJ4af88d71d03eBR
PNL668284AA,ENJ1524a84b59d6BR
PNL855197AA,ENJ6dbd33952eb7BR
PNL845496AA,ENJ7ca4682ad263BR
PNL725254AA,239769997
PNL683512AA,ENJb0d4f7d3f9a2BR
PNL605457AA,ENJb34756ed058fBR
PNL906994AA,ENJc28d33a1eb57BR
PNL112134AA,ENJ09f6d071e63bBR
PNL681006AA,ENJ67aec1932880BR
PNL731226AA,ENJ1a0177427606BR
PNL084047AA,ENJ847e07731e4aBR
PNL704827AA,ENJac9502d0330aBR
PNL471837AA,ENJaf7e78ecb730BR
PNL683545AA,ENJ46cb0d929a9fBR
PNL704831AA,ENJ54afdeb04a81BR
PNL896234AA,ENJ16cbf897d0b8BR
PNL515729AA,ENJ248c21d812d1BR
PNL974495AA,ENJ5fe1f0ce551aBR
PNL830470AA,ENJ94446e66929dBR
PNL193916AA,356389599
PNL133502AA,ENJ0d3eb5f630d0BR
PNL687631AA,ENJe633a4672019BR
PNL838293AA,ENJcecbab7e5af2BR
PNL167945AB,ENJ7654fa76a6feBR
PNL425396AA,ENJdae6753af642BR
PNL145498AA,ENJ4afa0cd7c674BR
PNL897156AA,456645423
PNL182440AA,921727460
PNL414155AA,ENJ2aaf6e59843dBR
PNL184612AB,ENJf886882be8b8BR
PNL914787AA,180723604
PNL845694AA,ENJ97470f86d565BR
PNL732532AA,ENJa21931ce47e8BR
PNL408388AA,ENJ4fca38878a7bBR
PNL160610AB,ENJ3f88d9c4667dBR
PNL713287AA,ENJ80c55f31cca5BR
PNL897207AA,ENJ4f89a138ea46BR
PNL876040AA,ENJ5cae27e0fc40BR
PNL924211AA,ENJfb48b77a52f0BR
PNL747437AA,556150110
PNL855244AA,ENJf9669db4da75BR
PNL974477AA,ENJe8baf5cb93cdBR
PNL649032AA,ENJ7fdec67c7b8bBR
PNL180019AB,ENJ52cc15519e44BR
PNL188067AA,ENJebfdec109d1fBR
PNL909403AA,ENJd6ab6452d6f2BR
PNL184583AB,ENJ68774509092bBR
PNL256951AA,ENJ68a9296fe69aBR
PNL668283AA,ENJ10079d6dcd07BR
PNL187377AA,ENJ1fe1123077d8BR
PNL171782AA,ENJ002f701dc6c4BR
PNL148351AA,ENJ92359684184dBR
PNL470887AA,ENJ2c3bbe30e7f0BR
PNL026606AA,ENJd53fc967554cBR
PNL174737AB,394131651
PNL186323AA,ENJ43242911b661BR
PNL540270AA,ENJc1967171a454BR
PNL833978AA,ENJe6df25a3dfc1BR
PNL026588AA,ENJe8ba819fbb44BR
PNL836238AA,ENJ26d151513e08BR
PNL654510AA,ENJ2ebaec831af5BR
PNL845697AA,ENJ96f5951c154dBR
PNL545450AA,ENJ063f9493ed6dBR
PNL955045AA,ENJ3454a649741eBR
PNL487480AA,ENJe81021456664BR
PNL705570AA,ENJcfc13ccd0e79BR
PNL726643AA,471895296
PNL586733AA,ENJcd5606497022BR
PNL887080AA,ENJba0183424f9eBR
PNL702491AA,ENJ064de903c4f8BR
PNL251668AA,488410816
PNL747389AA,36871841
PNL974413AA,ENJae5b7a9493bcBR
PNL869381AA,ENJe5c3954334b0BR
PNL740655AA,446756554
PNL244681AA,637897948
PNL559474AA,ENJ2ec7930749f0BR
PNL637616AA,ENJeabd6e0fff77BR
PNL664703AA,ENJa7fa96a4e097BR
PNL487485AA,ENJd7402bd44c4cBR
PNL668293AA,ENJb0da0ddc2ef3BR
PNL098828AA,ENJ5eabf0674801BR
PNL097995AA,ENJ389120897948BR
PNL913254AA,ENJa2f0e4f95af8BR
PNL003453AA,ENJda2aebb224cfBR
PNL381477AA,ENJ5e2ca52ebeacBR
PNL059270AA,ENJ5ebfd0d4ebc8BR
PNL974464AA,ENJc87453dad102BR
PNL836237AA,ENJ207382a6b2e7BR
PNL705516AA,105212317
PNL920297AA,ENJ96b18c8839afBR
PNL896303AA,ENJ05407dded737BR
PNL731552AA,ENJ98ec6c43b4d9BR
PNL537344AA,ENJ7907a32e5e45BR
PNL648273AA,ENJ893dfad7ff23BR
PNL575265AA,ENJfab924e9776fBR
PNL692719AA,ENJ6f48502b115cBR
PNL151536AB,ENJ29a2c7054765BR
PNL039632AA,682803316
PNL919752AA,559993081
PNL847866AA,ENJff4acb166676BR
PNL497397AA,ENJ4b67c009906dBR
PNL084070AA,ENJ87ce8fa7c52dBR
PNL683615AA,ENJb3eb89d4b9f7BR
PNL885809AA,182485104
PNL147057AA,538641030
PNL543826AA,ENJ006289be149bBR
PNL696200AA,ENJ5f15595d642aBR
PNL622809AA,425830383
PNL747438AA,132619492
PNL167947AB,ENJa1052797ecb8BR
PNL630574AA,ENJ171e16e6b841BR
PNL473787AA,ENJc9af90f46e25BR
PNL183051AB,ENJ1c31a3781832BR
PNL666735AA,ENJ2972b3e657d8BR
PNL910743AA,122134671
PNL003451AA,813403836
PNL864100AA,688135267
PNL425394AA,ENJ63432ff2c005BR
PNL698758AA,ENJbca01496bf3aBR
PNL747412AA,ENJd8bf21fa1b4cBR
PNL920829AA,ENJ2cd524813ab8BR
PNL851425AA,ENJ1b68ede57917BR
PNL202825AA,528019997
PNL628838AA,ENJ421ffa95a6c3BR
PNL869390AA,ENJ2fcdab3b900bBR
PNL666684AA,ENJ3ab7d953b288BR
PNL877294AA,821197907
PNL694721AA,ENJf08b5d7d725fBR
PNL435977AA,ENJ565d77f2d22eBR
PNL847358AA,ENJ931c82904195BR
PNL527344AA,ENJefedde55b4efBR
PNL543810AA,ENJ03993dd44899BR
PNL974488AA,ENJ143259a72e68BR
PNL668274AA,ENJa74efdf6cdffBR
PNL845684AA,ENJ830fa9ba7113BR
PNL190555AB,ENJ3f852a8aeec4BR
PNL910748AA,ENJec95a03ad983BR
PNL606321AA,62589028
PNL525996AA,902468258
PNL204508AB,ENJfefec21565c6BR
PNL537305AA,ENJ1739ff8993d2BR
PNL891255AA,ENJ377b42f7bc95BR
PNL694060AA,ENJ851df4cf92f4BR
PNL102668AA,ENJ4bb6c38b5010BR
PNL458242AA,ENJ64339c975841BR
PNL514980AA,ENJ2f4bf6661aa3BR
PNL232589AA,ENJ015e79d7d6f3BR
PNL830488AA,ENJce81d458da22BR
PNL514967AA,ENJ35dedfb7df18BR
PNL684099AA,ENJ862dbf750e17BR
PNL737957AA,ENJ20c54ac04d6dBR
PNL605456AA,ENJ598caddc380dBR
PNL906214AA,ENJ32e4d500a4b2BR
PNL855201AA,ENJc9175924cf7dBR
PNL745667AA,ENJa997287596a4BR
PNL855249AA,ENJb1ae4893c914BR
PNL924200AA,ENJ1f8ddcfa3c4dBR
PNL868867AA,ENJaa4883a54f43BR
PNL654513AA,ENJ70561d8d1e56BR
PNL698722AA,ENJ9f7fd7244762BR
PNL424164AA,ENJ31bb69588b28BR
PNL605460AA,ENJ9dc4f1dd59dbBR
PNL518198AA,573908993
PNL666678AA,ENJ38ea69782522BR
PNL183589AB,ENJb9520c9ce717BR
PNL151506AB,ENJ43d81f621f44BR
PNL650610AA,ENJc56c1f13b89eBR
PNL454121AA,ENJ3d233e40f1b9BR
PNL537313AA,ENJf5f7cb355b1bBR
PNL525999AA,ENJcfa0368ec892BR
PNL855225AA,ENJf38ccae8b627BR
PNL830437AA,ENJ014d70070768BR
PNL915128AA,ENJ21a7c56f041eBR
PNL638280AA,ENJ6395fb95d86aBR
PNL648238AA,ENJd6b998c71cf0BR
PNL694059AA,759043923
PNL516625AA,ENJf87f1b20ea68BR
PNL726649AA,472315401
PNL193920AA,ENJfc7d31bae2a3BR
PNL082365AA,ENJc60c9b433805BR
PNL666671AA,132771074
PNL672694AA,ENJ3f26fcac5701BR
PNL679551AA,ENJc6260ac23690BR
PNL675500AA,ENJce5959f510e3BR
PNL184608AB,ENJ8808b27c05e7BR
PNL891658AA,ENJd5245b55ac54BR
PNL921597AA,ENJ86b9498cccb8BR
PNL082366AA,ENJdbc20a2d8f80BR
PNL696183AA,ENJ7346118689c3BR
PNL524224AA,ENJ84f61ed56a86BR
PNL845717AA,ENJ6fc4e27e5505BR
PNL740642AA,ENJcbf76d7e01f2BR
PNL656262AA,ENJ866c5f0d7034BR
PNL838299AA,ENJc3d9809e8cfdBR
PNL167954AB,ENJ9f5e0e18a092BR
PNL026616AA,ENJbebde491b94eBR
PNL974478AA,ENJ9d730fb06ffdBR
PNL524226AA,ENJae089e503ab2BR
PNL431603AA,ENJ1fc39bf563c1BR
PNL183598AB,ENJ10aa0ffbe2e2BR
PNL683629AA,915146316
PNL693177AA,ENJb02d3b47a016BR
PNL537338AA,ENJb0c405071a1bBR
PNL470894AA,ENJ48ff67593fb7BR
PNL907809AA,ENJc86ebf25fcb1BR
PNL681008AA,754643777
PNL676302AA,570937192
PNL713307AA,ENJc6a8bf201b66BR
PNL382259AA,ENJ4a538c056f4dBR
PNL628862AA,ENJ8c7827900c59BR
PNL666752AA,ENJ00f041196595BR
PNL193878AA,582244693
PNL891654AA,ENJd655f8a4a8a1BR
PNL713292AA,ENJ7b578ba303dfBR
PNL664683AA,ENJ888e6fff04b8BR
PNL622792AA,ENJ8a56679005beBR
PNL296577AA,ENJd785753aebdeBR
PNL626900AA,ENJ60b2f4b08cd9BR
PNL664649AA,ENJc3f2710c29b3BR
PNL887086AA,692582157
PNL160627AB,33452846
PNL408367AA,ENJ168559bd64c0BR
PNL098413AA,ENJab2d9a0539e2BR
PNL167964AB,ENJ9728778d2a31BR
PNL107038AA,ENJ22951ff4668bBR
PNL193810AA,ENJ059fb153d5b4BR
PNL705535AA,ENJb1e372672960BR
PNL877586AA,ENJf91a0f1a8f05BR
PNL914792AA,ENJ23a6efc1a887BR
PNL183060AB,ENJf95db5230c03BR
PNL714858AA,ENJ0fad2ae752ccBR
PNL354878AA,ENJ1fe93b0e828eBR
PNL514987AA,ENJ1a3febc9849eBR
PNL740653AA,ENJ80eba802da24BR
PNL674514AA,ENJa3ab36d5c355BR
PNL182095AB,ENJ2ba8996dc110BR
PNL650619AA,249232710
PNL868866AA,ENJ03428be8878eBR
PNL537296AA,ENJd3697fd0f907BR
PNL891667AA,ENJdc17ba7138d0BR
PNL025378AA,ENJ8aa05e69ffedBR
PNL289372AA,ENJf59b70c97522BR
PNL606314AA,378624491
PNL486123AA,ENJ8fde2592a0d2BR
PNL698717AA,ENJe100ad5f09bfBR
PNL907797AA,363849770
PNL586729AA,ENJ7952c2487d06BR
PNL680676AA,ENJ237af34fc806BR
PNL171783AA,114828242
PNL724298AA,ENJe291d6480f19BR
PNL747428AA,714442200
PNL699710AA,ENJ9b58b68289b7BR
PNL254819AA,ENJca31b1e1f403BR
PNL740638AA,ENJ9ebc524fee87BR
PNL026577AA,ENJe30545aad50dBR
PNL922169AA,81261387
PNL648241AA,ENJ5e9d834f4badBR
PNL100058AA,ENJ74dd30ba207eBR
PNL649549AA,ENJ01f41b14f980BR
PNL161664AB,ENJ82f1d7651700BR
PNL684807AA,917737361
PNL454615AA,ENJ148446b5938cBR
PNL294629AA,ENJ57edcc3d13c6BR
PNL204518AB,ENJdd90f210f5b5BR
PNL891260AA,ENJ057e9184d854BR
PNL694732AA,ENJabbe07d3fc66BR
PNL456595AA,ENJf6a2f00932e8BR
PNL830919AA,ENJec9526730655BR
PNL699704AA,30344640
PNL855247AA,ENJf3a7f7caed8fBR
PNL106828AA,ENJc95b1119e2ebBR
PNL649053AA,ENJ7f63a77a5f63BR
PNL830482AA,ENJ7e64f604026fBR
PNL837515AA,ENJc7a48bf7843fBR
PNL664675AA,ENJbe3f69a0ded6BR
PNL025387AA,ENJf422328b3546BR
PNL184611AB,230740007
PNL193899AA,5223707
PNL405157AA,ENJ5ee50de533f8BR
PNL204521AB,ENJfff83bd524e0BR
PNL692678AA,855547768
PNL183596AB,ENJ41f9ec3fbb8fBR
PNL590777AA,ENJ7606531f4b36BR
PNL025388AA,ENJc7db1b1f456dBR
PNL661015AA,ENJ5fbae074e48fBR
PNL600431AA,119924054
PNL678375AA,ENJ0e2312b14ba2BR
PNL599170AA,193501231
PNL896226AA,ENJcb29594af978BR
PNL851430AA,291938349
PNL166161AA,ENJf8cce47fac35BR
PNL605476AA,ENJdb6496c56f02BR
PNL681016AA,ENJ2337399e5bbaBR
PNL750457AA,ENJ8c55ad9923b7BR
PNL380067AA,ENJ936fe4ae0d26BR
PNL381736AA,ENJ74017c6a1691BR
PNL713302AA,636932399
PNL681018AA,ENJ7037f16ac944BR
PNL690678AA,ENJ005000fc7ffbBR
PNL664778AA,ENJa3d32155584aBR
PNL729014AA,449367243
PNL920294AA,623010376
PNL098445AA,ENJ624d5d9d29e9BR
PNL084072AA,ENJ5d191b55146bBR
PNL726605AA,ENJ63f22068125eBR
PNL680673AA,ENJf78109fa74e2BR
PNL202819AA,ENJ2c63877794a4BR
PNL869365AA,ENJ26e0aa25965bBR
PNL838320AA,ENJ9dba27e5b601BR
PNL896260AA,ENJ71a8565f71dcBR
PNL679547AA,ENJ2688abf5f7f6BR
PNL514953AA,549279884
PNL906975AA,ENJ5bc74bda84f3BR
PNL897188AA,196137482
PNL705529AA,ENJ08088769a144BR
PNL184584AB,ENJa796f3b215dfBR
PNL851437AA,ENJe8c044faa619BR
PNL637609AA,ENJ69a28aa6d72eBR
PNL527337AA,ENJ5a8e75a4aae3BR
PNL560318AA,ENJea90813aff3aBR
PNL726645AA,650408014
PNL600435AA,ENJ0f1156cbfbb8BR
PNL648247AA,ENJ72dcf94cbd1dBR
PNL855251AA,ENJ611c4cf413ddBR
PNL645526AA,ENJ9a3c6588dd3bBR
PNL649043AA,ENJ3df29f13f28fBR
PNL649551AA,ENJb806d9892bccBR
PNL672689AA,ENJdf2e972547fbBR
PNL837569AA,ENJ101b2da63833BR
PNL497382AA,ENJ9800a9e91994BR
PNL864097AA,ENJecabaf7cf4faBR
PNL582001AA,ENJ4cfe5ab8ac4bBR
PNL833990AA,ENJ546dbc1896cdBR
PNL435979AA,ENJ6cb46c18b084BR
PNL833998AA,ENJ09c5376582acBR
PNL100810AA,ENJ10b0261b19e0BR
PNL098416AA,ENJ7c7fce2c1fe6BR
PNL039620AA,ENJ3d6f51bf90d6BR
PNL622423AA,253442149
PNL649541AA,ENJ7a411face449BR
PNL107037AA,ENJ478a7ae382a7BR
PNL525981AA,ENJd3f0f0f20ec7BR
PNL907793AA,ENJ98426eaae509BR
PNL166116AA,ENJe9d321d21ec8BR
PNL869343AA,975177684
PNL586728AA,22939768
PNL682595AA,ENJf6810ee3a34bBR
PNL737981AA,ENJ6863a7726ca0BR
PNL906982AA,ENJ15c217d2808eBR
PNL955040AA,ENJ6ff5d0726662BR
PNL747338AA,ENJbf82f08d2b4fBR
PNL837509AA,ENJ144671e9170eBR
PNL705562AA,ENJc54750d829d3BR
PNL880452AA,198120558
PNL605452AA,792631544
PNL714867AA,ENJ8271c48ad79cBR
PNL747410AA,672020941
PNL495966AA,ENJ5af611d1d639BR
PNL737965AA,226899211
PNL165015AB,ENJ074723011836BR
PNL559482AA,624089162
PNL296573AA,ENJ231c7ec2c4f4BR
PNL515725AA,377617737
PNL880465AA,379096693
PNL571584AA,ENJf0848e09f9a9BR
PNL202820AA,ENJfe28166ce4a6BR
PNL664680AA,ENJebd9fa816aa9BR
PNL183599AB,ENJ85200bb9383aBR
PNL173006AB,ENJ91e6919d307eBR
PNL694728AA,ENJ65649451759dBR
PNL650016AA,ENJ30325a54f3edBR
PNL563477AA,ENJf6ddfaaa5448BR
PNL294626AA,ENJd3a93ff632e5BR
PNL830479AA,ENJ70ccea35e13aBR
PNL836213AA,ENJ01383e2d2227BR
PNL606305AA,ENJ0d2a20308e44BR
PNL527332AA,ENJab43d23cfadcBR
PNL183595AB,ENJd2b968420191BR
PNL174757AB,ENJ6e8243926935BR
PNL599174AA,ENJ10f77b11412fBR
PNL619054AA,ENJ325316545b48BR
PNL838307AA,ENJe24fe8c0b647BR
PNL637603AA,ENJabd4a3004bf6BR
PNL649543AA,ENJ98403b2b2381BR
PNL747388AA,268708175
PNL847842AA,ENJ363aecf5929aBR
PNL920282AA,770543146
PNL630590AA,ENJ7f13b13be989BR
PNL682603AA,ENJ467277a7d9f9BR
PNL599181AA,ENJ0e42d44d2871BR
PNL879154AA,ENJ9f3badc650b9BR
PNL868844AA,ENJ76da94f4d7e9BR
PNL747468AA,417113158
PNL893032AA,ENJ1374f21b0402BR
PNL692697AA,369410116
PNL014720AA,440577217
PNL747498AA,ENJ1b62498949c8BR
PNL694742AA,ENJ45b820c008b8BR
PNL710022AA,591293626
PNL160031AB,ENJ7a22fb0b4bd6BR
PNL039621AA,ENJ0796ac9b59b4BR
PNL705605AA,294453151
PNL910746AA,ENJe2665b1cbb85BR
PNL897171AA,49539527
PNL414153AA,ENJecebac120a2aBR
PNL431602AA,ENJe32358c5c4bfBR
PNL893019AA,ENJ4a99e753b8d2BR
PNL827523AA,ENJ35ac35508a2aBR
PNL684799AA,ENJc0a3047d7977BR
PNL684793AA,138422851
PNL270319AA,ENJ9fc6bd53e55fBR
PNL911698AA,ENJf26d28fcef53BR
PNL740647AA,ENJb87d02c286abBR
PNL514985AA,ENJd2866fa1e81bBR
PNL654514AA,ENJfe7471b0590dBR
PNL112149AA,ENJ3d522c89992dBR
PNL898202AA,ENJe0c2dc4b6785BR
PNL187379AA,ENJa571c6b4e5b5BR
PNL599176AA,21192471
PNL097983AA,ENJf432180109f9BR
PNL906217AA,640986805
PNL514963AA,ENJac3ab36dce6cBR
PNL451068AA,ENJdce2e8adbca6BR
PNL661742AA,ENJ6653ae79239bBR
PNL102665AA,ENJ0dab030c4f69BR
PNL919742AA,ENJa8c4cc273a67BR
PNL808007AA,ENJ84b7e6fa77f3BR
PNL299213AA,686255968
PNL877286AA,ENJ55420992488fBR
PNL098408AA,ENJc6e6c32de69bBR
PNL680678AA,ENJa6889af7dcc3BR
PNL605453AA,ENJfe39d494f2b9BR
PNL188994AB,ENJd4d4530c6f49BR
PNL698733AA,ENJ8a6297e8cc7fBR
PNL851422AA,450134142
PNL847355AA,ENJ7c7fa9df9872BR
PNL698710AA,550005163
PNL354879AA,ENJ876ee6608bc5BR
PNL902069AA,ENJ585177b3ceecBR
PNL974458AA,ENJ6caaed57c959BR
PNL693646AA,ENJ9909a6720751BR
PNL696185AA,ENJc0474becbd12BR
PNL415489AA,ENJddfc9c402a63BR
PNL188797AB,ENJd96f9ad3aebfBR
PNL236817AA,ENJe6efe6d3cf87BR
PNL686627AA,ENJa04fcac4d44bBR
PNL654522AA,ENJ79992de6371fBR
PNL837606AA,ENJ45c1557cb020BR
PNL905294AA,34200447
PNL897159AA,ENJ2afc312abaedBR
PNL527339AA,ENJ5c59ca14a125BR
PNL675495AA,ENJ3825555831dfBR
PNL837517AA,ENJ95a5499fd40cBR
PNL237979AA,ENJ7c0e2236ad19BR
PNL847826AA,ENJ9afe56145484BR
PNL415486AA,ENJ622c500ac7f6BR
PNL202832AA,633020466
PNL679567AA,229396163
PNL661017AA,411621249
PNL705575AA,ENJd49bfe22467aBR
PNL877589AA,452669521
PNL106829AA,ENJd3e87a4c8df2BR
PNL525965AA,429954143
PNL399174AA,ENJ5e02b1e1d759BR
PNL650626AA,ENJ55b5fbfce7d9BR
PNL100811AA,ENJ5410012240aaBR
PNL619046AA,ENJ6c87cb512a89BR
PNL874511AA,ENJ3748a4c37bb3BR
PNL683520AA,ENJ5d34d763ac47BR
PNL702499AA,ENJ1ea174bc367cBR
PNL299209AA,ENJ224071d05f05BR
PNL202835AA,ENJd1b107bd030dBR
PNL851413AA,ENJcda074fc1590BR
PNL514966AA,599671615
PNL847836AA,ENJ2790a18b2e6fBR
PNL693642AA,ENJdc61aaf16dddBR
PNL090492AA,ENJab872a958e8cBR
PNL629641AA,ENJed7d8bb12243BR
PNL644821AA,ENJ31dd61133b32BR
PNL678365AA,ENJa7461654909aBR
PNL845764AA,ENJe0918511c87eBR
PNL911724AA,537567115
PNL859035AA,ENJ8a830a88c9b8BR
PNL705626AA,ENJ9385f40e707eBR
PNL433815AA,ENJ9c511292f9ffBR
PNL664783AA,ENJ62847a714ec7BR
PNL729008AA,ENJdff3e64b3b56BR
PNL107045AA,ENJ2e13fd65ec15BR
PNL632939AA,ENJ9a52f993eec7BR
PNL705645AA,ENJa535be5f2196BR
PNL431604AA,ENJ25803c77f016BR
PNL837659AA,ENJe17525725aaeBR
PNL676284AA,853930701
PNL705608AA,ENJ9b14295b905eBR
PNL707498AA,ENJb7feb79255c0BR
PNL675496AA,ENJfada5677e61aBR
PNL737961AA,295767510
PNL543811AA,ENJbce57c68d9e2BR
PNL699711AA,ENJcf7f2ed7f851BR
PNL896229AA,ENJ09c179c0cbecBR
PNL636627AA,ENJ1350cac08debBR
PNL698713AA,ENJ696a48ec3d4dBR
PNL193906AA,314019177
PNL408378AA,ENJc5b602d817a4BR
PNL731539AA,ENJ25ac2138fd99BR
PNL299194AA,ENJc7ec3c0f2542BR
PNL877570AA,746824978
PNL104070AA,ENJ798415e05e13BR
PNL661009AA,ENJ49bf844e3b9fBR
PNL906972AA,ENJ0f519247a0dbBR
PNL540269AA,ENJ276559b9b07eBR
PNL563482AA,ENJ38813aec35bdBR
PNL974468AA,ENJ322f32ededb9BR
PNL628828AA,ENJebb86171135eBR
PNL737952AA,247563630
PNL869370AA,503736761
PNL646033AA,ENJ9eade10960aaBR
PNL696193AA,839292236
PNL668277AA,ENJadbdbf21e39fBR
PNL698731AA,ENJ9fa244d512d1BR
PNL891270AA,ENJ9274973b7992BR
PNL684805AA,ENJ87abf2859d3bBR
PNL527340AA,ENJc39b89c63b5dBR
PNL906957AA,ENJaa9e3ed52b22BR
PNL666688AA,ENJc6c204f46f5fBR
PNL440174AA,ENJfbf8abe00546BR
PNL537928AA,ENJc39b99a241d9BR
PNL537301AA,ENJ82aab87c2dc7BR
PNL435978AA,ENJf873d9e39f50BR
PNL686091AA,ENJ224b541df7c9BR
PNL537937AA,ENJ6acaeb46be69BR
PNL852155AA,ENJd0b96079de91BR
PNL851424AA,ENJ865deb6ebb84BR
PNL260149AA,ENJ0fa9215a7e78BR
PNL917116AA,ENJ96ca1a0edae9BR
PNL188618AB,ENJe80def58eba0BR
PNL877293AA,777682817
PNL599185AA,ENJ9c2c7ca07082BR
PNL705538AA,859589495
PNL909436AA,ENJb9cedf5ae851BR
PNL845706AA,ENJ83d6c65093d4BR
PNL724289AA,ENJe0df6ca64e27BR
PNL537318AA,ENJ4baf71f3ff93BR
PNL469058AA,ENJd7eb68fbf153BR
PNL836228AA,ENJaa9cabcd09e1BR
PNL599854AA,ENJed6290a77e41BR
PNL596162AA,ENJc9d195659590BR
PNL172119AB,582282402
PNL896253AA,676405005
PNL172123AB,ENJd1d42d2de3bbBR
PNL630580AA,ENJfd404c438899BR
PNL921619AA,502791816
PNL632904AA,ENJe0553f9cfc5eBR
PNL160021AB,975140181
PNL378284AA,ENJ2ec7e97aa424BR
PNL750355AA,ENJcea41f8ee1a5BR
PNL525998AA,ENJ2bee5806d204BR
PNL379619AA,ENJe2ce2fc39c96BR
PNL025384AA,ENJe3242967b8fdBR
PNL525963AA,ENJ01bc584d2477BR
PNL830483AA,ENJbabeceb7d2d8BR
PNL974430AA,ENJb536b18211ccBR
PNL680148AA,ENJ7e51b58c5c1cBR
PNL098824AA,ENJ49c2f591a670BR
PNL514971AA,ENJba5ed733fe84BR
PNL619051AA,189420680
PNL628841AA,ENJda2ef8487752BR
PNL827517AA,ENJ7e119a51e049BR
PNL830492AA,ENJ50374ffa44bdBR
PNL974431AA,ENJ58303d06a3f2BR
PNL218847AA,ENJf7e9a4db2c26BR
PNL456597AA,ENJ4372cb042010BR
PNL891256AA,ENJc9e6fd21a930BR
PNL514965AA,105174692
PNL299215AA,116650451
PNL861069AA,ENJe19647d98067BR
PNL681004AA,722800502
PNL838269AA,ENJa04fc1019fbaBR
PNL391418AA,ENJ2bc6b6c8fbfbBR
PNL408389AA,ENJ68254d8dcebaBR
PNL693152AA,695084342
PNL687283AA,849664022
PNL654519AA,ENJ018e81509cabBR
PNL673794AA,ENJ06a2f2f7f133BR
PNL974439AA,ENJ614d19a652e9BR
PNL596158AA,953635530
PNL206050AB,ENJ46237e85d302BR
PNL107068AA,ENJ426a784597f3BR
PNL656283AA,ENJ61e00ce091d9BR
PNL690674AA,180109328
PNL112155AA,ENJ47fa0a6d8b41BR
PNL673072AA,ENJ6f6bdb9b3d22BR
PNL697529AA,ENJ466537388d3eBR
PNL676287AA,274871667
PNL167989AB,513073622
PNL206083AB,ENJff6b2b7e2391BR
PNL686159AA,ENJ1abffe690bd1BR
PNL684107AA,ENJ20f478e51714BR
PNL218846AA,ENJb370e58a8b4dBR
PNL363426AA,ENJ89bf9e241ef8BR
PNL107740AA,ENJe38825c7d953BR
PNL537304AA,ENJfdbf822654e3BR
PNL454614AA,ENJ7a6d59827874BR
PNL837589AA,ENJd999f67a3306BR
PNL924209AA,ENJc46a841d5213BR
PNL676263AA,ENJ153f684df50cBR
PNL537931AA,ENJa0eaba191824BR
PNL905298AA,ENJ0dad897784c3BR
PNL628846AA,ENJ695a4cd9b809BR
PNL289369AA,ENJ132d96367ae5BR
PNL698730AA,ENJe7eb7c2bfe93BR
PNL882366AA,ENJce1536a82e8aBR
PNL649057AA,ENJ8bc11026b456BR
PNL599183AA,ENJb2e07938c2fdBR
PNL702490AA,ENJ128b6643faacBR
PNL855181AA,571759609
PNL724586AA,ENJda3f9f3e2761BR
PNL160619AB,ENJb6370b845d91BR
PNL705545AA,ENJdcd16a857bbcBR
PNL868008AA,ENJ56a8f513884bBR
PNL891655AA,ENJb7c18bb54e1dBR
PNL153965AA,ENJb5cc10d750f7BR
PNL896241AA,519463116
PNL693136AA,ENJ6eca6fcf34cfBR
PNL725256AA,ENJ5b73651daac7BR
PNL188658AB,ENJa5ba010e189fBR
PNL026607AA,ENJ9abafc7e1e38BR
PNL626899AA,ENJcccb4bc8815eBR
PNL747447AA,ENJ4f658a7da94dBR
PNL955047AA,ENJce2b82612326BR
PNL923682AA,ENJa9a5ae1671baBR
PNL165430AA,ENJa03e7c9ec12dBR
PNL666669AA,ENJ6644875ae055BR
PNL747396AA,635161332
PNL236813AA,ENJ76fccd7ac1ffBR
PNL106805AA,ENJ9ce7ead60d08BR
PNL896227AA,ENJb2ee11fa911fBR
PNL524223AA,ENJd3da8f1c0968BR
PNL632901AA,ENJe89276272226BR
PNL837511AA,ENJ77e94f918f9fBR
PNL626895AA,ENJe77660f753acBR
PNL709479AA,ENJ805dbf24ea38BR
PNL543816AA,ENJ268fe15d0dd0BR
PNL837583AA,ENJ595c65c4fce6BR
PNL830493AA,ENJ0db0b3eee5e0BR
PNL726631AA,ENJbc396a02651fBR
PNL106812AA,ENJc34e6fc5654eBR
PNL866974AA,ENJd1db518ca8f4BR
PNL381481AA,ENJc7973de07960BR
PNL705555AA,ENJ6338ca4ea58aBR
PNL974444AA,ENJ36bd5541f8deBR
PNL435980AA,ENJ06b35dbeab31BR
PNL664701AA,ENJ6585b799216eBR
PNL540257AA,ENJ4c74dc746519BR
PNL251221AA,ENJba9367c478e0BR
PNL183058AB,209674751
PNL974463AA,ENJf318f6ffa982BR
PNL707495AA,ENJ95b6d5839eefBR
PNL673791AA,914907804
PNL645533AA,ENJc267cb67802fBR
PNL690668AA,ENJebc60d4fa26bBR
PNL726638AA,ENJ947d39c1dc9fBR
PNL410964AA,ENJ955ee844039fBR
PNL687303AA,ENJ80d95a624107BR
PNL107030AA,ENJb207bfe97214BR
PNL190557AB,ENJ425125907138BR
PNL098422AA,ENJba525df0db1eBR
PNL628827AA,ENJ7c333fb3daafBR
PNL598959AA,492893684
PNL661944AA,570942553
PNL705540AA,ENJ75acfd5a7e1bBR
PNL160607AB,ENJe85a57f176f8BR
PNL906988AA,ENJ966f54347c18BR
PNL542052AA,ENJ5fa2f4e904deBR
PNL705581AA,ENJ1a2ac592aa29BR
PNL880462AA,ENJ9aca35c06150BR
PNL909406AA,732925485
PNL726623AA,111569516
PNL654531AA,363497647
PNL525949AA,ENJ742183410322BR
PNL084522AA,ENJf5c279dd715dBR
PNL955043AA,ENJ002fbd4e676bBR
PNL879169AA,608086518
PNL111497AA,ENJ0c254001b4efBR
PNL171207AB,ENJca75788cc52eBR
PNL160662AB,ENJb9203834e736BR
PNL920826AA,111150183
PNL416944AA,ENJ4c4dc6958d0cBR
PNL659115AA,ENJ4f9aea0836bdBR
PNL674539AA,399895943
PNL905339AA,ENJ44be0c89eebaBR
PNL866949AA,ENJb01f49e134cfBR
PNL731542AA,ENJb2f0eeb83031BR
PNL599184AA,ENJb2ac34ffd348BR
PNL974482AA,ENJ09f06e8a0f66BR
PNL218856AA,ENJac728ae7ed59BR
PNL540256AA,ENJ304dde70d53aBR
PNL686160AA,ENJ212f2d5f78b9BR
PNL090497AA,ENJ815f1a4ea204BR
PNL160616AB,ENJe8e5c233a94aBR
PNL026583AA,ENJ509bb7c5e196BR
PNL827520AA,ENJfef2b58f10e0BR
PNL527353AA,ENJ33430b61f500BR
PNL216821AA,ENJba630600b09bBR
PNL673772AA,ENJ816bec60be97BR
PNL138771AA,ENJd7046c9350bcBR
PNL416934AA,ENJ9c900123e680BR
PNL920803AA,297027867
PNL582000AA,ENJc40fbfac02a9BR
PNL699694AA,412770660
PNL838278AA,ENJdced282b4e92BR
PNL666694AA,ENJbc18ff017c5eBR
PNL666716AA,ENJb64916d060b2BR
PNL575253AA,ENJ9f1cdaa1caacBR
PNL923202AA,ENJ4c6877e20c9aBR
PNL892232AA,ENJ5ddef8c40398BR
PNL855226AA,ENJabf992de996dBR
PNL649045AA,ENJ51b67596bcb4BR
PNL974426AA,ENJe8c5c450d262BR
PNL424168AA,ENJ9d17f7993e91BR
PNL866990AA,ENJ115b12af6bbaBR
PNL673082AA,ENJ18c11d640d64BR
PNL183600AB,ENJf2f82a18d9c5BR
PNL454644AA,ENJ147529767c53BR
PNL740636AA,ENJ4233784a5d95BR
PNL661008AA,ENJ02aa7ccb1f72BR
PNL299217AA,483174927
PNL537299AA,ENJab9d764d75cbBR
PNL257374AA,429080304
PNL845726AA,ENJ5e6bb729b9c6BR
PNL676247AA,ENJd3b2efd02545BR
PNL897211AA,177761137
PNL914797AA,ENJ9d8477eb19e4BR
PNL682601AA,343559532
PNL237981AA,ENJf20c1938301eBR
PNL866998AA,ENJ6b97ba5ceb6eBR
PNL160628AB,ENJbfd5b43aa3f7BR
PNL084525AA,ENJce639db8b364BR
PNL645537AA,ENJ1cbb85e1bc47BR
PNL218854AA,ENJb489918ce179BR
PNL920828AA,ENJa9db4df6fbaaBR
PNL855240AA,522268132
PNL296572AA,ENJ7896bf23274fBR
PNL169358AA,855064980
PNL486096AA,ENJa517671ce423BR
PNL697522AA,ENJ21918db3af6cBR
PNL527338AA,ENJ17f7f33aee9dBR
PNL415492AA,ENJ80cd9255186eBR
PNL184619AB,ENJac771bd25236BR
PNL446748AA,ENJ8e4f6b0900e4BR
PNL619084AA,ENJ4bae0cb9140aBR
PNL922616AA,ENJ701da0c8d90fBR
PNL682602AA,ENJ67d027477a2eBR
PNL910732AA,ENJc101d8a66333BR
PNL679572AA,ENJf32f2ed78eb0BR
PNL830485AA,ENJ16b9b891407bBR
PNL851421AA,723395393
PNL540258AA,ENJ15b7a4e1f52bBR
PNL698725AA,ENJf10aa3f0b792BR
PNL629650AA,ENJ1756b30ec9a1BR
PNL452493AA,ENJ4bdf5725b627BR
PNL649058AA,ENJ3028df83d851BR
PNL391420AA,ENJ60391bce3668BR
PNL974398AA,ENJfb3769b26c6fBR
PNL590792AA,688155024
PNL905315AA,206970519
PNL167942AB,ENJ60115f11ebbfBR
PNL160006AB,963755486
PNL167967AB,ENJfbe4e9c713b4BR
PNL666709AA,132542523
PNL702503AA,ENJb626364f36faBR
PNL354884AA,ENJddbbb0f4bc45BR
PNL082364AA,ENJfe1f0d15082cBR
PNL537297AA,ENJf2c646a63abcBR
PNL524262AA,ENJec1ea1da47d2BR
PNL699768AA,ENJ84fcd1a9f6bfBR
PNL845805AA,ENJc08bb267c15eBR
PNL845757AA,ENJ2b1fbc040928BR
PNL882392AA,ENJ856fdaf9b033BR
PNL410993AA,ENJ6b0a6fc9ccb5BR
PNL683566AA,ENJ580e4071a2d0BR
PNL160643AB,144530233
PNL726664AA,ENJa61c55a51601BR
PNL622436AA,ENJb229d06d23fdBR
PNL545487AA,ENJ62c5488ace8fBR
PNL179040AA,ENJ0c1c37a3688dBR
PNL153971AA,ENJ7a5840d2b780BR
PNL151514AB,ENJ12fd1424842dBR
PNL905348AA,245560140
PNL740717AA,ENJc5d7b272a69fBR
PNL256960AA,ENJ129c803cb8dbBR
PNL851473AA,ENJe093fb59f840BR
PNL014731AA,ENJca9153273bd7BR
PNL714843AA,ENJ1cb24ce4bfcbBR
PNL713283AA,ENJ49df965d009eBR
PNL525976AA,ENJ5b95955fb4b4BR
PNL855214AA,ENJeae3715ad480BR
PNL099377AA,ENJf1683f026d93BR
PNL837505AA,ENJ43fcea15597fBR
PNL628857AA,ENJf9e13407a029BR
PNL852144AA,944665172
PNL184585AB,ENJbee74259393dBR
PNL864106AA,ENJeae0cb6c04feBR
PNL172104AB,52799886
PNL702484AA,ENJ4f158b6d9e9dBR
PNL619032AA,ENJ1025d4d8e095BR
PNL619030AA,ENJ33ac704dcda1BR
PNL650627AA,190383997
PNL202830AA,ENJ1a8d544ae3e5BR
PNL697515AA,ENJ2def5f097f69BR
PNL705548AA,ENJ420e6d22fecdBR
PNL098409AA,ENJ3add19b6136eBR
PNL599180AA,ENJ41bec371df7dBR
PNL870281AA,168284583
PNL830928AA,ENJ20dc02d14a97BR
PNL202821AA,12710337
PNL836239AA,ENJa5aad7472584BR
PNL410969AA,ENJ919b6b5eebdfBR
PNL202826AA,ENJ4f62d15e1bddBR
PNL698739AA,ENJc066e030bf45BR
PNL849687AA,ENJ03664512450aBR
PNL672677AA,256814491
PNL187359AA,ENJ7fbc04467bf0BR
PNL897176AA,ENJ70310806bcccBR
PNL560317AA,165830657
PNL632893AA,ENJ2bc24c4e1d80BR
PNL855237AA,ENJ47d547a936dcBR
PNL575254AA,ENJ1190024d34e8BR
PNL837532AA,ENJfba1112c2cf0BR
PNL098837AA,ENJ5d9f091d998aBR
PNL471863AA,ENJe27d5e2e7742BR
PNL705603AA,ENJ6c1637a27c51BR
PNL897204AA,ENJb2c86dd5f993BR
PNL905310AA,ENJbd98ed53e4fcBR
PNL672672AA,ENJ3edd879b4a0aBR
PNL837549AA,ENJ34406113d6b3BR
PNL133083AA,ENJ76eb50a17361BR
PNL740648AA,ENJ7bbd30fb9191BR
PNL921321AA,ENJa0a90d06482aBR
PNL836227AA,ENJ216a98765eaaBR
PNL227699AA,ENJ4f036c63f80dBR
PNL236811AA,ENJ95eec634b8ceBR
PNL750416AA,ENJ0d9872b6a772BR
PNL526000AA,ENJ969cf708ac64BR
PNL025380AA,ENJ65a3da21242aBR
PNL206012AB,ENJ3d1c68c22ae9BR
PNL737949AA,ENJ59bba29bd811BR
PNL537950AA,ENJ1c5a4b68f36cBR
PNL855239AA,ENJ36ae9d1e2110BR
PNL830499AA,ENJ5605b9eb39c4BR
PNL138768AA,ENJ711373fd7083BR
PNL851420AA,354513595
PNL686125AA,567408463
PNL855248AA,ENJ197cd503debeBR
PNL686103AA,ENJ11daa77ce6c0BR
PNL740631AA,623188086
PNL691028AA,ENJ505b8ddb4745BR
PNL877304AA,ENJ4b5fc9f77a3bBR
PNL563691AA,ENJb1daba389f7dBR
PNL169356AA,ENJ5584edf19037BR
PNL458239AA,ENJe19dd2d829e4BR
PNL877604AA,ENJ945071fb2a54BR
PNL699738AA,ENJe460c50769bcBR
PNL682596AA,380814697
PNL718007AA,594213899
PNL698738AA,ENJ274eee989cc2BR
PNL202816AA,ENJ5b3e686e3b50BR
PNL270332AA,ENJ55935dfdeff9BR
PNL105344AA,ENJ6d7f5c5bd439BR
PNL851484AA,ENJde300a231c18BR
PNL699741AA,698912564
PNL702990AA,ENJe4f7b1049576BR
PNL913527AA,ENJ915ba0665b67BR
PNL107077AA,ENJf47e0fb0a723BR
PNL702971AA,509551468
PNL151603AA,ENJfab383465ae6BR
PNL596159AA,323451333
PNL454128AA,ENJf906fc0c67a4BR
PNL640665AA,ENJ2bdc4ad8311dBR
PNL845770AA,ENJ17757f0fb781BR
PNL605477AA,ENJ275b92bf0835BR
PNL845759AA,ENJf7f90e427d5fBR
PNL193970AA,359038188
PNL543830AA,ENJ6986839c67d0BR
PNL676275AA,ENJc0566806004aBR
PNL545433AA,ENJ2bec01375fe9BR
PNL833991AA,ENJ8f426167eff2BR
PNL600767AA,ENJ8ba46e540143BR
PNL650613AA,ENJ41a9e3af6d5fBR
PNL180002AB,ENJea5e690a371fBR
PNL183610AB,ENJ6fec3bb54735BR
PNL974462AA,ENJ454973ce311dBR
PNL747431AA,ENJ4b439032bd9dBR
PNL590795AA,ENJd71a1e87f7c1BR
PNL381480AA,ENJc725ff72d931BR
PNL654518AA,287845588
PNL913267AA,ENJ7d8852b2fbf9BR
PNL737933AA,ENJe205e6543734BR
PNL834011AA,ENJ4ce40af3f166BR
PNL172110AB,872075448
PNL836230AA,ENJ40f1a029f032BR
PNL830941AA,ENJ6629e0206eabBR
PNL747402AA,ENJa7481d37dd39BR
PNL683523AA,ENJb3cbed5d7e01BR
PNL917110AA,ENJe6a1f2d07f65BR
PNL219174AA,ENJ12c35d87c362BR
PNL864117AA,ENJd54ceaafbd69BR
PNL897158AA,ENJ82627dde3b17BR
PNL882002AA,ENJ60920cdb50a7BR
PNL537943AA,ENJ91b596dea57dBR
PNL851434AA,ENJ4217b100d000BR
PNL160624AB,174740202
PNL105319AA,ENJ701f9fe610a1BR
PNL574867AA,ENJ4de1b14de95bBR
PNL704821AA,802186350
PNL905303AA,ENJ5d9abdf2be28BR
PNL187367AA,ENJ45e91cba9ed3BR
PNL518199AA,324459049
PNL664715AA,ENJ238c1eb66ae6BR
PNL575256AA,ENJc2095fde6cd0BR
PNL599182AA,ENJ225907751acbBR
PNL704833AA,ENJ2a9eaa47dea8BR
PNL698718AA,ENJ33108f526c66BR
PNL836233AA,ENJ07e36096e42aBR
PNL289367AA,ENJf505ad85ed14BR
PNL675493AA,ENJ7684562c16ecBR
PNL098412AA,ENJ80c338b2d6e7BR
PNL718004AA,727935630
PNL525952AA,ENJe9d9ac8bca63BR
PNL707501AA,ENJabbc174e27f9BR
PNL630581AA,ENJce1a6b63bbcdBR
PNL586747AA,ENJd050907690e6BR
PNL202838AA,487439439
PNL974388AA,ENJdee9d96f919fBR
PNL661930AA,ENJ568fbf9ecbabBR
PNL166114AA,655377169
PNL877554AA,895477807
PNL289365AA,ENJa16600bc94a3BR
PNL664752AA,ENJ85a85e3ca8e7BR
PNL025379AA,238307173
PNL161674AB,ENJ836dd86916b1BR
PNL178422AA,ENJ8a33544b623dBR
PNL527334AA,ENJe429094a39bfBR
PNL914796AA,ENJ8baeae65c0f7BR
PNL913264AA,936968364
PNL849689AA,ENJ9f8d635b814eBR
PNL747390AA,ENJ9db2e3b14ec1BR
PNL167940AB,ENJ72dbd0d42cedBR
PNL747419AA,ENJ147e9906be2cBR
PNL167938AB,ENJ43febabba92aBR
PNL559476AA,184904406
PNL713290AA,ENJc03c84589ee3BR
PNL098404AA,ENJf314ed943fcdBR
PNL923681AA,128031845
PNL167941AB,ENJ976142696688BR
PNL881995AA,284164720
PNL638277AA,ENJ24bbd8e7d5f2BR
PNL545449AA,ENJ5ab03cffddcfBR
PNL514951AA,281802497
PNL586730AA,ENJ8f69a362abebBR
PNL922162AA,490147609
PNL664766AA,ENJb7b5cc519085BR
PNL628878AA,ENJ5313f28fb706BR
PNL877630AA,568994268
PNL486131AA,ENJde616b0fca63BR
PNL190586AB,ENJ4dac44aaeab0BR
PNL454129AA,ENJ5cd47f2344bfBR
PNL837684AA,ENJ3e764601c5f4BR
PNL699752AA,87187881
PNL179009AA,737064317
PNL879176AA,155114183
PNL896682AA,267711952
PNL180034AB,282435568
PNL464769AA,ENJ7e65b80e0b4eBR
PNL915136AA,ENJbe83fcc2817cBR
PNL187374AA,ENJe3041586e053BR
PNL295697AA,320006288
PNL714849AA,79007713
PNL112137AA,ENJd6eb97079ed9BR
PNL868855AA,ENJ1e2dd8daf8ebBR
PNL166132AA,ENJb63bb2ae4c19BR
PNL632899AA,ENJbd7221ee95bfBR
PNL855238AA,ENJ8cfa17962bbeBR
PNL666699AA,ENJe01812b82498BR
PNL042812AA,ENJ31619fffe128BR
PNL165431AA,ENJ8ff9287c2130BR
PNL974404AA,ENJ44e339699986BR
PNL259841AA,ENJa3e41d53b720BR
PNL104516AA,ENJda952fc9bd92BR
PNL919748AA,ENJ3f87865561b5BR
PNL436738AA,ENJf0f9729752eaBR
PNL600755AA,ENJc54b33c61cd9BR
PNL104069AA,ENJ5fc4b568db0bBR
PNL680155AA,84338991
PNL174743AB,ENJ1dc4d0029275BR
PNL897196AA,150129574
PNL869394AA,82504606
PNL913232AA,ENJe016268f47bbBR
PNL632894AA,ENJ14aa0a62f871BR
PNL188617AB,ENJd0e6af73e09eBR
PNL855172AA,121871404
PNL725257AA,ENJbf427bdb9e05BR
PNL184600AB,ENJ93d812e1458cBR
PNL924206AA,ENJ84920cef466dBR
PNL891653AA,204400273
PNL495960AA,ENJ8355fdea14c8BR
PNL525994AA,ENJb746643e317aBR
PNL847356AA,ENJd05f9368039aBR
PNL598963AA,ENJ520f55c35633BR
PNL683505AA,ENJab9d2acbfdf0BR
PNL694725AA,ENJ568d959b96d9BR
PNL102671AA,ENJfc815d295f10BR
PNL112574AA,ENJc6a25ecd34cbBR
PNL750409AA,782144448
PNL098400AA,ENJ8782b6d55f93BR
PNL178423AA,ENJ966ce5c8c568BR
PNL974441AA,ENJ86add8424b2dBR
PNL527343AA,ENJe76c07c8ecc0BR
PNL849683AA,ENJf7ebddbbb923BR
PNL256949AA,ENJae1b31469280BR
PNL924197AA,ENJ55aaf44a2b1bBR
PNL408394AA,ENJ45c9f82ec77aBR
PNL845711AA,ENJad41a53af362BR
PNL464767AA,ENJbeb90935ceefBR
PNL638271AA,ENJ56d839fd094cBR
PNL182117AB,ENJ099272e0bb17BR
PNL645530AA,ENJ5484466b1d2dBR
PNL921314AA,ENJdfb90b5e4799BR
PNL382255AA,ENJd2c7b2c10f3aBR
PNL492832AA,ENJc1ecc460f180BR
PNL705539AA,ENJ9227a929df18BR
PNL648259AA,ENJc5a2342734c0BR
PNL881990AA,ENJ2b9e9066705dBR
PNL676265AA,334105693
PNL184622AB,59428274
PNL629658AA,ENJ4c92e8aefd52BR
PNL896230AA,510140266
PNL662001AA,ENJ6a03583c1d64BR
PNL678360AA,ENJ2f3008dd32deBR
PNL827532AA,ENJ7b692de20965BR
PNL560314AA,ENJ38500f236806BR
PNL855168AA,ENJbdcdbe8891ceBR
PNL898200AA,18298580
PNL664729AA,ENJ867ffc542f65BR
PNL097992AA,ENJaafdb890e4d7BR
PNL188721AB,ENJ1ebe120ccfc6BR
PNL836223AA,ENJd3f3dd507bccBR
PNL622802AA,ENJ10ca55bbc323BR
PNL877285AA,ENJ2c0d5b01b6b9BR
PNL692687AA,ENJ297f62eaf7ceBR
PNL896243AA,ENJc408f47fe38dBR
PNL515736AA,ENJa7824199a17dBR
PNL750412AA,ENJcc567ff00976BR
PNL905317AA,ENJ5abff556494dBR
PNL188657AB,ENJ466490b35ddbBR
PNL679540AA,44381951
PNL600765AA,ENJ5497af00afadBR
PNL416932AA,ENJ9af999501911BR
PNL100063AA,ENJc68d55962f7eBR
PNL691021AA,ENJa2bee8914e92BR
PNL026587AA,ENJce0c963aded0BR
PNL851416AA,ENJ861e0da8d1dbBR
PNL166117AA,ENJ60f8cbd3b614BR
PNL869406AA,191133396
PNL724589AA,ENJd3722df34455BR
PNL877597AA,ENJd6e5af106a53BR
PNL687633AA,ENJ4444bcea820bBR
PNL437373AA,ENJ15a8c31280a8BR
PNL099367AA,ENJ2aa69c4d74f8BR
PNL654520AA,ENJa98f5fc1e618BR
PNL877564AA,ENJ6be7ff6442dbBR
PNL876037AA,ENJaf419a71f224BR
PNL408382AA,ENJ222e1246e93bBR
PNL676296AA,ENJ89643dcdcdfdBR
PNL425399AA,ENJc76e52fa0e97BR
PNL696201AA,ENJ9d785c601171BR
PNL482594AA,ENJ9716ee84f9f9BR
PNL924246AA,ENJfe93e0722faaBR
PNL189376AA,ENJ3a0c7b8967b6BR
PNL014711AA,ENJf84b69b6858bBR
PNL100824AA,ENJcdf91e7be547BR
PNL446747AA,ENJf1f58260677bBR
PNL910757AA,ENJ3c23c2e62ed3BR
PNL664710AA,389985435
PNL906213AA,ENJ416e19c94dd5BR
PNL106855AA,ENJ2f0e3089a4b9BR
PNL742517AA,ENJ1d04b7f2ef09BR
PNL387659AA,ENJ644d32334adfBR
PNL459006AA,ENJ88b5061ee799BR
PNL527414AA,ENJ820a2638eda0BR
PNL537962AA,ENJb2e210499978BR
PNL676292AA,474843268
PNL834068AA,ENJedfbcf07ae4aBR
PNL709497AA,ENJ5e5b1fdc5e7cBR
PNL705688AA,ENJ49e706d527cdBR
PNL483230AA,ENJ6354bfdba735BR
PNL537961AA,ENJ18f164a50657BR
PNL596178AA,144143025
PNL838358AA,ENJ3935d418721cBR
PNL387661AA,ENJ70c03d60d230BR
PNL750470AA,ENJ9cdf3ab5a8a4BR
PNL750478AA,356645886
PNL656265AA,ENJ787ed0dc6f90BR
PNL838367AA,ENJ4d2578fb064bBR
PNL868044AA,ENJe88f01a716b7BR
PNL879211AA,ENJf5809ecf1eaaBR
PNL693671AA,ENJfa7fa64a7f12BR
PNL874520AA,ENJ9485baee341bBR
PNL408442AA,ENJ5d54e3e2693fBR
PNL527422AA,ENJ17a073e4cb47BR
PNL195950AA,ENJ466dcce33e43BR
PNL661865AA,ENJca70d475f795BR
PNL681022AA,42230342
PNL583509AA,ENJ0c48d36e3867BR
PNL153973AA,343498323
PNL710052AA,ENJd1da500bf327BR
PNL698817AA,ENJ32bea256b709BR
PNL740755AA,ENJ370ca663a030BR
PNL206116AB,ENJdc17b91ae5a8BR
PNL600796AA,ENJc5627e024a07BR
PNL105353AA,ENJ61f6a62308e0BR
PNL098454AA,ENJ7c53b2678abeBR
PNL666829AA,ENJ8e8548d55b94BR
PNL851502AA,ENJ98285c9d421dBR
PNL905370AA,970809365
PNL632933AA,ENJ571022dfc770BR
PNL499099AA,ENJ98472bc3df43BR
PNL681023AA,ENJ280962e5fb77BR
PNL299282AA,ENJ0dea44e8fdaaBR
PNL855316AA,276561958
PNL600797AA,272961129
PNL838342AA,ENJce6347ae94fbBR
PNL180072AB,ENJ42565ba2bb09BR
PNL160701AB,ENJ1b8d3828a042BR
PNL659109AA,ENJ644f692749efBR
PNL112160AA,ENJ37dc35d51e0eBR
PNL542064AA,ENJad3e567ee0f6BR
PNL705670AA,ENJ34d3244e61b9BR
PNL151573AB,ENJb2eb33a0a4aaBR
PNL391427AA,ENJe5bddb7cb1bfBR
PNL834072AA,ENJ41d495c510aeBR
PNL350428AA,ENJ6a7a21befdadBR
PNL710071AA,634384766
PNL731562AA,ENJ8d2006dffa2aBR
PNL920306AA,ENJb486f4555b1eBR
PNL206094AB,ENJe3c90c29a79bBR
PNL218862AA,ENJd30db7767135BR
PNL676293AA,ENJ040411ff0436BR
PNL664802AA,ENJ2f14295c7e32BR
PNL545478AA,ENJc7c5864a9e99BR
PNL151560AB,ENJ035f6499c79dBR
PNL920856AA,950307188
PNL740749AA,ENJ266db51db00bBR
PNL674548AA,107014671
PNL855321AA,986973712
PNL838340AA,ENJ73bf8f389500BR
PNL039636AA,ENJea5c41294cf7BR
PNL837762AA,ENJ814bd59adf96BR
PNL202861AA,ENJeb9b48088b3eBR
PNL654570AA,ENJefa75b6efb3cBR
PNL859027AA,ENJ111cc0e6fcdfBR
PNL378292AA,ENJ3dc94a2d0b50BR
PNL892246AA,772511860
PNL909464AA,ENJ890289180e53BR
PNL690687AA,591466350
PNL650651AA,ENJf7347785afbaBR
PNL892254AA,ENJ4ce6bd65a9efBR
PNL868890AA,668355707
PNL724601AA,ENJ80372d3dbfc6BR
PNL187503AB,711112003
PNL179046AA,ENJe16eeed377abBR
PNL187394AA,ENJ32abd70e6d70BR
PNL174791AB,733605113
PNL729023AA,ENJ7c02418afaf6BR
PNL632934AA,ENJ8f11b4d7c963BR
PNL102683AA,ENJ100050e89abfBR
PNL575263AA,ENJd44435ac7e16BR
PNL184686AB,ENJc3fa5bca3a04BR
PNL190590AB,ENJ3d46734d630bBR
PNL628945AA,ENJ07f03d1ed6f5BR
PNL725273AA,ENJ1bfceec5cf40BR
PNL742532AA,814258675
PNL193983AA,412741854
PNL160696AB,ENJa0276ad31d3cBR
PNL897262AA,137045876
PNL661059AA,ENJ0fdfaed87e4aBR
PNL416938AA,ENJ359afcec3109BR
PNL870321AA,183858084
PNL206091AB,ENJdee55f2d3f91BR
PNL454143AA,ENJ4bf14264b01dBR
PNL838364AA,ENJbc7fc236c5ddBR
PNL206129AB,ENJe49d5a8c0304BR
PNL864179AA,ENJ1eab9223cb53BR
PNL375148AA,ENJ417708a86350BR
PNL869480AA,ENJad04b496ff6aBR
PNL845815AA,ENJ3cbafb036fe1BR
PNL654562AA,ENJ1ef7c4a04f6cBR
PNL188818AB,ENJd4c2388e7299BR
PNL877645AA,ENJd7711d7814e7BR
PNL750483AA,997808884
PNL725270AA,ENJ71fc144efe68BR
PNL851495AA,ENJe2ea86839efbBR
PNL686643AA,198627989
PNL923701AA,ENJ1947fe21898aBR
PNL920316AA,ENJ016f9d7c0238BR
PNL524275AA,ENJ34aa1431fe32BR
PNL909471AA,ENJeceed6b7c388BR
PNL435994AA,ENJ15694a420317BR
PNL705675AA,ENJ5f83e2ce10e3BR
PNL188824AB,ENJ9b74fe9f3408BR
PNL542065AA,ENJ87ce6bf1e8d7BR
PNL160033AB,249859643
PNL160015AB,ENJf55ccfd6f44bBR
PNL847874AA,ENJc7d9bf3846f6BR
PNL188830AB,984934113
PNL724600AA,441158613
PNL189381AA,ENJ9d2bc2d5d1a2BR
PNL590825AA,ENJd60810dabebcBR
PNL454680AA,ENJ76e4ebe59d1eBR
PNL855286AA,ENJec98d253553dBR
PNL524283AA,ENJ9a8a9f02f00bBR
PNL583506AA,ENJ17093834ad14BR
PNL605475AA,805791586
PNL524284AA,ENJf33e8051a733BR
PNL896299AA,341619239
PNL681024AA,ENJ5f84f90150dbBR
PNL686217AA,ENJ24e283d1161eBR
PNL537360AA,ENJ99e7870b9775BR
PNL179041AA,966522584
PNL827545AA,ENJaa095799a5f6BR
PNL102680AA,ENJb16e7527a439BR
PNL599201AA,ENJ09956f031ae1BR
PNL850315AA,ENJe277991d0b79BR
PNL193979AA,649942284
PNL693178AA,ENJc2f419e6a331BR
PNL921340AA,ENJded3510887a5BR
PNL538885AA,ENJ479f794a1a10BR
PNL189385AA,ENJ648a9f5b7762BR
PNL545504AA,ENJ91f48627b188BR
PNL923228AA,ENJ82a42b8e9119BR
PNL714881AA,ENJ0d45714c6614BR
PNL266278AA,ENJ892eabedff1cBR
PNL408428AA,ENJ9c5c8b14049aBR
PNL920310AA,337696495
PNL836268AA,ENJca68cfb3b3b3BR
PNL837720AA,ENJ073727f7bc48BR
PNL673089AA,ENJ3ddb391319e2BR
PNL896251AA,ENJef55d3cbbcaaBR
PNL193891AA,ENJe1fd68ff4048BR
PNL745655AA,964442594
PNL673094AA,141241879
PNL166167AA,ENJ67e1d33520f9BR
PNL732575AA,589435674
PNL583508AA,ENJ224aad3fcfbfBR
PNL026652AA,ENJ7bd19a623b0aBR
PNL661916AA,ENJc0913d40d141BR
PNL160679AB,ENJ1bc17d553282BR
PNL687643AA,887878910
PNL913286AA,ENJ5b0ee0faadb0BR
PNL172167AB,ENJ24827b439fe5BR
PNL009483AA,ENJf1b24d298c43BR
PNL693670AA,ENJ9b8b0b6c9429BR
PNL650650AA,ENJ0f5a94f1f427BR
PNL160685AB,ENJcda11a5be420BR
PNL836265AA,ENJcc139b2dbe42BR
PNL686206AA,ENJa229ac23bd0eBR
PNL879196AA,384288328
PNL619139AA,ENJ61ce4fed4e12BR
PNL497411AA,ENJ0f47691b138eBR
PNL039643AA,ENJ657094db8454BR
PNL666826AA,ENJ18d49d9ce1ceBR
PNL202872AA,ENJa4d3fd266987BR
PNL837761AA,ENJ30279ce1945dBR
PNL102678AA,ENJ5d380e955c42BR
PNL661886AA,855582207
PNL188662AB,ENJac6a89260893BR
PNL190587AB,659533555
PNL845826AA,ENJef5062d732e0BR
PNL693171AA,504121861
PNL726675AA,328708073
PNL266285AA,ENJec9fc6526791BR
PNL740768AA,ENJ22a615fdb833BR
PNL206079AB,ENJ507b318b6bdcBR
PNL206121AB,ENJ760b160f943aBR
PNL273244AA,ENJf3545b03c4f2BR
PNL454140AA,ENJ86dc00712a73BR
PNL206130AB,ENJ390ed15abb8aBR
PNL425409AA,ENJ4bd1b806a892BR
PNL683624AA,103183253
PNL574887AA,226901963
PNL955056AA,ENJbeb4870d4206BR
PNL172149AB,ENJde03b78fdfe8BR
PNL896311AA,316062449
PNL891319AA,655163916
PNL859037AA,ENJb90e77ff86d2BR
PNL296595AA,ENJ3203ba0f15aeBR
PNL180063AB,ENJ919e70f03f1eBR
PNL098840AA,ENJ4e15d2715495BR
PNL745684AA,ENJd24a87ed82bdBR
PNL879204AA,996697275
PNL666800AA,580775513
PNL913302AA,ENJdae3f054a6a8BR
PNL718054AA,ENJ812d02fba5ddBR
PNL742528AA,114131006
PNL172169AB,ENJ790e16c65813BR
PNL897268AA,ENJ7077e4e4213fBR
PNL869478AA,931819861
PNL166168AA,ENJf228a7706cc3BR
PNL102240AA,ENJe7a344e04a05BR
PNL259860AA,ENJe01b3253efbdBR
PNL747501AA,ENJ159996c2129aBR
PNL893031AA,ENJ34a9498ee8eeBR
PNL184705AB,ENJ6cc8394e2774BR
PNL877647AA,ENJaee5f71b438aBR
PNL183643AB,712969135
PNL590826AA,ENJe9178c54b4e5BR
PNL705668AA,ENJa4eea7f67fd2BR
PNL112161AA,ENJ232a7ea233ceBR
PNL202862AA,ENJ9784443c5e1aBR
PNL160693AB,ENJc4e5b1316a61BR
PNL182132AB,470486998
PNL705662AA,ENJfa83d5c8368cBR
PNL740733AA,ENJ0e2d42567fc1BR
PNL378291AA,ENJ51d1dbcfde79BR
PNL656273AA,ENJfa1ad686fdffBR
PNL105348AA,ENJe43f383ea602BR
PNL924230AA,ENJb7d4416a4955BR
PNL830987AA,ENJ7841c946db67BR
PNL750471AA,ENJ0a48b2dc12d3BR
PNL099389AA,ENJ914ada6599beBR
PNL160703AB,ENJc0c0e6178667BR
PNL600463AA,ENJ21b4ec9b5f15BR
PNL699765AA,ENJ7f19f5da82b5BR
PNL169373AA,28084264
PNL600790AA,ENJcfb1074c7384BR
PNL884020AA,ENJc55086e426c3BR
PNL537368AA,ENJb28ef81e7864BR
PNL098842AA,ENJc2b6fd07e322BR
PNL650657AA,ENJ7cc6b169adafBR
PNL637642AA,ENJ36e10055d99eBR
PNL497412AA,ENJ44d404f40e54BR
PNL206122AB,ENJ602df9a99e9aBR
PNL171801AA,ENJfe5010fce35bBR
PNL184688AB,ENJf9025d18b728BR
PNL877332AA,ENJ56a849f278d4BR
PNL160013AB,642854841
PNL699757AA,ENJ788b384d53bcBR
PNL838357AA,ENJf093803be3bdBR
PNL674546AA,ENJe148efa8cc45BR
PNL750477AA,759746118
PNL190589AB,ENJc86a4da1e23cBR
PNL637643AA,ENJ814ccd9be301BR
PNL845818AA,ENJd3e05ce9c31dBR
PNL750481AA,ENJ249cd791ba36BR
PNL740725AA,ENJfd9a0f924ba8BR
PNL102239AA,ENJc466fa6ecea0BR
PNL385598AA,ENJb2ae16e12e2dBR
PNL471850AA,ENJ7cadcfc2ff0dBR
PNL710061AA,ENJcbbe87db3b3eBR
PNL718070AA,116408320
PNL693668AA,ENJe8eba13130a8BR
PNL189383AA,ENJ323d9c488d6aBR
PNL299270AA,637961048
PNL628935AA,ENJ3a86941cc956BR
PNL864181AA,ENJf71c5cd62919BR
PNL922205AA,ENJ1e31b73e9994BR
PNL910027AA,ENJ460a39f4d58fBR
PNL896296AA,ENJ047ce2744412BR
PNL469067AA,ENJ47471050aea9BR
PNL350427AA,ENJfb9265668badBR
PNL686641AA,ENJ82d212263bc0BR
PNL699762AA,ENJ5f927b929e97BR
PNL112158AA,ENJ23645a798a34BR
PNL638305AA,ENJfac1bfc24a9eBR
PNL289381AA,714812024
PNL650643AA,182553924
PNL537363AA,ENJ709e29f77421BR
PNL251703AA,846818035
PNL920858AA,ENJ6f816cd29a2aBR
PNL182129AB,ENJ6185ab4ca373BR
PNL679602AA,ENJed0d159a60cbBR
PNL718072AA,ENJbef88625230aBR
PNL726694AA,ENJe059f1bac3a7BR
PNL204553AB,ENJ70c63763e598BR
PNL742521AA,ENJ36dde13ecf41BR
PNL654568AA,ENJc1120501e7bcBR
PNL098442AA,ENJec53a18847aeBR
PNL151541AB,841547435
PNL206089AB,ENJeb4480638e44BR
PNL914847AA,38792166
PNL650659AA,ENJbd566d6c0d60BR
PNL803760AA,ENJ7a09b9038667BR
PNL713310AA,267640574
PNL678395AA,ENJ005405ec45feBR
PNL160712AB,790818276
PNL837756AA,ENJ039494e413f8BR
PNL668326AA,ENJ8c1fc14b339aBR
PNL216839AA,ENJ2e5779ad0f34BR
PNL664811AA,ENJ2a846ba5e79bBR
PNL107745AA,ENJ4ac62be1af1cBR
PNL710065AA,ENJd37dc050903bBR
PNL864172AA,ENJ78df12e93f54BR
PNL432391AA,ENJ342da7a70f84BR
PNL259861AA,ENJbf4e7a796a30BR
PNL855284AA,ENJa96565cb5a29BR
PNL596181AA,ENJccf6a9accab3BR
PNL537367AA,ENJ8dc1bd37b065BR
PNL951592AA,ENJ28f240dd4b25BR
PNL454670AA,ENJc9bf9564166eBR
PNL542060AA,ENJ3b37a73943faBR
PNL182133AB,ENJ43229a64a69eBR
PNL845812AA,ENJd2d99fb29b40BR
PNL100831AA,ENJecfefb8e4ac4BR
PNL951594AA,ENJc6a838784f9cBR
PNL710057AA,ENJ5901ec0ba78eBR
PNL373855AA,ENJ99250e106ad1BR
PNL711261AA,ENJ27609138792eBR
PNL852172AA,ENJ7c88507ba1a5BR
PNL694071AA,ENJ44a36beb2fb1BR
PNL600478AA,ENJ6cc8d89d66caBR
PNL107086AA,ENJ1277e12102f1BR
PNL921644AA,ENJ45d441ad8699BR
PNL750476AA,ENJ3034bdb78c30BR
PNL649100AA,ENJ33704e58d1dcBR
PNL127655AA,305511719
PNL683621AA,56688578
PNL838365AA,ENJ08f8968a545eBR
PNL188822AB,ENJ31888615ef46BR
PNL632932AA,ENJf3f0c0e30fa0BR
PNL107073AA,ENJ28cb4dc7d306BR
PNL687640AA,ENJ714d0119a3e2BR
PNL905364AA,319933095
PNL161685AB,ENJ0536c153ab73BR
PNL477354AA,ENJ57846fae1dfcBR
PNL432388AA,ENJ5645aa972667BR
PNL637640AA,ENJ02eaf6912e46BR
PNL160689AB,67252810
PNL151545AB,ENJ1d2aad5208c5BR
PNL869492AA,ENJec676aaaac54BR
PNL354162AA,ENJd59902792961BR
PNL661971AA,ENJ96e1fb99f676BR
PNL709501AA,ENJ2b94bee8d2c6BR
PNL542063AA,ENJc93abfafbab2BR
PNL879195AA,ENJ6b6166eee387BR
PNL206064AB,ENJ76424539cc96BR
PNL684134AA,ENJc9f46b00927dBR
PNL909478AA,ENJ37fa9e0676c3BR
PNL845831AA,ENJcd58d796e109BR
PNL868066AA,ENJf50005db3795BR
PNL174780AB,ENJ662d7cdbe97cBR
PNL408426AA,ENJ743da613b1aeBR
PNL666815AA,ENJ0c63ce53456dBR
PNL837754AA,ENJc8bcc062418fBR
PNL864188AA,ENJf3123869a848BR
PNL619129AA,34375371
PNL458250AA,ENJ3ee664f5135cBR
PNL680707AA,ENJ6b9380e9be38BR
PNL630640AA,ENJ36653f42bbe3BR
PNL628931AA,ENJ304b66393b2fBR
PNL745691AA,ENJbe0d2fe37620BR
PNL456006AA,ENJ24750f96ff94BR
PNL168001AB,ENJc9b6874f1563BR
PNL864162AA,253998877
PNL629679AA,ENJ197ecb2eef40BR
PNL740739AA,ENJ20231ff0bad7BR
PNL527441AA,ENJ841c97b23f3dBR
PNL868065AA,ENJ5d7541c41717BR
PNL923225AA,930634068
PNL649106AA,ENJ9c68edf15507BR
PNL891303AA,ENJ0f193938b60eBR
PNL678353AA,ENJ6cbb023b9989BR
PNL666835AA,ENJca4ae01d60f6BR
PNL537959AA,ENJ22e3bf2c1300BR
PNL630644AA,ENJ1dae95766854BR
PNL560341AA,165119918
PNL915139AA,ENJ5d9e300823c2BR
PNL266280AA,ENJ24e31ab3c225BR
PNL896301AA,538318337
PNL909468AA,ENJca74882907a3BR
PNL009484AA,220071334
PNL104080AA,ENJ49175b6869d2BR
PNL868892AA,ENJc93898159eb7BR
PNL606335AA,ENJ0f6bf08fbd0dBR
PNL868893AA,ENJbf735c0724acBR
PNL864177AA,ENJaee87eea91dfBR
PNL459005AA,ENJa2a561501b34BR
PNL726699AA,394016527
PNL852174AA,ENJ64f3c32ce142BR
PNL740761AA,ENJ1bce269eb894BR
PNL876044AA,763800176
PNL710062AA,ENJ9c2f685101dcBR
PNL686207AA,695714230
PNL837678AA,ENJ4ea825d00022BR
PNL524274AA,ENJa764a0840404BR
PNL648507AA,ENJf98421872f62BR
PNL837752AA,ENJ9d5cd1b6579bBR
PNL014728AA,ENJ488c8f845003BR
PNL151565AB,88211354
PNL666823AA,708331981
PNL014726AA,464503814
PNL204556AB,ENJ90687974e22fBR
PNL922628AA,ENJcd84f2896e49BR
PNL661887AA,304112621
PNL683603AA,ENJ97df4ce0a0e4BR
PNL869471AA,ENJd3a8845446adBR
PNL750467AA,995247163
PNL906241AA,ENJfe0e081d99c8BR
PNL673092AA,687309663
PNL891321AA,554451648
PNL691085AA,ENJ6f563c5778b6BR
PNL868897AA,ENJc9afa7970808BR
PNL690690AA,ENJb56cf4e9c647BR
PNL605472AA,ENJ7f538f6e4172BR
PNL622824AA,615351213
PNL100833AA,ENJ7c842d265157BR
PNL698816AA,ENJ2eee89d56d5fBR
PNL922208AA,ENJ0b6eebeb9daaBR
PNL025401AA,ENJ2ec7ba008581BR
PNL619132AA,470270571
PNL693679AA,ENJ5518ac8f8dd5BR
PNL524285AA,ENJ58c15d174a23BR
PNL106027AA,ENJ45d0046fb076BR
PNL740774AA,ENJdd993f60e098BR
PNL855176AA,ENJa47313e3d078BR
PNL630650AA,ENJfa8176ef0a85BR
PNL171804AA,ENJaaebc69e5162BR
PNL834070AA,ENJ0fc8550d15d8BR
PNL869436AA,ENJa8c63f17abd7BR
PNL718071AA,174550711
PNL664797AA,8368789
PNL747490AA,ENJ3c3cb7ba333eBR
PNL206111AB,ENJ943ef895352eBR
PNL705671AA,ENJf974b3b3be11BR
PNL694748AA,ENJ27712511aefbBR
PNL160711AB,ENJ9d4b3d50cd54BR
PNL664792AA,ENJ51b3ac5a0129BR
PNL827546AA,ENJ3b3a9a5ae813BR
PNL172163AB,ENJ59b69722bbfaBR
PNL289379AA,ENJ8dd09583055aBR
PNL425410AA,ENJ0b278708a6eeBR
PNL289380AA,108285638
PNL710066AA,ENJ55c6576401e4BR
PNL188827AB,ENJ7f8b4fdc4104BR
PNL648285AA,ENJ332c879a9f8cBR
PNL689034AA,ENJb1a581e21225BR
PNL629671AA,ENJ694aa532ce71BR
PNL686205AA,ENJad032f1de6aaBR
PNL740743AA,ENJc5022735fc58BR
PNL909461AA,184907614
PNL683627AA,954813320
PNL698804AA,ENJc8f8fff6cca7BR
PNL891314AA,ENJ1bd46a3231beBR
PNL104082AA,ENJ96bf7eb3938bBR
PNL649583AA,ENJ5dc3af9ba3b9BR
PNL887109AA,ENJ9f57974b48d8BR
PNL710060AA,ENJ34cc72d07da2BR
PNL897291AA,ENJab5087214028BR
PNL920307AA,747366289
PNL606341AA,ENJ5a4e1bf07e9bBR
PNL907820AA,ENJd9b4a3630a45BR
PNL693172AA,ENJ2de1a5cbdccfBR
PNL596175AA,ENJc5611495873eBR
PNL661054AA,806313749
PNL179050AA,ENJ1421c4e88854BR
PNL524282AA,ENJ43c2ba0e3218BR
PNL638308AA,ENJ9ec14526ddb2BR
PNL705673AA,ENJ3d53103a12f2BR
PNL193985AA,ENJ350ec7b7098aBR
PNL098448AA,ENJ72447deb2198BR
PNL193804AA,ENJ24e67084b4d6BR
PNL914843AA,742740806
PNL686199AA,ENJ515d3ba7d160BR
PNL845822AA,ENJ30fad1f0a136BR
PNL664806AA,289145605
PNL884017AA,105449653
PNL606344AA,ENJ7d810fccfe9bBR
PNL694749AA,ENJ3802033efd6aBR
PNL838362AA,ENJ7b71dd4cf5eeBR
PNL661908AA,ENJadb418f4b05fBR
PNL452503AA,ENJ1cb057046010BR
PNL098435AA,ENJ2e2bd90c3a8dBR
PNL160672AB,11129358
PNL644848AA,ENJ52039b5a52a6BR
PNL830497AA,ENJe7351cb544b9BR
PNL705687AA,ENJce5384ad1713BR
PNL365646AA,ENJ76a30cdda351BR
PNL838343AA,ENJ5064df6f1fd0BR
PNL913307AA,ENJ188c090576e2BR
PNL664790AA,382455656
PNL057943AA,ENJ12257f690310BR
PNL183080AB,874414796
PNL868061AA,666519222
PNL920313AA,ENJe7a065d27b5aBR
PNL622828AA,970864367
PNL206073AB,ENJ16f8800c2c57BR
PNL545477AA,ENJea1f6d222cceBR
PNL363434AA,ENJ2f81e34b27fdBR
PNL183650AB,741327041
PNL160702AB,ENJ697bccf0c5c8BR
PNL682618AA,ENJ2b317bbe8b37BR
PNL470899AA,ENJa01ecf0d994cBR
PNL206085AB,ENJ3dfc43e5d134BR
PNL266283AA,ENJ24dcfc543913BR
PNL025411AA,ENJ31aa68a95c8bBR
PNL628934AA,ENJb25944bad817BR
PNL039645AA,118708752
PNL646035AA,ENJ367c9b3323a3BR
PNL859038AA,ENJ6e1044ac5724BR
PNL907819AA,373847093
PNL845817AA,ENJd91df2eb3b33BR
PNL646044AA,ENJbdb9569909b6BR
PNL542059AA,ENJe24a9348ba7bBR
PNL869482AA,816479816
PNL183078AB,671429021
PNL219195AA,ENJ392c5618f143BR
PNL847884AA,ENJe9ca838d46d7BR
PNL462930AA,ENJ30e642d1e4edBR
PNL193797AA,ENJ4cbb1e12bb65BR
PNL179045AA,ENJd9cf8c2af331BR
PNL644834AA,ENJe9ae1b45ca2aBR
PNL845809AA,ENJc3091c2037dbBR
PNL182448AA,77991438
PNL172161AB,ENJ28d3d38f0f07BR
PNL675482AA,ENJ48c4c2cbc3fdBR
PNL527320AA,ENJ3735f1ecb482BR
PNL600452AA,ENJddea8c339e94BR
PNL666841AA,ENJ5f182652bd9cBR
PNL896689AA,756699840
PNL169377AA,ENJfde8d2264033BR
PNL666837AA,ENJ19ee52fcfd6bBR
PNL637637AA,ENJa923069d3599BR
PNL515761AA,ENJ7b795ebe5d37BR
PNL629678AA,ENJbd96d97f8ccaBR
PNL742505AA,691162312
PNL151548AB,945042901
PNL710039AA,ENJ7c538aaa4486BR
PNL879203AA,ENJ5827269dce85BR
PNL686209AA,ENJ0c9cd38750c7BR
PNL545489AA,ENJ91a74c8e1f93BR
PNL710075AA,ENJe117c9d3f3fdBR
PNL656271AA,641217384
PNL296600AA,ENJaa89085564c6BR
PNL626940AA,ENJe3867bd08c1aBR
PNL914846AA,10077019
PNL907824AA,649350477
PNL160705AB,612172917
PNL605478AA,112663691
PNL851489AA,561615757
PNL266281AA,ENJf43e16b796e3BR
PNL600484AA,ENJ3200e63c90e2BR
PNL836272AA,ENJe7637958e053BR
PNL524287AA,983713471
PNL847886AA,ENJ8d4e046b8857BR
PNL172157AB,ENJ8d9f272b888bBR
PNL654554AA,ENJ123fad103efbBR
PNL851479AA,831609142
PNL687642AA,ENJ6efc7015b039BR
PNL206127AB,ENJ7784582110fcBR
PNL654573AA,481963115
PNL629677AA,ENJb63770efb8bcBR
PNL414163AA,ENJde287d9b0efaBR
PNL830989AA,ENJ8bf5534f3f44BR
PNL673095AA,ENJ8ed55823b227BR
PNL649582AA,ENJ8b22c05b2fb8BR
PNL676305AA,707618665
PNL645572AA,ENJ1dbc054530cfBR
PNL391771AA,ENJf0635fe5b0c1BR
PNL543825AA,ENJe1c566f9a9ceBR
PNL666807AA,ENJ1ec8ff376212BR
PNL877643AA,439469671
PNL619127AA,ENJ526f504f1021BR
PNL150683AA,588395577
PNL864186AA,ENJ5a3b846131d4BR
PNL859036AA,563737796
PNL686214AA,343713759
PNL518207AA,ENJ98836534d3f2BR
PNL868894AA,ENJ89ba0b1a23cbBR
PNL910778AA,ENJ465e75b9948fBR
PNL039642AA,ENJ65a537c13142BR
PNL167011AB,375560123
PNL837730AA,ENJf50582efef26BR
PNL851494AA,ENJa975db2fc45eBR
PNL830424AA,ENJe743f76fe589BR
PNL106848AA,ENJ080a0fdeb10cBR
PNL649574AA,ENJ5bf0a92f1341BR
PNL682620AA,ENJ06e4c914222fBR
PNL098452AA,ENJc0c085c119c2BR
PNL687315AA,562238268
PNL859028AA,ENJ4b331eb41fb6BR
PNL681025AA,273469982
PNL740759AA,327296457
PNL837673AA,ENJ7251c7dc5224BR
PNL628933AA,ENJb9c9265f5474BR
PNL014729AA,ENJbb869ca223f8BR
PNL713313AA,ENJ043bcf889119BR
PNL560335AA,353477751
PNL691088AA,ENJ02e5ce147114BR
PNL724311AA,ENJc97c30e0b971BR
PNL666821AA,ENJ90597813f816BR
PNL257383AA,ENJ33df9209f648BR
PNL180071AB,289245589
PNL464770AA,ENJbc91f89f1c6aBR
PNL599206AA,ENJf2cb2351851eBR
PNL868070AA,ENJcb585d32e242BR
PNL025405AA,840004244
PNL273242AA,ENJf11eba54e690BR
PNL106860AA,ENJ105b095dbcc9BR
PNL864187AA,ENJ7e63cea2ef85BR
PNL724306AA,ENJ6e5346b246cfBR
PNL692710AA,ENJ54b71a7b095eBR
PNL868069AA,11000784
PNL072663AA,ENJa3691ad4d23fBR
PNL924243AA,ENJ0984d6f93bc0BR
PNL691069AA,ENJfd90bb29caa6BR
PNL619136AA,ENJ954776e717c5BR
PNL256975AA,ENJ670eec831b92BR
PNL160688AB,200637654
PNL622832AA,ENJ9cfa8f5dc094BR
PNL710070AA,ENJ9309125726caBR
PNL698809AA,ENJ9ca3be665128BR
PNL486100AA,ENJbe9a625a5946BR
PNL180074AB,ENJcd8066233398BR
PNL039641AA,ENJdce3ca8c337dBR
PNL868886AA,ENJad4099342b52BR
PNL493092AA,ENJ4ca763d983a9BR
PNL882395AA,ENJ1904a5657f17BR
PNL270328AA,ENJbb481cf38470BR
PNL084054AA,ENJ78d5c309fe7aBR
PNL740742AA,ENJc91a190c2848BR
PNL099387AA,ENJed8c574fe7aaBR
PNL598973AA,482477599
PNL838277AA,ENJ35cef20ef057BR
PNL193907AA,ENJ342e5ac93f05BR
PNL379622AA,ENJ77b26eb987a4BR
PNL740764AA,ENJccf6fba71ec8BR
PNL596180AA,ENJ46eb968dbf9fBR
PNL169376AA,ENJab6e47b8de89BR
PNL619128AA,ENJ56026ae903cdBR
PNL410999AA,ENJ8f0e8076dcc5BR
PNL151564AB,696855734
PNL456004AA,ENJbd3b86cdab2eBR
PNL850331AA,538210408
PNL102679AA,ENJ5f693a73cfb1BR
PNL112580AA,ENJ5e2260239a21BR
PNL107084AA,ENJe9a288387421BR
PNL649571AA,ENJ376eb9483ad3BR
PNL256965AA,ENJc7010ff3ecbbBR
PNL664808AA,ENJ4661117ebb4fBR
PNL644843AA,ENJ5d2262d3882cBR
PNL847880AA,ENJcaf527283675BR
PNL637641AA,ENJcfcf86359c2cBR
PNL742522AA,ENJ72a8db15e11aBR
PNL827547AA,ENJ083dc8090e5eBR
PNL693662AA,ENJd00202a02db2BR
PNL161691AB,632145364
PNL492849AA,ENJbfcc23477fe4BR
PNL905371AA,618058822
PNL684839AA,233240060
PNL884035AA,ENJ43f3c81d367aBR
PNL160708AB,ENJdf3de408051dBR
PNL691089AA,ENJef877fa7c952BR
PNL648283AA,ENJ69219773a279BR
PNL661968AA,ENJd7007856f7d8BR
PNL951583AA,ENJ8002ffc72d81BR
PNL907823AA,483221770
PNL684144AA,389850118
PNL694746AA,ENJc4b158c07fa5BR
PNL869489AA,ENJ09575f42f5d2BR
PNL636642AA,ENJ8131b2431e3fBR
PNL151547AB,816717680
PNL106853AA,ENJ39c7c94e1d9bBR
PNL686189AA,ENJ298972d3fed9BR
PNL629672AA,ENJ59d4b0d56aeaBR
PNL869457AA,ENJ9bbeb1e22215BR
PNL896300AA,705706336
PNL678397AA,ENJ7787dd172151BR
PNL742523AA,ENJ7a03e111f019BR
PNL649091AA,ENJ452c62ddce04BR
PNL742527AA,613199405
PNL864174AA,ENJb61066320ab7BR
PNL868891AA,ENJ4807d6bcc6b8BR
PNL637639AA,ENJf193ed7e38c6BR
PNL851504AA,ENJ8865f8114f56BR
PNL382263AA,ENJ2d4abb066ce5BR
PNL160035AB,ENJfd5f23cf905bBR
PNL515747AA,ENJ1e2f17337c22BR
PNL487597AA,ENJ2fac31017edfBR
PNL699767AA,ENJ279ede8b919dBR
PNL408441AA,ENJe8edba04b1c2BR
PNL099373AA,ENJca47a20be285BR
PNL740601AA,ENJa7dd9c79eb17BR
PNL184690AB,ENJfdef8ea234e2BR
PNL666810AA,ENJc716c1cf76b7BR
PNL699763AA,ENJ31bcdb5b1877BR
PNL388184AA,ENJ39cde7afc03aBR
PNL661874AA,294534631
PNL892258AA,ENJade4c04829fdBR
PNL183639AB,ENJ8f8e50039842BR
PNL206132AB,ENJbd365637b9dfBR
PNL680175AA,ENJ3481b2e51b6bBR
PNL560343AA,ENJ434bc72a5171BR
PNL193808AA,ENJc4c4f3a4de14BR
PNL686192AA,ENJ37b71a3d3e80BR
PNL649576AA,ENJ5f0419993618BR
PNL661893AA,ENJ8969ae7a2d98BR
PNL673813AA,ENJ028f051fb415BR
PNL206088AB,ENJ3fe13f908216BR
PNL527440AA,279568155
PNL699766AA,ENJ99477542262aBR
PNL206128AB,ENJ24809f9285eaBR
PNL718047AA,ENJ41ee36e8854eBR
PNL583507AA,ENJ19f636ee3aabBR
PNL879205AA,464386514
PNL515758AA,ENJ983803e439abBR
PNL257382AA,ENJdec592ebd252BR
PNL256966AA,ENJ6b8e20872e48BR
PNL864154AA,ENJfcafc173cae4BR
PNL692714AA,248896724
PNL845830AA,ENJ33b2d84999c0BR
PNL834061AA,ENJaeb35c605069BR
PNL666812AA,ENJ81e1c31af531BR
PNL694755AA,ENJ208120283fe7BR
PNL724308AA,ENJ6dede954aedbBR
PNL893035AA,ENJ42a0345a7b17BR
PNL251702AA,ENJb9c2c02c11f8BR
PNL435989AA,ENJ87f5c2742e7dBR
PNL527437AA,ENJ8beb3a3000e5BR
PNL855322AA,626585998
PNL896690AA,ENJ01979e712e83BR
PNL116728AA,ENJdd03c75f80d7BR
PNL174798AB,ENJ46f2ffa97212BR
PNL664697AA,ENJ81aa96858624BR
PNL718010AA,ENJ6ad6bc880febBR
PNL425411AA,ENJ776a84bac700BR
PNL955055AA,ENJe1282c2a0f5dBR
PNL188610AB,ENJ3b4af5e6ac79BR
PNL913305AA,ENJ027b71e24925BR
PNL879212AA,ENJ7ccb8c010085BR
PNL884030AA,591480811
PNL750473AA,ENJf29c07b68caeBR
PNL600800AA,ENJ81a63e099443BR
PNL648289AA,ENJe3134c4f55e0BR
PNL111499AA,ENJb3631f3091e6BR
PNL038258AA,450723543
PNL454683AA,ENJ74d973a58eecBR
PNL837662AA,ENJ5c8993b9241cBR
PNL184685AB,ENJ4a1997007552BR
PNL630628AA,ENJ6959b0529cd0BR
PNL169379AA,728308597
PNL515762AA,ENJc4dc23fac743BR
PNL691091AA,ENJ4ccb1de06230BR
PNL698812AA,ENJ4b5b786c3a48BR
PNL408440AA,ENJ5d5c0736e93cBR
PNL104081AA,ENJ5d5cc58e9991BR
PNL242307AA,ENJe17c72e6ad49BR
PNL914845AA,ENJ36d2cec9a8d8BR
PNL435990AA,ENJ76b2861f91e8BR
PNL690686AA,ENJee6d8fbe717cBR
PNL838349AA,ENJ84592d8d4725BR
PNL575267AA,901512172
PNL666811AA,ENJ03b07e9070faBR
PNL408427AA,ENJ5d4d6fd4ed5aBR
PNL160037AB,ENJ496cae0e56a5BR
PNL590828AA,ENJ10195c15de39BR
PNL227701AA,ENJea29469c6655BR
PNL725274AA,ENJc6f1010c6019BR
PNL600799AA,ENJ92fcc96bc0f9BR
PNL845820AA,ENJa4cd4f017316BR
PNL910777AA,430804434
PNL745686AA,ENJ658f933b44b9BR
PNL837661AA,ENJ90a27e28fd8fBR
PNL680186AA,ENJ5c5237e3e8bbBR
PNL905366AA,976638662
PNL742530AA,ENJ0c07b2178ac6BR
PNL845803AA,ENJddd368dedc38BR
PNL845780AA,ENJ399b65e5d0f0BR
PNL628938AA,ENJe8e80b77698aBR
PNL837692AA,ENJe516a07165cfBR
PNL742533AA,ENJc5630ddd8309BR
PNL718075AA,ENJ52a08b3b0b6dBR
PNL656281AA,945386563
PNL492850AA,ENJ38596d9a9135BR
PNL629673AA,ENJ4e0d2b564fe7BR
PNL740773AA,ENJbbeb582f909bBR
PNL714883AA,ENJ6246932cb060BR
PNL184672AB,ENJee39040810c6BR
PNL851448AA,235203328
PNL537361AA,ENJfbffc7d5aa90BR
PNL837750AA,ENJ75e41ac8e270BR
PNL626939AA,ENJ0bc6cc900009BR
PNL182445AA,ENJc80678831907BR
PNL705680AA,ENJad5b777ab888BR
PNL884021AA,ENJ68253f77626eBR
PNL160041AB,ENJ526753da8c75BR
PNL680710AA,ENJfbb747707717BR
PNL026713AA,ENJ9696daad9d08BR
PNL704847AA,ENJ45cfc4bf4ec8BR
PNL299286AA,ENJe00585a27ecdBR
PNL537358AA,ENJ15b7c0e6d71fBR
PNL897272AA,ENJ1f1f1a1dc2c9BR
PNL516629AA,ENJe9ae6b20136eBR
PNL184691AB,ENJ1fb24d288303BR
PNL159745AA,ENJb0955e27f320BR
PNL188661AB,ENJ29e5f7a6eb99BR
PNL294634AA,ENJc851db5bed84BR
PNL025406AA,ENJ2e33040bb1baBR
PNL893036AA,ENJ90e6fce83907BR
PNL847883AA,ENJb141ea44fb19BR
PNL632931AA,ENJ0bdd7954d08bBR
PNL236827AA,ENJe83a7a508505BR
PNL852173AA,313271257
PNL740757AA,ENJd534f30a5bb1BR
PNL026658AA,294523299
PNL637632AA,ENJe3a8eb6d8b1dBR
PNL845828AA,ENJ8649515cc2c0BR
PNL697533AA,ENJ0e2d216f7047BR
PNL161686AB,ENJca0b554ee0a2BR
PNL803759AA,ENJ1baf9b439855BR
PNL845790AA,ENJ025a106d1b65BR
PNL683617AA,893397944
PNL516630AA,ENJ84e99e75cd49BR
PNL537359AA,ENJ86212ef15697BR
PNL710063AA,291397236
PNL680187AA,ENJ51df41e16fe2BR
PNL151551AB,103997154
PNL581298AA,ENJ62bb74700871BR
PNL563689AA,ENJa42a60036a60BR
PNL167992AB,ENJ7f2b4e53c0c6BR
PNL193870AA,ENJ75901810034cBR
PNL897160AA,620129847
PNL951582AA,ENJ697dcd3fd1e0BR
PNL160608AB,ENJ2673520999f1BR
PNL707503AA,ENJ44c1801d7401BR
PNL590781AA,ENJ49503db763b6BR
PNL924189AA,ENJ4f573deacae5BR
PNL855195AA,ENJ631bbd573aadBR
PNL596131AA,803455152
PNL668265AA,ENJ8cf59a2064e6BR
PNL374255AA,ENJ787d8f5af03eBR
PNL515717AA,ENJ2a0177df5668BR
PNL845661AA,ENJ37e19eeaa68eBR
PNL537930AA,ENJa49e92222444BR
PNL098829AA,ENJ8a9b2973b7edBR
PNL891246AA,ENJ67892eb66bbbBR
PNL747346AA,ENJ9b181c1dde14BR
PNL897175AA,ENJ41927e69000bBR
PNL702486AA,ENJf6596edcf8f0BR
PNL637598AA,ENJ96f74a3ea9beBR
PNL974408AA,ENJeacee6f4ba0fBR
PNL902080AA,ENJ6a2ff3369364BR
PNL877292AA,753026542
PNL676260AA,ENJ9297593d73caBR
PNL542035AA,ENJ0554b51544efBR
PNL270322AA,ENJ9450fd5a798aBR
PNL845494AA,ENJfa36c5c1c63eBR
PNL666690AA,ENJb3a918d8caa2BR
PNL747409AA,46012105
PNL866985AA,ENJ3e9d43191358BR
PNL684106AA,ENJ8b030ea7a0b6BR
PNL514946AA,ENJd92581765f3aBR
PNL905313AA,ENJ65c8c496f590BR
PNL424165AA,ENJcb4bf20ca62bBR
PNL869368AA,ENJ0fe8fc807fdfBR
PNL600427AA,ENJf6769f66c349BR
PNL869373AA,745267209
PNL299225AA,ENJ6c53b8826a2aBR
PNL026593AA,796728682
PNL414150AA,ENJa8dcbcdc4334BR
PNL084505AA,ENJ3fc1f51cdf89BR
PNL100053AA,ENJ35fcf6dbbf1fBR
PNL679527AA,ENJfad1b0c958dfBR
PNL680142AA,811303004
PNL836229AA,ENJf6c746ecdc1aBR
PNL042815AA,ENJ1788ce778043BR
PNL886996AA,ENJ6de58033d132BR
PNL190561AB,870956345
PNL025367AA,422930495
PNL869361AA,ENJfaab49e8b43cBR
PNL705526AA,317612194
PNL351399AA,ENJ7d7c3ebcc4c5BR
PNL598952AA,937631930
PNL921328AA,ENJ4e2c72032be6BR
PNL477343AA,ENJb49e7f040a91BR
PNL686626AA,ENJ54487f3d1537BR
PNL699698AA,ENJ9ea75c23c69cBR
PNL974373AA,ENJ532b67b9f570BR
PNL456592AA,ENJ22ded91df4beBR
PNL698714AA,604654089
PNL740595AA,994212273
PNL924204AA,600222807
PNL881994AA,ENJ85392584ad2eBR
PNL737943AA,ENJ29b22522dd15BR
PNL153959AA,ENJf13a709f7454BR
PNL391416AA,ENJe5e2aae7788aBR
PNL463342AA,ENJ146475eac12bBR
PNL707491AA,ENJff580e17cf68BR
PNL731534AA,ENJ82d08a7b5b88BR
PNL698735AA,ENJa29a33a712cdBR
PNL373841AA,ENJ271c5c0c08b2BR
PNL845644AA,ENJ0b3cc74e5c41BR
PNL454116AA,ENJed3af7b95ebaBR
PNL869459AA,ENJ3612d267f508BR
PNL833994AA,ENJ61d5dc46a08aBR
PNL830474AA,ENJ9bf89ee61dfcBR
PNL622778AA,ENJ325250aa39d9BR
PNL868828AA,ENJ77557c4c9480BR
PNL910753AA,ENJbf6d1ef23fcaBR
PNL830417AA,ENJeeddab4b7142BR
PNL408368AA,ENJ9a71a7fecc9aBR
PNL705532AA,828133129
PNL837538AA,ENJ34ea9dbb7452BR
PNL619057AA,ENJab6083eaf81dBR
PNL619050AA,ENJ933e20004b9fBR
PNL864094AA,ENJ5cd682b497fcBR
PNL166109AA,ENJeca9e3711340BR
PNL263776AA,ENJ806c2d150bd7BR
PNL877584AA,241277430
PNL845704AA,ENJ3012d4cd5542BR
PNL709461AA,ENJ485408b719b7BR
PNL709435AA,ENJa691f2b0b8bbBR
PNL691022AA,ENJ4811aaa7f7e0BR
PNL193933AA,49959743
PNL173007AB,ENJ9aeac77604dcBR
PNL868028AA,ENJ6cfcc0eeb01aBR
PNL870302AA,ENJ819a4ce6ad40BR
PNL206037AB,ENJ20842215542dBR
PNL920831AA,889493291
PNL160657AB,ENJf5bc1db1a40eBR
PNL299237AA,687511410
PNL684841AA,ENJ437c212706f4BR
PNL855313AA,395466036
PNL451065AA,ENJ01a0dbb62ac8BR
PNL515001AA,573308879
PNL251687AA,ENJ5a0e655b4859BR
PNL974480AA,ENJ9e393985c6d3BR
PNL855222AA,ENJ3f4175ac19bbBR
PNL923664AA,574837432
PNL026573AA,ENJ19b741bcb4c4BR
PNL525978AA,409469905
PNL638266AA,ENJ96f672ea41dfBR
PNL687629AA,495068754
PNL803721AA,ENJ08dec9dbd18fBR
PNL367757AA,ENJa9dd6b533f27BR
PNL183055AB,293975042
PNL913239AA,ENJe631732f9c35BR
PNL691016AA,ENJ6e81360990a2BR
PNL837593AA,ENJ1b06485dd681BR
PNL877588AA,ENJ49bd7f081cf4BR
PNL628837AA,ENJcd0cd3ac37f8BR
PNL891664AA,ENJe5c178294f5cBR
PNL654528AA,ENJ59cd6073a637BR
PNL216808AA,ENJ3c0fa0c920fbBR
PNL664661AA,ENJ45845eab801aBR
PNL704816AA,8229692
PNL173003AB,877551725
PNL698747AA,ENJ169834eaef9aBR
PNL188978AB,ENJf857defbf8e6BR
PNL486119AA,ENJc4f1df85f6d3BR
PNL184599AB,ENJa3b616a0bd52BR
PNL705577AA,ENJ368ea0d4efeeBR
PNL174748AB,ENJ78de539ae57aBR
PNL184557AB,ENJ5003477d93fcBR
PNL649542AA,ENJ139a9c0471fdBR
PNL371458AA,ENJdd236a838570BR
PNL684101AA,ENJ8defd7d0b3b9BR
PNL630591AA,ENJc1b7e4b248d3BR
PNL836212AA,ENJcdc92a3c15daBR
PNL869374AA,ENJe727d47716b9BR
PNL845690AA,ENJ4f5aec1abec9BR
PNL906960AA,837103701
PNL913521AA,ENJa84001895adbBR
PNL731568AA,ENJ784ae8570647BR
PNL830916AA,ENJe13bebc945f0BR
PNL907478AA,ENJd3e0a280deeeBR
PNL750381AA,ENJ332a8dfaf698BR
PNL834022AA,ENJfd58591f6875BR
PNL726646AA,1436654
PNL622794AA,133025369
PNL381735AA,ENJ0de2ec06b84eBR
PNL661858AA,ENJ0b65279efc2fBR
PNL834021AA,ENJ14eac54d572aBR
PNL100052AA,ENJ98b6e165f744BR
PNL586727AA,ENJ1f6ab8d74a4eBR
PNL649041AA,ENJada0e5c03e84BR
PNL868845AA,ENJ654a2f78f8e7BR
PNL803717AA,ENJ6b12df8548abBR
PNL686106AA,ENJ8a58d18f93daBR
PNL167972AB,ENJ07e2c3dadebeBR
PNL920794AA,ENJcff813599ea2BR
PNL188623AB,ENJ23055f29371eBR
PNL542030AA,ENJ63f82ab9fdceBR
PNL699681AA,ENJf6503ce59af0BR
PNL151524AB,ENJ9e49cdb185fbBR
PNL698789AA,ENJf37399a33a2cBR
PNL809036AA,ENJ5555a1eb10f8BR
PNL869465AA,760659586
PNL851467AA,ENJ1821350eba5aBR
PNL456601AA,ENJdd0df6f6f10bBR
PNL619138AA,427920997
PNL359702AA,ENJfb548b678825BR
PNL596157AA,ENJ302e2a3037ddBR
PNL600425AA,ENJ1578fd09e45aBR
PNL661852AA,ENJaff632ec16a4BR
PNL680671AA,ENJ85077d618211BR
PNL650621AA,ENJ6ffa3c82e3efBR
PNL923197AA,284977744
PNL525959AA,ENJ4c06dc455d9eBR
PNL649539AA,ENJfc9eee970d46BR
PNL184573AB,ENJ053b634458ffBR
PNL692684AA,695057413
PNL691031AA,ENJ03412cfbbe77BR
PNL299190AA,ENJfc9e935d3e26BR
PNL891651AA,916915579
PNL675485AA,ENJa84b28978ff1BR
PNL849690AA,ENJ3e5a2cfca1c7BR
PNL673780AA,ENJc68f059e25fbBR
PNL193875AA,ENJ4f10ea53daf4BR
PNL025377AA,ENJ90510a978839BR
PNL371459AA,ENJfe7ca9f122c0BR
PNL605444AA,ENJ14ecae043b45BR
PNL684801AA,ENJ2e3da143736aBR
PNL237972AA,ENJb83e76f0d04fBR
PNL830918AA,ENJbb8163e8686eBR
PNL182094AB,ENJ5b08e7cd99f7BR
PNL590774AA,ENJ86e377986f60BR
PNL711257AA,605165502
PNL714848AA,ENJ32a775e47b6bBR
PNL599172AA,ENJ79a0760792aaBR
PNL678342AA,ENJ49b4184cfd1dBR
PNL698702AA,ENJ30a9f643790fBR
PNL381479AA,ENJ60e3f9207b39BR
PNL408396AA,ENJe2b7ba8ba696BR
PNL855212AA,ENJ570b15f7a7fcBR
PNL664636AA,ENJ996d48125c3eBR
PNL636625AA,ENJ7cb67b8f8bb6BR
PNL847367AA,ENJaa5195e4fe18BR
PNL951565AA,ENJ0be2964785e4BR
PNL709445AA,ENJb6f1990efc46BR
PNL138770AA,ENJ0f840795a1e3BR
PNL581999AA,ENJcdc2a0753c69BR
PNL515708AA,ENJf013e98cf969BR
PNL206029AB,ENJ22b2283cf01aBR
PNL109001AA,ENJc6ab11b69502BR
PNL289366AA,ENJ83e026d8fbb7BR
PNL245107AA,775667779
PNL686097AA,ENJb4d25d996c5cBR
PNL855227AA,ENJ06c91496e479BR
PNL410972AA,ENJ2c93e582423eBR
PNL847835AA,ENJ054662b9870fBR
PNL691020AA,922271805
PNL881991AA,ENJ8619adbdb5b8BR
PNL851396AA,173499249
PNL740616AA,ENJe8151cb3181cBR
PNL638257AA,ENJf2cfaf152c90BR
PNL679529AA,ENJ925a64dbabb1BR
PNL845686AA,ENJbc31804bd2cdBR
PNL216813AA,ENJ037994936bfeBR
PNL891257AA,ENJ12bf50d82fdbBR
PNL897182AA,ENJ0b5224a9bca9BR
PNL648263AA,ENJc5de414d92e3BR
PNL675464AA,ENJ9a4659ffa054BR
PNL193890AA,ENJae44dbaf1f20BR
PNL672687AA,ENJebe4ffa75b50BR
PNL626874AA,ENJeddd85d57910BR
PNL679526AA,ENJad9548a877d1BR
PNL218849AA,ENJ5c7d3e2bc16bBR
PNL575258AA,ENJ6d5c77c7317eBR
PNL747475AA,ENJ1ada0e694ff5BR
PNL692663AA,275785511
PNL906219AA,ENJ4ecb56f62fbbBR
PNL740615AA,ENJ0382100f4ae7BR
PNL870271AA,ENJ3a77f760c006BR
PNL887085AA,82749656
PNL202818AA,ENJf8f75b679c02BR
PNL974377AA,ENJfe483e151c6eBR
PNL649030AA,ENJ3e0e09ecfe76BR
PNL896198AA,ENJ1abf8dd6c89cBR
PNL193884AA,722886840
PNL664733AA,536419250
PNL686076AA,ENJ059fa73b9c55BR
PNL458235AA,ENJe1dcb04257adBR
PNL165423AA,ENJ910535227b39BR
PNL299201AA,ENJece3dba68260BR
PNL974399AA,ENJ0229c718cab9BR
PNL664728AA,801903582
PNL710010AA,ENJ42da3f0075e9BR
PNL628842AA,ENJ9e3978af18caBR
PNL905347AA,ENJ97d7925ec310BR
PNL683534AA,365974908
PNL364705AA,ENJc3ae688e92b3BR
PNL673762AA,ENJ78f4bb7baec9BR
PNL920275AA,ENJ969ea4bba328BR
PNL675487AA,ENJ793a40a7ec23BR
PNL661006AA,454445179
PNL693135AA,53147755
PNL350419AA,ENJfd6219c0ef8aBR
PNL629645AA,ENJ761e19bd4dc5BR
PNL910745AA,ENJcbd7dc0ffadfBR
PNL845497AA,ENJ8cd3191e0a5aBR
PNL830445AA,ENJf64f85c5db93BR
PNL184588AB,ENJa169da59cdffBR
PNL837600AA,ENJ583288b828c3BR
PNL673782AA,ENJb89bda5dd3ecBR
PNL184603AB,ENJ46b2bd275eecBR
PNL637601AA,ENJ48962944c4a9BR
PNL188717AB,ENJf8dc42dd72adBR
PNL909399AA,ENJcee483814bebBR
PNL649027AA,ENJ6054168d6d65BR
PNL084026AA,ENJ52ebe30e48a2BR
PNL868823AA,ENJ2d478021deb0BR
PNL922161AA,ENJ177a8f3c6e71BR
PNL922617AA,ENJc45accaccb9fBR
PNL025382AA,ENJdefb0d4ff2ebBR
PNL190576AB,ENJ4dabd769d065BR
PNL059269AA,ENJed45b32f49fbBR
PNL100805AA,ENJ5e27a3194d7fBR
PNL644820AA,ENJca48d0767a0cBR
PNL684784AA,ENJ17752240177cBR
PNL678341AA,883502443
PNL686078AA,828004182
PNL686094AA,ENJ4c36661405afBR
PNL877578AA,ENJa124274d478dBR
PNL902072AA,ENJefe6f087bd6aBR
PNL702482AA,ENJf58a990eb33fBR
PNL408372AA,ENJ79b47c10c743BR
PNL866984AA,ENJe9aa96631fefBR
PNL920796AA,ENJaff66de53d23BR
PNL699703AA,ENJ687ad9c14943BR
PNL537291AA,ENJ46d3853f7238BR
PNL680677AA,146135227
PNL920793AA,758786207
PNL112144AA,ENJ6b644ab7f9d4BR
PNL892229AA,ENJ9eae3dda9980BR
PNL868007AA,ENJ3b87bd7a041dBR
PNL847818AA,ENJ622510365d8fBR
PNL432380AA,ENJ80618b83d44eBR
PNL740625AA,ENJ215926f1034aBR
PNL408349AA,ENJ512c69c26c7cBR
PNL711240AA,ENJ005a7f12ef08BR
PNL699693AA,157593949
PNL202814AA,ENJ54d6932cf50dBR
PNL138767AA,ENJfbe0cf562510BR
PNL686167AA,ENJ593dfad64f52BR
PNL699753AA,ENJ6d5a9451a134BR
PNL664698AA,ENJ72744777c452BR
PNL869337AA,288300729
PNL537938AA,ENJ54ba8aa185f2BR
PNL100056AA,ENJ29904e0f0684BR
PNL740680AA,441807783
PNL098393AA,ENJ37c1b586a31eBR
PNL692674AA,658150809
PNL471883AA,ENJ9d6c27a3551fBR
PNL696192AA,ENJ9a1e456a357fBR
PNL921320AA,385539663
PNL649537AA,ENJ49f6cccbe19dBR
PNL600766AA,ENJ0f28b6e71a3dBR
PNL666728AA,ENJ8a00d341a8feBR
PNL193847AA,ENJd2a74214300aBR
PNL097985AA,ENJb3799edf08aaBR
PNL869340AA,ENJ726f96021853BR
PNL885791AA,ENJe681fb917f72BR
PNL106834AA,ENJb12700a29bbaBR
PNL849693AA,ENJba48259e1193BR
PNL042813AA,201191435
PNL174721AB,ENJ9d48d8c2ac20BR
PNL697509AA,ENJ87578b354feaBR
PNL160596AB,ENJ7886ced58a16BR
PNL454647AA,ENJ6b62d5b89da9BR
PNL897266AA,ENJ265215075da4BR
PNL188728AB,125758896
PNL847838AA,ENJf519350dac76BR
PNL909391AA,ENJ7877d83efdfeBR
PNL560333AA,ENJ164a83076c8eBR
PNL850312AA,4503636
PNL542054AA,ENJ1a2a8b8d14c7BR
PNL151529AB,418988277
PNL537946AA,ENJc8446e22209eBR
PNL830925AA,ENJda63867a0ca2BR
PNL193845AA,ENJ375b4c0907c3BR
PNL084531AA,ENJef9f075a5d4aBR
PNL830432AA,ENJ7d895967fd01BR
PNL803713AA,ENJ405791307275BR
PNL694713AA,ENJ5c9211484e87BR
PNL524220AA,187115760
PNL408375AA,ENJb42fa175c1b2BR
PNL038248AA,ENJ63bd7bc6ef2cBR
PNL872509AA,ENJ06f4cd1b899fBR
PNL923676AA,ENJ597a94b7b9eeBR
PNL855211AA,ENJ093c8e48c13cBR
PNL391419AA,ENJ17a07cdbf7fcBR
PNL974440AA,ENJ07cb2ff873e4BR
PNL237971AA,ENJ0c989204505eBR
PNL882004AA,942820481
PNL855242AA,618046725
PNL626910AA,ENJ373b58da3179BR
PNL709444AA,ENJ01f78219ae79BR
PNL454619AA,ENJdd39f9749b1eBR
PNL649552AA,ENJdc7028b9352fBR
PNL452490AA,ENJ792823acce20BR
PNL920814AA,81977078
PNL698697AA,ENJ5a74cebfb608BR
PNL100792AA,ENJa082bf50be88BR
PNL600418AA,ENJ0e499a44fa83BR
PNL750379AA,163684726
PNL545421AA,ENJ3f67ca27ab02BR
PNL917117AA,ENJddb03d8e0dcdBR
PNL167968AB,ENJ63dd795332e2BR
PNL845692AA,ENJ1493f5b27585BR
PNL845658AA,ENJded3b832251eBR
PNL891277AA,683130276
PNL699689AA,348662627
PNL174742AB,ENJ47b375c58914BR
PNL525971AA,ENJ5e75d345982fBR
PNL596126AA,92442263
PNL193846AA,ENJ517b7ea79238BR
PNL599158AA,ENJ7b02a2db34c4BR
PNL182086AB,ENJc3dc878d7062BR
PNL737942AA,ENJ2c2381e8edf7BR
PNL750367AA,ENJ3bf9aeede46fBR
PNL693147AA,ENJe11d211027c9BR
PNL726614AA,ENJc4ec35267b90BR
PNL673776AA,ENJ6e06a503bf89BR
PNL364706AA,ENJd4b5a09a4c17BR
PNL172100AB,ENJ82d3da271b02BR
PNL183571AB,ENJ1aef8d34d6c3BR
PNL174756AB,ENJ1e083e2798c4BR
PNL518197AA,ENJa42ada8e9e10BR
PNL014713AA,ENJc5dbb3e388e8BR
PNL678346AA,ENJ75b86edd6549BR
PNL747370AA,172859944
PNL922152AA,ENJc7dbd512f991BR
PNL861062AA,171261012
PNL666661AA,ENJ1a7a5ede140dBR
PNL692677AA,ENJ67892ceb3569BR
PNL745647AA,ENJ35f57bed2d35BR
PNL416931AA,ENJ31b3ce7f19c3BR
PNL686624AA,ENJbbbd74b33f5fBR
PNL852142AA,ENJ2be74538c52aBR
PNL057927AA,ENJa398bbc39f6bBR
PNL726628AA,ENJ8ef1709d294fBR
PNL599186AA,ENJ5ef2b24d756aBR
PNL906216AA,ENJ35cee3a46d70BR
PNL666655AA,ENJee82b3d3b0e1BR
PNL833993AA,ENJ2940591ceceaBR
PNL560308AA,ENJ7cc1b966c826BR
PNL713279AA,502991447
PNL161654AB,ENJ45b929b946e3BR
PNL909422AA,ENJ78b7db61c282BR
PNL424167AA,ENJf3eb22108962BR
PNL648230AA,ENJ0abdf77e5518BR
PNL497367AA,ENJ606628e5a1e2BR
PNL295690AA,837550363
PNL922157AA,ENJ93b802b7b0efBR
PNL167920AB,560324085
PNL598944AA,ENJ6da1e00bd393BR
PNL363635AA,ENJ2351bc879c63BR
PNL638263AA,ENJ14d629bea1bfBR
PNL914835AA,732483020
PNL680163AA,ENJ76db4222bea6BR
PNL705512AA,ENJ362ab733e8d2BR
PNL809022AA,ENJ83ddfab8d3dbBR
PNL251673AA,909417209
PNL882368AA,ENJ79fb124b5cc0BR
PNL106817AA,ENJ96960d294666BR
PNL514948AA,394434898
PNL637597AA,ENJ99692370a597BR
PNL879153AA,ENJ806fc481eef0BR
PNL599179AA,489482476
PNL726626AA,ENJa7ee8270b6e7BR
PNL177062AB,ENJ2ef42f267e2cBR
PNL188548AA,ENJ64aa735dbed7BR
PNL492831AA,ENJ4f50b87c5b8bBR
PNL440173AA,ENJd55cc03a294cBR
PNL184562AB,ENJf8fd1dc39966BR
PNL260151AA,ENJ2a7e5b2961e1BR
PNL193855AA,ENJ3b156f5045d5BR
PNL626896AA,ENJ2eb88810637bBR
PNL626875AA,ENJ2c11c99e9dabBR
PNL847840AA,ENJ844f04645ce2BR
PNL524227AA,ENJe3b129b2882aBR
PNL724288AA,ENJf1338107e0dfBR
PNL688500AA,576815812
PNL698681AA,ENJ172f052640c1BR
PNL921638AA,ENJc31906464aa0BR
PNL974405AA,ENJfe580eb8723bBR
PNL851407AA,ENJ8941daffb567BR
PNL921618AA,439975092
PNL864102AA,ENJ11ebfb99d683BR
PNL705576AA,ENJa45b7eb581a6BR
PNL514939AA,ENJ2e52e4bdec23BR
PNL910022AA,ENJ7ebc36693620BR
PNL866944AA,287977029
PNL661739AA,136066503
PNL207331AA,ENJ10f6aa71d762BR
PNL698719AA,ENJ1811f92f265eBR
PNL830501AA,ENJ5df8c2cc7884BR
PNL167962AB,642945513
PNL525989AA,913332457
PNL922182AA,ENJ61152a56b4fdBR
PNL911700AA,ENJ998086db4cafBR
PNL619041AA,ENJdf8de10f169dBR
PNL725249AA,ENJ2859ac3f828dBR
PNL546335AA,ENJ0f308ccc7e6eBR
PNL673785AA,ENJf9105d9086deBR
PNL838265AA,ENJ2cf85ed9565fBR
PNL098407AA,ENJa6f27bdbe3d9BR
PNL638260AA,ENJ83ebd51c3532BR
PNL673767AA,561457082
PNL628817AA,ENJ22ee087a69fcBR
PNL678343AA,ENJ67e56163731fBR
PNL694710AA,807002235
PNL682593AA,ENJ27b99911a32eBR
PNL546333AA,ENJ60b2e7659a88BR
PNL296567AA,ENJc044d394d405BR
PNL672670AA,383448822
PNL905277AA,ENJ0f18905f82e1BR
PNL678344AA,ENJ304ff9b3fc96BR
PNL914788AA,ENJfcc3978c764fBR
PNL747405AA,679104298
PNL622810AA,ENJ0a0dc47aa0b2BR
PNL803709AA,ENJ97f2b5f181ebBR
PNL628801AA,ENJba014979fe0eBR
PNL711256AA,302081638
PNL869421AA,ENJ7bfbccc670bcBR
PNL679534AA,ENJ7e37daa403d0BR
PNL111483AA,ENJdf2673f61fa7BR
PNL014702AA,ENJ6e3b6ea82d1bBR
PNL907800AA,675606448
PNL184634AB,ENJ4ef24108ce58BR
PNL698682AA,ENJ91e4fb34016dBR
PNL167915AB,ENJ32332b722c79BR
PNL408377AA,ENJac8907ce1b23BR
PNL188785AB,ENJ02a787ed513eBR
PNL664754AA,ENJ4ce10527d06bBR
PNL740635AA,669428391
PNL827521AA,ENJf6dabaa231b0BR
PNL897209AA,ENJebbdb4de53abBR
PNL648244AA,ENJ3a8ab7b6323fBR
PNL188998AB,68576570
PNL415488AA,ENJ263f7d1d030bBR
PNL896199AA,ENJefb0a60f3535BR
PNL687307AA,ENJ099e5982aa47BR
PNL537933AA,ENJeb9ee15c2b84BR
PNL827528AA,ENJe0d2c8a49144BR
PNL672702AA,ENJ031e33ccd07eBR
PNL666839AA,ENJ79205fdc5e71BR
PNL455764AA,ENJdd524576e93fBR
PNL193871AA,725584553
PNL847343AA,ENJ74b1078c4189BR
PNL851385AA,ENJa76be0df5067BR
PNL837579AA,ENJ7951a08b3b0fBR
PNL672653AA,ENJ2abbe4c75cbcBR
PNL882610AA,ENJ623d40626dabBR
PNL190559AB,ENJ8c8efe06cdb5BR
PNL911691AA,ENJf167628200e7BR
PNL449377AA,ENJ70561892956cBR
PNL202804AA,ENJc1a3baff0619BR
PNL879156AA,ENJ00068cfed314BR
PNL750373AA,ENJa519069ec559BR
PNL590778AA,ENJ6d83b2f302a1BR
PNL648252AA,ENJbe2aeecbff54BR
PNL622781AA,ENJd81aa754b5c9BR
PNL909389AA,ENJ8c81f288c191BR
PNL711239AA,816237623
PNL161657AB,ENJ6d243f42c1e4BR
PNL974403AA,ENJ92ffab2ee817BR
PNL596156AA,ENJ14f5835ff9caBR
PNL661854AA,644165842
PNL380807AA,ENJ299f022047ddBR
PNL689020AA,ENJ615a53c254bcBR
PNL160586AB,ENJ741815cf4b42BR
PNL851387AA,ENJ3f68ca6119caBR
PNL750422AA,ENJfe60631fe74eBR
PNL188736AB,ENJad5e78a17cc7BR
PNL838262AA,ENJbcc2d9759751BR
PNL740613AA,95906366
PNL851398AA,ENJ00da1277e87fBR
PNL731216AA,ENJ032e1aed6b7cBR
PNL830489AA,ENJ048ac792e4b8BR
PNL913263AA,55681656
PNL869358AA,ENJ880089f545e4BR
PNL204513AB,ENJaa4cb13bf7edBR
PNL830446AA,ENJ05d476877a1eBR
PNL664670AA,ENJ0bc718b659c5BR
PNL166113AA,936935143
PNL747400AA,ENJe33749dce18bBR
PNL251669AA,ENJ5aacede65319BR
PNL514947AA,100811942
PNL731219AA,ENJ540a8a8a95e6BR
PNL202807AA,ENJ59e48524b4dcBR
PNL097990AA,ENJc8d80ef55d57BR
PNL082360AA,ENJ0b13c020ca5cBR
PNL527319AA,ENJ86fb98ca1db0BR
PNL605459AA,ENJe7c70ea90245BR
PNL714844AA,286284435
PNL877287AA,ENJdb172603b82eBR
PNL408376AA,ENJ3c3df2ec276bBR
PNL600445AA,ENJ5fad39b080ecBR
PNL537926AA,ENJb5655f8988b5BR
PNL151508AB,ENJ80bdc1a9a76fBR
PNL887002AA,430484352
PNL632895AA,ENJfa53a467eb69BR
PNL879160AA,858041702
PNL891253AA,ENJab567508801bBR
PNL747352AA,438240849
PNL545438AA,ENJ5a1b7dc26a9aBR
PNL589870AA,217533283
PNL709450AA,365183345
PNL560316AA,ENJb06380f470b8BR
PNL694708AA,621864990
PNL600754AA,306608556
PNL870274AA,ENJ08267f67d6b5BR
PNL495952AA,ENJ077afe866ddcBR
PNL836224AA,ENJ3a2b0f9c7603BR
PNL709440AA,706716775
PNL869352AA,ENJ7355e6667965BR
PNL107024AA,ENJfa47bf876109BR
PNL675477AA,ENJ1bfbb65c3453BR
PNL675459AA,947649945
PNL920277AA,ENJd9c3d3ae9d57BR
PNL219177AA,ENJa9f71a421c4bBR
PNL694711AA,470783863
PNL638255AA,ENJ019cc0d48e86BR
PNL236810AA,ENJ670cca5e6073BR
PNL686098AA,ENJc1a277db83baBR
PNL680150AA,158375381
PNL838285AA,ENJ688d1be22b2fBR
PNL891243AA,ENJ813fec317db7BR
PNL599191AA,ENJ5fbdbe04dc49BR
PNL524212AA,ENJ3ddaedf56953BR
PNL105318AA,ENJa7b58a36f1c2BR
PNL866979AA,ENJ8cde4b1f944fBR
PNL187365AA,ENJ4d0f6b25dca7BR
PNL191149AA,ENJ2de8f0f0e258BR
PNL864112AA,989423189
PNL598964AA,ENJ7b8c5f7a295dBR
PNL514940AA,ENJa8b723c3ce80BR
PNL014703AA,ENJe38524133c6dBR
PNL740645AA,ENJ8bc0bd2026bfBR
PNL698769AA,392191605
PNL188644AB,249084175
PNL188825AB,312724427
PNL628881AA,ENJfb820e4bb35dBR
PNL219191AA,ENJ00c7cd981abbBR
PNL184652AB,ENJbb6a728280ebBR
PNL684133AA,667799160
PNL202811AA,ENJf00b74b18afaBR
PNL843010AA,ENJ0845f68c8aefBR
PNL184560AB,ENJ9bfa2727f2f8BR
PNL116718AA,502589538
PNL659096AA,ENJd1e948e8f579BR
PNL546350AA,ENJbb5caabb2d5bBR
PNL879140AA,ENJ3ef67bc13fb8BR
PNL172113AB,ENJf47f6ea0e077BR
PNL537287AA,ENJ118fe959e5bbBR
PNL166133AA,ENJ0fc1ba8e7849BR
PNL524244AA,ENJ3228187eae06BR
PNL750354AA,ENJ95fec1028ad1BR
PNL145493AA,ENJ1c325a8d7b49BR
PNL834016AA,ENJcb6ae0689e84BR
PNL923195AA,ENJ2fdaaa428dc7BR
PNL864078AA,ENJ7818c8af20edBR
PNL974443AA,ENJ127c574d0ba7BR
PNL172114AB,ENJ2b12823e9aa3BR
PNL922611AA,362976183
PNL202845AA,ENJebd0bd59356cBR
PNL527357AA,ENJ4a476811ccb5BR
PNL705554AA,ENJ183635610ec9BR
PNL107031AA,ENJ42c415fdfa1aBR
PNL705509AA,ENJd1be4a34da0bBR
PNL193883AA,ENJaedc07ed3729BR
PNL686143AA,ENJ66f51040b65bBR
PNL885787AA,ENJa590be6321caBR
PNL184613AB,ENJd26ae3dbd4dcBR
PNL596130AA,260776987
PNL686104AA,ENJabbe76a0c407BR
PNL691041AA,ENJ0c4acd87e7bbBR
PNL527366AA,158715187
PNL909400AA,ENJ5e7702dd5997BR
PNL694719AA,35575906
PNL204510AB,ENJef007bdf4659BR
PNL837519AA,ENJ769506857528BR
PNL676259AA,ENJf91bc9f828b5BR
PNL870268AA,ENJ90a6631a0c0eBR
PNL713281AA,480482720
PNL920809AA,ENJ9eba3c824ddcBR
PNL897193AA,ENJ397a29616e2bBR
PNL166127AA,118763767
PNL477340AA,ENJ1d9e8ee003d3BR
PNL747417AA,ENJ3077f7b5669cBR
PNL153961AA,338507167
PNL628824AA,ENJ43d128bc72b1BR
PNL869386AA,ENJ555e964c1ea0BR
PNL455759AA,ENJbdee598b9760BR
PNL188986AB,ENJ265b6cd73188BR
PNL905272AA,ENJ39d326e81529BR
PNL690665AA,ENJ4c7d6f89b412BR
PNL193912AA,16204594
PNL218859AA,ENJaf9fafc4d2e3BR
PNL202803AA,ENJ538c15d3f771BR
PNL855217AA,ENJ04d820695033BR
PNL102206AA,ENJ3b874228e8f9BR
PNL892213AA,ENJ7d2b909bc376BR
PNL830419AA,ENJ608f875d3ac3BR
PNL913258AA,ENJ5a542298a9bdBR
PNL896215AA,ENJddf2140e729fBR
PNL686138AA,832757795
PNL693127AA,333246286
PNL227696AA,ENJ3841e676e960BR
PNL540261AA,ENJ04aadcb30219BR
PNL636623AA,ENJd4b280c5cc83BR
PNL724287AA,676273007
PNL705511AA,22262973
PNL868842AA,ENJ30d108213568BR
PNL740624AA,ENJc453098a916cBR
PNL923678AA,ENJ61ce5cf30625BR
PNL525987AA,ENJ60a8fd8a9eb4BR
PNL882359AA,ENJ9ce04b32de02BR
PNL705530AA,ENJa0f7a0aafc4cBR
PNL626892AA,ENJd4a8fa58fe28BR
PNL882617AA,ENJfa5f0ccb0adbBR
PNL837574AA,ENJc7e35a5d49c3BR
PNL891235AA,ENJa6ad5e36681fBR
PNL833984AA,ENJ07a0b17611a5BR
PNL598954AA,ENJ03452d6f1485BR
PNL632896AA,ENJ679a478a4e0eBR
PNL830433AA,ENJe0683731f394BR
PNL803710AA,ENJ4c188f85ea6aBR
PNL672641AA,ENJa3c1fe98ceadBR
PNL650612AA,104931658
PNL851457AA,ENJ22ad34d23697BR
PNL913284AA,ENJ3993daeaf985BR
PNL177067AB,813308159
PNL705574AA,ENJ34546a58ac8dBR
PNL845681AA,ENJ3da672127088BR
PNL188659AB,968415980
PNL879186AA,ENJb049413d6e70BR
PNL193993AA,993939720
PNL527373AA,189256310
PNL527432AA,ENJcbe1889499fbBR
PNL850314AA,ENJ9cf7b8ea9dccBR
PNL924196AA,ENJ3c7f91fdf863BR
PNL106810AA,ENJce4ed67bdfd6BR
PNL167922AB,ENJ69867cbac8c6BR
PNL974378AA,ENJ93367efdb432BR
PNL878930AA,507171234
PNL704814AA,ENJ9ad9ec75962dBR
PNL905274AA,697576501
PNL183602AB,ENJ0c1bdb27805dBR
PNL837536AA,ENJ98aa1bf83d81BR
PNL676270AA,ENJ700516d5a853BR
PNL880468AA,ENJa4e1f3e13113BR
PNL664684AA,ENJcfc9a355cf23BR
PNL906956AA,606932911
PNL714869AA,ENJ259254373d22BR
PNL100801AA,ENJd419df4051bcBR
PNL666662AA,778805380
PNL868825AA,ENJ366a3398e57aBR
PNL724291AA,ENJ856df45977dcBR
PNL664717AA,ENJa367513b0e36BR
PNL619053AA,ENJ96541fbc6c28BR
PNL698727AA,479512422
PNL188993AB,ENJ2333d290310fBR
PNL866977AA,ENJa23d541b2661BR
PNL497373AA,ENJ5db713353d44BR
PNL202815AA,ENJ8200049cd749BR
PNL042809AA,ENJ0e1788a0b215BR
PNL648242AA,ENJd887ff7417bdBR
PNL646032AA,ENJ70e81769b763BR
PNL084527AA,ENJfc1fbbb94751BR
PNL910747AA,ENJe4a9943f05beBR
PNL909408AA,ENJ3ae5e501fa36BR
PNL702478AA,544909004
PNL525953AA,ENJ6857f2e5ea01BR
PNL107035AA,ENJb231bba9d78fBR
PNL845662AA,ENJf095576d95acBR
PNL382744AA,ENJ650d063da930BR
PNL188790AB,ENJb4b3c23a80d4BR
PNL881992AA,ENJ05b9a30eac97BR
PNL676242AA,586446555
PNL680140AA,284208721
PNL026586AA,232709180
PNL718016AA,671391683
PNL626873AA,ENJ078570cd2c2cBR
PNL905280AA,ENJ97b67623f4e4BR
PNL870273AA,ENJ903173b0e2d8BR
PNL740660AA,632805648
PNL497370AA,ENJca90ef0c1c1bBR
PNL184591AB,ENJ28a3e172d334BR
PNL704819AA,ENJ4cab18d7124dBR
PNL905338AA,ENJaee28222bdfbBR
PNL709473AA,ENJa716f8da67d0BR
PNL686150AA,985865302
PNL193881AA,ENJ907c58a10978BR
PNL891263AA,223670551
PNL910733AA,ENJ4ea63cd03eecBR
PNL666677AA,ENJ7c41a2552895BR
PNL514964AA,167156379
PNL697519AA,ENJ0b0130d6281bBR
PNL702496AA,ENJb3aa5959890aBR
PNL880450AA,ENJa4c1dca1d685BR
PNL251676AA,ENJfcccae6e93ffBR
PNL687275AA,ENJ353d793cfa57BR
PNL537286AA,ENJ71b1bd633ba0BR
PNL698691AA,ENJb69eca774839BR
PNL676248AA,ENJd7e89b3601e8BR
PNL698750AA,ENJ43aac50cdcd0BR
PNL574871AA,ENJ4655b9598cc5BR
PNL545430AA,ENJe78f6ebd18ccBR
PNL684104AA,ENJ161fdffad982BR
PNL537307AA,ENJ6c81f9d2d4eaBR
PNL869349AA,999423174
PNL879149AA,ENJ5a6b8e27209dBR
PNL680134AA,ENJ5e915852b2c4BR
PNL351398AA,ENJ65fab358216cBR
PNL692668AA,9212524
PNL974465AA,ENJac544491d8faBR
PNL803701AA,ENJ8d8ef8f48df6BR
PNL845700AA,ENJ72ef1415add9BR
PNL893018AA,ENJ447fba3f85dfBR
PNL454118AA,ENJ137e73fe7fc6BR
PNL698669AA,ENJ89d1721c7577BR
PNL664645AA,ENJ097103d3f851BR
PNL919743AA,638679062
PNL449383AA,ENJ594b430427d1BR
PNL684111AA,ENJ0d15e9b5c154BR
PNL629643AA,ENJ6b6f6a809f59BR
PNL707490AA,ENJa4f98b386808BR
PNL193992AA,112839230
PNL649033AA,ENJb515a480dfc2BR
PNL740695AA,347275181
PNL100825AA,ENJa983e658d5d0BR
PNL153969AA,ENJ4b94d0df14f8BR
PNL837622AA,ENJ76e4289178e5BR
PNL183587AB,ENJa945f43e423fBR
PNL182434AA,ENJda5810cfda6fBR
PNL454117AA,ENJ7ebff81fd888BR
PNL387221AA,ENJ171952dfa930BR
PNL750361AA,ENJf8db961ae92dBR
PNL897208AA,ENJd81e7491e6a9BR
PNL619038AA,ENJde0b8b83e80dBR
PNL183566AB,ENJdc278e2815aaBR
PNL696179AA,ENJ58306e1fa62dBR
PNL084512AA,ENJe67c4a66617eBR
PNL183592AB,ENJ9fe7ef81d308BR
PNL702475AA,115019144
PNL687298AA,ENJ751b4b214605BR
PNL104511AA,ENJ0b89dfd04468BR
PNL524211AA,ENJ0657c510afa1BR
PNL833983AA,ENJ821d3a1789d0BR
PNL160580AB,ENJc3e9d9f42e48BR
PNL619060AA,ENJa49df93e28f1BR
PNL299177AA,ENJcb35de627699BR
PNL714853AA,575025667
PNL692664AA,ENJ089beff7ce30BR
PNL750382AA,ENJe5a8b6c66597BR
PNL174736AB,ENJ9b914e00f2b3BR
PNL204503AB,ENJa25fb3b68263BR
PNL675474AA,ENJ653d16f43f06BR
PNL845691AA,ENJbff6c5d69bf5BR
PNL732550AA,ENJ60ae00c11fbcBR
PNL600770AA,ENJ898c280f88b8BR
PNL803702AA,ENJ9ce529d352c1BR
PNL172132AB,ENJ7bc2c98deffeBR
PNL897206AA,ENJ2f47a1f8a406BR
PNL432671AA,ENJ85de7d474817BR
PNL882003AA,ENJ542059a30558BR
PNL923209AA,ENJ477bba3bf4f8BR
PNL892234AA,ENJ467e38011f9bBR
PNL924192AA,640736662
PNL622787AA,ENJec54a6531dc2BR
PNL897170AA,ENJ7b0117343ecfBR
PNL851419AA,142708160
PNL855215AA,ENJe0d9511fcfbdBR
PNL851414AA,961956938
PNL172121AB,ENJfa61bb576cddBR
PNL664639AA,ENJ94cfe09f9ea1BR
PNL619055AA,ENJ1a4eae8386bfBR
PNL299178AA,ENJf8845cfbc896BR
PNL166137AA,ENJ5a3fd1a1c192BR
PNL039622AA,ENJ7970658c378eBR
PNL897201AA,ENJ9951e7457d32BR
PNL702481AA,749697951
PNL138769AA,ENJeb0ab51ef16dBR
PNL628814AA,ENJdf4b18dbe16bBR
PNL492825AA,ENJff0bafb08c36BR
PNL750396AA,ENJcdc0a9334e20BR
PNL628807AA,ENJed3262c2abe2BR
PNL606304AA,ENJbed175d8a7c5BR
PNL896222AA,ENJ41aa0876e779BR
PNL100797AA,ENJdd942dc87648BR
PNL187353AA,ENJed1529d911a6BR
PNL737932AA,ENJ20224316242eBR
PNL182432AA,ENJ027f6be6e407BR
PNL891250AA,ENJ2d18d24f86e4BR
PNL920804AA,ENJcda053fc5d40BR
PNL082359AA,ENJ8a0de13dcac2BR
PNL524237AA,ENJ5264cc11ca41BR
PNL911695AA,ENJ98766e3f65a6BR
PNL905281AA,ENJe9dc2e88e050BR
PNL747421AA,ENJ4ac99a499585BR
PNL747392AA,ENJe0b329a35b85BR
PNL449379AA,ENJd2badb4ccee9BR
PNL299193AA,ENJ48c8a86653c5BR
PNL664667AA,ENJ5a914b4e13aeBR
PNL664694AA,ENJ585f38bb505aBR
PNL732540AA,ENJ534556ce2022BR
PNL732534AA,ENJ22de71d3ad8bBR
PNL160010AB,ENJ3e173885e6eaBR
PNL545435AA,ENJ004875aa87caBR
PNL673075AA,ENJf5385d1ca695BR
PNL415481AA,ENJee406c5314fdBR
PNL173008AB,135796637
PNL600751AA,ENJe4d3a180d545BR
PNL680139AA,ENJ020d5234c3b7BR
PNL866964AA,704339579
PNL737918AA,ENJ421dfe490edbBR
PNL919757AA,ENJ1a5bb05d4042BR
PNL851429AA,ENJ9fed9bd4baa0BR
PNL183593AB,ENJa6e408123634BR
PNL160595AB,ENJ61561693caf7BR
PNL726601AA,ENJfcefcdcea505BR
PNL855166AA,ENJ20b1b27cc69eBR
PNL837552AA,ENJd05d1542c735BR
PNL270321AA,311600431
PNL165009AB,376527002
PNL193874AA,ENJ31435bb97512BR
PNL098820AA,ENJ8ac5bfd81f26BR
PNL905271AA,253266390
PNL684794AA,ENJ72ed703fd510BR
PNL699700AA,ENJfe85c53f08e0BR
PNL525992AA,ENJf9d6b81b596fBR
PNL740607AA,ENJ3d334b571cd0BR
PNL882371AA,ENJ5dccbdbdee03BR
PNL160598AB,ENJ1048635c9ed2BR
PNL699690AA,3839478
PNL913278AA,ENJ8d65422487bbBR
PNL527423AA,ENJ6ed31e74dcabBR
PNL686179AA,ENJbcf067340ce2BR
PNL837554AA,ENJ324f865318edBR
PNL869401AA,177732337
PNL731235AA,ENJ402662123518BR
PNL892237AA,ENJb69b3a53d38bBR
PNL160690AB,640837507
PNL644833AA,ENJ7185841d071bBR
PNL882406AA,4239803
PNL673064AA,ENJ6934554d5a57BR
PNL830435AA,ENJ74d80bb64cc3BR
PNL537294AA,ENJ42b4d357f25dBR
PNL188552AA,ENJ8f9568eb5d04BR
PNL845653AA,ENJdc094a9fe682BR
PNL974372AA,ENJ95ca090f99a7BR
PNL905307AA,ENJ206d7089c619BR
PNL666697AA,ENJ0d20ae48dd6cBR
PNL014712AA,ENJbcd51992141dBR
PNL084019AA,ENJ1e873943cc62BR
PNL637617AA,ENJ474d9abc3a9eBR
PNL160606AB,336209765
PNL666696AA,ENJb2b88213c545BR
PNL590783AA,506011268
PNL109002AA,ENJ6f0b24b993cfBR
PNL648229AA,ENJ76d535cb6dfeBR
PNL887078AA,ENJ426dbdc50257BR
PNL538866AA,ENJ959d6d388a77BR
PNL740620AA,ENJ1907e2ffe146BR
PNL202843AA,ENJ5cfe2b6cc397BR
PNL726617AA,639046876
PNL891249AA,ENJ4e6a81797491BR
PNL666687AA,ENJ7f8d2cdaccabBR
PNL600761AA,ENJ3769141d5f76BR
PNL515711AA,ENJ46e55b75c1a3BR
PNL673081AA,ENJeba0926c449cBR
PNL053724AA,884968010
PNL545460AA,ENJ228742f24feaBR
PNL891236AA,ENJef3eb814fe27BR
PNL180014AB,ENJa99e3fb5593aBR
PNL537941AA,ENJ475831f74c13BR
PNL515723AA,ENJ34b1bf6a1ee1BR
PNL167928AB,ENJ7afdbd40e1c9BR
PNL629651AA,ENJb84154a769eeBR
PNL167914AB,ENJ74a255b0d877BR
PNL622422AA,ENJ4749281c68ccBR
PNL898196AA,ENJ9ed0713e2983BR
PNL626877AA,ENJ2d4dfa9980abBR
PNL880448AA,823789590
PNL537929AA,ENJ398c1d18e9b8BR
PNL454626AA,ENJ412abfa28d07BR
PNL833992AA,ENJ603e8fd49505BR
PNL921629AA,ENJbc26359fe05aBR
PNL718015AA,651498388
PNL920285AA,845073753
PNL188731AB,87893902
PNL042818AA,ENJ2b0d33e5e90bBR
PNL628839AA,ENJ7e756b9773b7BR
PNL387220AA,ENJb1a3613b8a64BR
PNL914813AA,85131776
PNL626884AA,ENJc51b0930ff9cBR
PNL167957AB,ENJd3c53908804aBR
PNL673784AA,ENJb4baa476b54aBR
PNL905293AA,ENJ6442941e7f47BR
PNL672651AA,ENJcb1144955079BR
PNL630576AA,ENJ961bcedc939bBR
PNL216811AA,ENJfab6e173dbb6BR
PNL838258AA,ENJcf4c1c7e6316BR
PNL740652AA,245567622
PNL913242AA,ENJ694ef2fef7b7BR
PNL893014AA,ENJ8dd99ce7021dBR
PNL632890AA,ENJ58fe534fdca1BR
PNL581998AA,ENJ0ac6402c2eadBR
PNL540253AA,ENJf9d12c1e669cBR
PNL866973AA,ENJ54897aef7bbfBR
PNL410960AA,ENJ7d1de58887e4BR
PNL919737AA,ENJe8c865c5c1dcBR
PNL919736AA,ENJb04cf95e0c51BR
PNL184548AB,ENJf6b6f3d25c04BR
PNL090494AA,ENJca9992d8502dBR
PNL676244AA,ENJbb697f6d4229BR
PNL297015AA,ENJ265ed4dee8a2BR
PNL193908AA,ENJ6cbe7bc3560eBR
PNL177066AB,921170012
PNL193913AA,276460310
PNL905336AA,ENJ9afe12f0d47bBR
PNL891285AA,ENJ2d11f50bf508BR
PNL674513AA,ENJ6e167d982684BR
PNL497383AA,ENJ12e1a8c976fcBR
PNL606315AA,ENJ262d2d910d1dBR
PNL545424AA,ENJ3853afa73251BR
PNL575252AA,339692842
PNL664725AA,ENJ65b8ada76aecBR
PNL668307AA,76145590
PNL845804AA,ENJ58f083772950BR
PNL974450AA,ENJ8de38a77d159BR
PNL705589AA,ENJ61e22caae75cBR
PNL684790AA,ENJaf320a6484a2BR
PNL299228AA,ENJ106cd70b4c6eBR
PNL692692AA,ENJ1622c563319dBR
PNL416939AA,ENJf3f6d4be4751BR
PNL416946AA,ENJb4f1417d7a9dBR
PNL707497AA,ENJde940c8091a3BR
PNL868824AA,ENJ8235e88f0eb6BR
PNL838300AA,ENJ82703c7077faBR
PNL704825AA,691592558
PNL732553AA,ENJ8300e5697d24BR
PNL193910AA,ENJ2bc835ce25f9BR
PNL838506AA,ENJ0ef1d2840bdfBR
PNL193956AA,ENJ9fa52b8f3630BR
PNL202829AA,ENJ4506473446baBR
PNL160581AB,ENJca08c000562fBR
PNL166105AA,ENJ661795d532b8BR
PNL910761AA,287831105
PNL590780AA,ENJ5933cdf3471bBR
PNL638272AA,ENJ38fa45e0f845BR
PNL628792AA,ENJ0c3667b07f4eBR
PNL193889AA,ENJbade4764e1bcBR
PNL026605AA,ENJf5daaf89ad61BR
PNL581993AA,ENJ33776fca70aaBR
PNL492833AA,ENJ7d5817e1106aBR
PNL654523AA,ENJ272c752dc3c7BR
PNL951570AA,ENJ3428a1256e30BR
PNL110139AA,ENJ01549aafb0deBR
PNL737917AA,ENJe56faaab48c3BR
PNL454115AA,ENJ96fc8845eb4aBR
PNL661933AA,ENJaf964176c740BR
PNL518191AA,49881986
PNL296569AA,ENJ75d779404babBR
PNL524208AA,ENJ4c8f7f1ff669BR
PNL682597AA,922712426
PNL694712AA,156412612
PNL906953AA,55411265
PNL705514AA,ENJdba2d5fa2ba3BR
PNL408374AA,ENJ38dbb83c727dBR
PNL691038AA,78289415
PNL408387AA,ENJ96316c3a5b93BR
PNL184566AB,ENJ9d434d9b6f09BR
PNL974389AA,ENJcba6b6623e3eBR
PNL661834AA,275440723
PNL909418AA,ENJ8fbf3791ea6fBR
PNL180003AB,ENJ8d8cd1cf439bBR
PNL711243AA,ENJ493581882ad2BR
PNL747379AA,ENJ8129fd60c5abBR
PNL661005AA,775353362
PNL546339AA,ENJ161789eedd23BR
PNL868849AA,751975244
PNL686116AA,ENJ881f7aa6bf24BR
PNL955036AA,ENJ1f01513a9ab7BR
PNL537290AA,ENJb4883c72a44aBR
PNL106814AA,ENJe047f759d954BR
PNL026603AA,ENJ6a8d6ae3bf2bBR
PNL183586AB,ENJ10853d33f3d6BR
PNL171785AA,936805929
PNL606310AA,ENJ01bcfb582d1fBR
PNL675465AA,69083179
PNL537283AA,ENJ3dd4fc5008abBR
PNL699674AA,ENJ1e2ae58d1d2dBR
PNL697517AA,511438612
PNL910751AA,ENJfca79574f4e2BR
PNL692673AA,ENJ1dd7f51de5c0BR
PNL100798AA,ENJa6ef2921f9aaBR
PNL661931AA,ENJ0f0d5dc447e3BR
PNL219164AA,ENJ4049ba0a91e6BR
PNL626879AA,ENJ3adc82e70decBR
PNL385188AA,ENJabff34dc7309BR
PNL167933AB,ENJb6c03c228b1eBR
PNL649038AA,ENJ351ffea1af08BR
PNL740600AA,221705812
PNL599189AA,449440214
PNL747376AA,ENJ027e62b71057BR
PNL193940AA,ENJ6f9f03e29ffbBR
PNL726620AA,ENJ80091457f5e1BR
PNL880441AA,ENJ8faeab3d0c19BR
PNL380065AA,ENJd10a03d64abbBR
PNL059268AA,ENJffb135193420BR
PNL877316AA,ENJab03d4f0f06dBR
PNL518188AA,89730742
PNL868832AA,ENJ7ea0313f7a3bBR
PNL082361AA,ENJ36e4466fc3c3BR
PNL173002AB,ENJ18949981156fBR
PNL974393AA,ENJ38294ea66c05BR
PNL193888AA,ENJ5a676fa38321BR
PNL219166AA,ENJ75bdc91c6c97BR
PNL694714AA,ENJ80aa20635e80BR
PNL188786AB,ENJ908117094eb2BR
PNL924195AA,ENJ8132d5e34c18BR
PNL747401AA,532999983
PNL664682AA,665803993
PNL684769AA,ENJ974a171104e7BR
PNL090498AA,ENJ6947fd8fb853BR
PNL160584AB,ENJ9625696aff7bBR
PNL632887AA,ENJ1d914d445862BR
PNL666666AA,862349619
PNL666675AA,ENJ0bfdb46b0b2eBR
PNL921325AA,166489246
PNL923198AA,41676694
PNL666734AA,ENJ67811f98359fBR
PNL600419AA,ENJ1dd3ea96cd5eBR
PNL680687AA,ENJ932e09cc819fBR
PNL166115AA,ENJfa0b16ef6e42BR
PNL698703AA,ENJ81e38a9564e0BR
PNL259839AA,305186958
PNL837590AA,ENJf4e6dbdec94cBR
PNL870290AA,ENJ2de53ae3507fBR
PNL833975AA,ENJ12c65bbec646BR
PNL656260AA,799374154
PNL003461AA,417356182
PNL684830AA,ENJ12f349603123BR
PNL887110AA,126449178
PNL098440AA,ENJ2bd0f3cac136BR
PNL830454AA,ENJ4f1cc1b7ce2dBR
PNL830431AA,ENJ7232d9a0aec1BR
PNL747361AA,944148781
PNL896231AA,ENJcd8bb657d439BR
PNL598942AA,ENJd61c26d0a37dBR
PNL880464AA,464260728
PNL184617AB,ENJ310289efcc5cBR
PNL636620AA,ENJ20718cc29bd9BR
PNL750429AA,ENJ98dfa4fa03a2BR
PNL699696AA,291412342
PNL105313AA,ENJa0cdf5f9e827BR
PNL167963AB,ENJ8766cb299f0cBR
PNL951563AA,ENJ14ccf7f77f3cBR
PNL922620AA,ENJ5bd6a6b453adBR
PNL191148AA,ENJ0d0256f04f2aBR
PNL527316AA,ENJaa06234d9e13BR
PNL747365AA,ENJaa3421ff6148BR
PNL861070AA,ENJ1b88bf43f070BR
PNL914809AA,353792480
PNL167944AB,ENJbaebfcdc75a4BR
PNL911699AA,331284458
PNL664713AA,ENJ524ca9626422BR
PNL107021AA,ENJ05ada30bf4a7BR
PNL737935AA,ENJab8ec2be6dc1BR
PNL705518AA,ENJ4568f2b2de80BR
PNL183597AB,ENJc87000a7f747BR
PNL383351AA,ENJ17247128d0ebBR
PNL737976AA,ENJc6def615d82bBR
PNL296568AA,928142905
PNL855213AA,ENJf8064bb152aeBR
PNL696176AA,ENJ211ec6368eedBR
PNL914778AA,ENJe7797776cfddBR
PNL183567AB,227057066
PNL659098AA,ENJ0222611afc27BR
PNL014701AA,313008430
PNL112568AA,ENJ878d0ae4824bBR
PNL683506AA,ENJa94bb7d6359aBR
PNL107020AA,ENJ0d7bffb68662BR
PNL869360AA,ENJ9c500073ed20BR
PNL408371AA,ENJa69fccd6e109BR
PNL915118AA,809750950
PNL106815AA,ENJ97cf75c6a1e0BR
PNL100800AA,ENJ8331314307dfBR
PNL525990AA,41063884
PNL664635AA,ENJd243ba84ba26BR
PNL483233AA,ENJd9ca65a4fe4eBR
PNL664637AA,ENJ65a14606cb73BR
PNL974418AA,ENJ6793f4badd75BR
PNL892225AA,ENJf2f945d84b36BR
PNL897180AA,944613367
PNL160582AB,339692111
PNL686083AA,485381747
PNL879145AA,ENJ693ba0e873a4BR
PNL637599AA,ENJ58eedf9d6148BR
PNL174752AB,717736144
PNL731536AA,259035922
PNL855234AA,ENJ97ec415dd0e2BR
PNL851408AA,298381715
PNL381731AA,ENJ8862b1c5024cBR
PNL664650AA,ENJ30dc2d51a166BR
PNL619040AA,ENJ26fa587606ebBR
PNL193853AA,657534116
PNL102218AA,ENJc4a310312c13BR
PNL868833AA,ENJc9c899f6c451BR
PNL350415AA,ENJd2f5f28b2753BR
PNL184558AB,ENJ2d78b6832353BR
PNL622429AA,ENJ585f55efc493BR
PNL702472AA,ENJ0dca6088e3f4BR
PNL906974AA,149635832
PNL830912AA,ENJ6c078e589a13BR
PNL630578AA,ENJ8f6945d543ebBR
PNL845651AA,ENJ628f28a68814BR
PNL887079AA,ENJ1e8998c92f1eBR
PNL914777AA,171532071
PNL629638AA,ENJ07d6ae03ba2eBR
PNL731227AA,ENJ388bdb75da9dBR
PNL922155AA,ENJ086cb7234d6fBR
PNL906955AA,ENJ3c152b8e51cbBR
PNL454618AA,ENJ24454e788467BR
PNL683537AA,ENJ6637e500e409BR
PNL747368AA,ENJ9e0a91514f8aBR
PNL905290AA,ENJ8fff252f47b4BR
PNL433812AA,ENJ385b80cef470BR
PNL707499AA,ENJ601229490653BR
PNL869415AA,ENJbf509fd49560BR
PNL847828AA,ENJ5cf93a359040BR
PNL649029AA,ENJ0f5715e3b8d1BR
PNL726619AA,ENJf365b4c6a50fBR
PNL724295AA,ENJ4d832c0c810cBR
PNL251672AA,ENJca47a4a6f50cBR
PNL909419AA,ENJadd7b6252888BR
PNL204505AB,ENJ5d776ad84077BR
PNL913247AA,63551025
PNL025372AA,ENJ7e237d7064cfBR
PNL910765AA,623100532
PNL740730AA,ENJ94e3b87fe749BR
PNL698770AA,781989551
PNL527321AA,944038016
PNL178428AA,479643962
PNL921651AA,ENJfcf594024eabBR
PNL731549AA,ENJ965739c8fe66BR
PNL710008AA,ENJb568a31f1830BR
PNL563702AA,ENJf7e432cd719bBR
PNL563475AA,ENJaca4266f5edfBR
PNL648234AA,ENJ2468dadb88f5BR
PNL408397AA,ENJ669f2b568844BR
PNL877545AA,857758790
PNL097986AA,ENJ6e7e19cc397bBR
PNL851404AA,ENJd3751265434aBR
PNL845672AA,ENJ7f4cc30c4b54BR
PNL193872AA,ENJ4f6443f27169BR
PNL166134AA,683000523
PNL684802AA,923928609
PNL705599AA,ENJeff87ed95659BR
PNL183053AB,ENJ19a4fb4f04caBR
PNL877559AA,ENJ85791b2b063aBR
PNL656254AA,ENJf8d79d2c9d82BR
PNL921596AA,ENJ1d68d5e065f3BR
PNL666746AA,ENJ3273861eed32BR
PNL906983AA,314572115
PNL917108AA,ENJ3f8b96f82be8BR
PNL886990AA,ENJ964d30b3a732BR
PNL726658AA,ENJ80f67182dd81BR
PNL545437AA,ENJe25f4d7d60bbBR
PNL299189AA,ENJ8f0938e89db1BR
PNL098401AA,ENJ723a6c66b5abBR
PNL740654AA,ENJ8c5b598b5513BR
PNL747373AA,ENJ58a1dcf3f649BR
PNL084518AA,ENJ9a0ebb72e4d2BR
PNL207330AA,23987304
PNL698694AA,ENJ91079df4a02eBR
PNL855171AA,ENJe444f245a47fBR
PNL026566AA,128895
PNL686114AA,391651082
PNL680157AA,ENJdb02fa60f50dBR
PNL897205AA,ENJ2222ed8b9c07BR
PNL649547AA,ENJ08e003aeb641BR
PNL922608AA,901098899
PNL600771AA,ENJ13812e149c5dBR
PNL922175AA,ENJ1502c01c787aBR
PNL866958AA,ENJ385e9f5374aeBR
PNL737927AA,483069743
PNL654530AA,ENJ3c2f0d3dc023BR
PNL864087AA,ENJea8e3199b9a6BR
PNL649044AA,ENJdad722319ee4BR
PNL628812AA,ENJ25a8e8142ddaBR
PNL638256AA,ENJ5c7fdc890c40BR
PNL425392AA,ENJa5c4be6431d9BR
PNL354158AA,ENJ4ceedf249951BR
PNL581996AA,ENJ506d36c8e573BR
PNL299188AA,ENJaf9a7d71b4e5BR
PNL628873AA,ENJ87d9819608c8BR
PNL907792AA,ENJacb1b557b2f5BR
PNL538861AA,ENJ218684f751c9BR
PNL140582AA,ENJ1780c0e1027cBR
PNL188729AB,ENJfd13807c7dddBR
PNL833982AA,ENJf32306bae397BR
PNL432382AA,ENJd85c1fa3aac8BR
PNL160579AB,ENJ13006abbc0f2BR
PNL178425AA,433139863
PNL697511AA,211908848
PNL538878AA,ENJ2788621470abBR
PNL188650AB,ENJf759730ee739BR
PNL830491AA,ENJbe8f7b81eac1BR
PNL683504AA,ENJc5cb4ba90e14BR
PNL732554AA,ENJb2c8fbf91a1cBR
PNL917109AA,742591898
PNL698760AA,ENJ8309b0558aeaBR
PNL515714AA,ENJb6503b51f78dBR
PNL838271AA,ENJc1dafeb656a1BR
PNL358082AA,ENJ00866eecd28fBR
PNL161648AB,ENJe272d9e2dc5bBR
PNL877281AA,ENJab0945dcf9e6BR
PNL622788AA,ENJ87326d3646e4BR
PNL834020AA,ENJ47aef77b3722BR
PNL439327AA,ENJ0ae61a8e9238BR
PNL732558AA,ENJ796764cb8fcbBR
PNL698775AA,15769130
PNL648267AA,ENJcd439334f069BR
PNL184661AB,ENJ12e80697c00eBR
PNL849708AA,ENJ18fce2c57964BR
PNL184657AB,ENJ721c0422701dBR
PNL654543AA,ENJ62c712b0148eBR
PNL619094AA,ENJf4cdf8b36718BR
PNL025366AA,ENJ8de060eeb746BR
PNL527365AA,ENJd30eb906d85eBR
PNL606303AA,ENJ60f4e43a329aBR
PNL714845AA,ENJa97865eab686BR
PNL704813AA,ENJc8f9dbdeda5eBR
PNL709459AA,ENJda0f714a487cBR
PNL830463AA,ENJ0ce0171ec84bBR
PNL877560AA,104535622
PNL726613AA,ENJ266556f89364BR
PNL678345AA,190458784
PNL367758AA,ENJ0b944a35c62eBR
PNL922166AA,116285185
PNL698672AA,ENJ1f04bf60a272BR
PNL691013AA,ENJ6d6188d2669bBR
PNL299229AA,ENJ85d7d2c69b6bBR
PNL684803AA,115993610
PNL514952AA,ENJ9eebadb2aeebBR
PNL699686AA,854142135
PNL737946AA,ENJ76b82cfeebb3BR
PNL923194AA,265762294
PNL891666AA,ENJ40de28381e0aBR
PNL845502AA,ENJfedde834c0e6BR
PNL732557AA,ENJ390cca4da374BR
PNL686084AA,692425139
PNL039615AA,ENJfd83e7e9b9b2BR
PNL254818AA,900830835
PNL486113AA,ENJ7cd7e77d8b03BR
PNL886989AA,ENJ2bedcb91550cBR
PNL026592AA,ENJ0cc752fe5962BR
PNL919746AA,ENJ122eb08babb5BR
PNL107016AA,ENJ5438cabe160aBR
PNL974467AA,ENJ3ce62e0190c2BR
PNL514978AA,ENJ126630faa5a5BR
PNL236808AA,ENJ7bfe29ddfa4bBR
PNL673764AA,76536701
PNL698689AA,493387552
PNL869380AA,ENJ835db75d5e41BR
PNL830438AA,ENJ41c1f543f13dBR
PNL692675AA,160576611
PNL363423AA,ENJ15c689ac3a2cBR
PNL527358AA,ENJb920bfda83d7BR
PNL449380AA,ENJ96234bcd12cbBR
PNL866947AA,ENJ92899a9ed36eBR
PNL600758AA,ENJ0b6717c410d7BR
PNL514983AA,10941182
PNL161650AB,ENJe7ed173ae6e8BR
PNL684098AA,ENJb5a913d5c125BR
PNL737915AA,ENJ9b033bbe0c7bBR
PNL174727AB,661355363
PNL545444AA,ENJe127809c3910BR
PNL628819AA,ENJ2b58c0fa3e4dBR
PNL905273AA,ENJd4f0b8fad347BR
PNL974416AA,ENJfc4b1bc1dcc3BR
PNL887082AA,615777203
PNL869379AA,ENJ9eea1cd1af0cBR
PNL683553AA,ENJ1d4dd9da1bb3BR
PNL664664AA,ENJf661f7f07765BR
PNL887081AA,736743809
PNL924221AA,ENJ8384960a4268BR
PNL917107AA,ENJdb072daf0197BR
PNL870270AA,451073543
PNL477344AA,ENJ954d6bbd9baaBR
PNL537285AA,ENJ83232d922689BR
PNL527351AA,ENJ435544a5415fBR
PNL868834AA,ENJ850db9051dc9BR
PNL672652AA,435232465
PNL599163AA,ENJ6e24000a80afBR
PNL902073AA,ENJ5e9052b8d65aBR
PNL747348AA,870831251
PNL514956AA,ENJb3156543317aBR
PNL628800AA,ENJ094bee15ce95BR
PNL106838AA,ENJdbf227b99b93BR
PNL896658AA,469066368
PNL025365AA,ENJ984ea9dcd176BR
PNL870291AA,ENJ1a837fe825c2BR
PNL699682AA,837499418
PNL112141AA,ENJebf40b2602c0BR
PNL698675AA,442500314
PNL473788AA,ENJf715a90538b7BR
PNL885788AA,ENJ71559563551cBR
PNL704815AA,ENJ527ed5d90355BR
PNL596125AA,ENJ86af52c6ffa1BR
PNL740633AA,ENJ1ab53990e639BR
PNL296566AA,ENJ4c3529c8617dBR
PNL188981AB,ENJaec50f3cf11cBR
PNL026596AA,ENJ61c4ffbfba65BR
PNL847822AA,ENJ19e67dc81992BR
PNL838284AA,ENJ32368e2e6d34BR
PNL905284AA,783804646
PNL540271AA,ENJ029592fa840eBR
PNL855218AA,ENJ3feb2162bda0BR
PNL914772AA,678557741
PNL242297AA,909228059
PNL167911AB,773831459
PNL880472AA,ENJf3e78b07565fBR
PNL661948AA,ENJ0950140743e2BR
PNL626918AA,ENJa39fdcfaaa2dBR
PNL251656AA,ENJ5c1a8becf364BR
PNL974493AA,ENJ4ac6f1e62aa2BR
PNL545426AA,ENJ40e1e8f0721aBR
PNL425395AA,ENJa3328d133ff3BR
PNL679525AA,ENJf1daded03e88BR
PNL887077AA,ENJ62bda699cf34BR
PNL038259AA,ENJ63e32eed6f16BR
PNL922622AA,836949800
PNL014716AA,954527807
PNL668315AA,629822142
PNL896281AA,ENJ0d4ac51a137fBR
PNL193975AA,728103110
PNL666747AA,425333549
PNL600461AA,719635850
PNL666774AA,174472855
PNL877557AA,624164085
PNL830393AA,ENJb03c69de632dBR
PNL188619AB,ENJ1792fd9c86d0BR
PNL676253AA,ENJe0cbe8eaa37aBR
PNL637600AA,ENJ1149bf128371BR
PNL187356AA,ENJdc1e57189053BR
PNL381476AA,ENJ06e107ecb037BR
PNL750415AA,ENJ11bf27c85a22BR
PNL057926AA,ENJ8e242149d987BR
PNL837513AA,ENJ294e6df5f1f2BR
PNL686618AA,ENJ0b2875dc3d0dBR
PNL546336AA,ENJ29af3023162fBR
PNL668285AA,ENJ7c3da5634caaBR
PNL295691AA,ENJ2d4c07ff92c7BR
PNL922158AA,ENJ808c650f27fdBR
PNL698712AA,573391308
PNL661855AA,ENJecdeb53fab6dBR
PNL866957AA,ENJ63ebc9af2ff2BR
PNL514986AA,ENJ6d1fdee94132BR
PNL845498AA,ENJeeb5939377eaBR
PNL737977AA,ENJa23c36f4c187BR
PNL408351AA,ENJef5af8cb6e9dBR
PNL747381AA,ENJ8f134216e9cbBR
PNL183573AB,20828537
PNL649024AA,ENJ02ec5481d14aBR
PNL140580AA,ENJe877f6604824BR
PNL098818AA,ENJ85d80fd34b49BR
PNL537323AA,ENJ0691792f7e4bBR
PNL184563AB,ENJc5b807624d40BR
PNL599160AA,839969857
PNL847357AA,ENJ3963d790f0bbBR
PNL861068AA,426577998
PNL974484AA,ENJ84600e60adbbBR
PNL747341AA,ENJ54e77280297bBR
PNL877289AA,424866847
PNL803722AA,ENJ00f594a35d47BR
PNL486121AA,ENJ7b1ab11282a0BR
PNL974379AA,ENJ029a6d754703BR
PNL100802AA,ENJ783ebb141896BR
PNL737936AA,ENJae0f271833afBR
PNL830936AA,ENJ7ef02b55b3f1BR
PNL661019AA,676112328
PNL373843AA,ENJff11dda4b782BR
PNL102217AA,ENJdc0dbb81800fBR
PNL026591AA,ENJ9586c39e823aBR
PNL574876AA,ENJ5223c001db9eBR
PNL705510AA,889378132
PNL676249AA,ENJd35360260c60BR
PNL183588AB,990226037
PNL666698AA,ENJ08a8d2240d6aBR
PNL851382AA,378591462
PNL803718AA,ENJf7e9c44ef1d8BR
PNL151504AB,ENJ36bd7dbd511fBR
PNL632883AA,ENJ4c915333a132BR
PNL905320AA,ENJ5baf786d0910BR
PNL896228AA,ENJ95c2cdfcab56BR
PNL629654AA,ENJ9e0aeb69c63aBR
PNL416930AA,ENJ1da246b24c97BR
PNL177065AB,ENJbe9d671f4082BR
PNL483260AA,ENJ53d81507ad70BR
PNL184570AB,ENJ09e53c5d04d4BR
PNL864122AA,ENJ0a0c9b39475fBR
PNL891647AA,54926067
PNL605448AA,ENJc4b818587081BR
PNL737920AA,ENJ4817a2545aa0BR
PNL827511AA,ENJ0a026a700febBR
PNL713280AA,297407789
PNL726590AA,921806223
PNL974429AA,ENJ4a5e72384599BR
PNL524219AA,ENJbe3ec9d23f7bBR
PNL525954AA,ENJ555ceee98c4fBR
PNL524209AA,ENJ736ea7b12439BR
PNL855173AA,ENJ115679249f78BR
PNL645540AA,ENJfd5c8c5bc568BR
PNL649548AA,ENJ878192251d5bBR
PNL898197AA,ENJb355fbfd07eeBR
PNL207333AA,ENJdfdd75006025BR
PNL837591AA,ENJ0f3c47a1d789BR
PNL184596AB,ENJe25d4b60920bBR
PNL177061AB,ENJbff103d14b26BR
PNL847344AA,ENJ2221ceec0df6BR
PNL540278AA,ENJf5fc30a57cf5BR
PNL673063AA,ENJ33408169d880BR
PNL877583AA,297499149
PNL664654AA,ENJ277f2e6bc441BR
PNL891272AA,ENJ8131e13b55cfBR
PNL864114AA,ENJ66d1e56fa23eBR
PNL855205AA,ENJ46744c2e47b2BR
PNL747355AA,ENJ7b4120ebc1cdBR
PNL462928AA,ENJb04272cb5980BR
PNL680684AA,ENJafaa0e8b977cBR
PNL664672AA,ENJ9f346139428cBR
PNL686107AA,ENJ04d069740418BR
PNL866980AA,ENJ78bfe66cda02BR
PNL879134AA,ENJ68bf7e97d58fBR
PNL922615AA,ENJdb0f3d4d4ad0BR
PNL259844AA,ENJ10691760cc4cBR
PNL465891AA,ENJf71df9822819BR
PNL640663AA,ENJ463fd2e63a15BR
PNL921312AA,786163498
PNL698752AA,ENJ31b6e535f5caBR
PNL737999AA,ENJ5e10e2e55cb2BR
PNL559483AA,211217136
PNL188656AB,ENJ2e8b50ee4cf3BR
PNL740591AA,ENJd3580d93da57BR
PNL676245AA,ENJ9cc8dfe2e3fbBR
PNL628797AA,ENJeb151ee0a40dBR
PNL559473AA,ENJ32ba6b1fe5e0BR
PNL104066AA,ENJ6c6c0ecd46d1BR
PNL183574AB,ENJ25a74c5705ffBR
PNL098826AA,ENJ71860b749b72BR
PNL885777AA,ENJ6ac218fdd650BR
PNL162324AA,448647087
PNL866988AA,ENJc9b55aec5fd6BR
PNL882609AA,ENJ8f58fd588b21BR
PNL686617AA,153259363
PNL834002AA,ENJ3aedccfa700dBR
PNL851386AA,ENJd4798d5742e7BR
PNL689024AA,ENJ8091625a55bdBR
PNL923668AA,376701758
PNL919740AA,ENJ52ddcab3ffd7BR
PNL909386AA,678465074
PNL830935AA,ENJ96e3a4224454BR
PNL684771AA,ENJd3a25638bbc1BR
PNL495954AA,ENJf99086ee96aaBR
PNL747385AA,566867143
PNL906954AA,857668617
PNL909394AA,ENJ234b227b9393BR
PNL237973AA,ENJ3ecd19ce4f13BR
PNL974420AA,ENJ9c600d6166a2BR
PNL599190AA,ENJ10d3afa6f7f8BR
PNL917115AA,ENJe315920d8555BR
PNL913257AA,ENJc147aea9fdd8BR
PNL454105AA,ENJc0f8209301edBR
PNL645547AA,ENJa79eaf0099f6BR
PNL540267AA,ENJ6180d276c2f3BR
PNL629655AA,ENJbe0e5cc11038BR
PNL492841AA,ENJe1ef6e239913BR
PNL183617AB,ENJb639de5b4954BR
PNL891312AA,ENJd7c54ee97461BR
PNL684816AA,361984172
PNL847391AA,ENJ348295de9b12BR
PNL151568AB,ENJba677ddba88dBR
PNL682612AA,962297541
PNL454649AA,ENJb25912e22edeBR
PNL882391AA,128668277
PNL206036AB,ENJ62489afa3861BR
PNL452496AA,ENJ274972d3b2a1BR
PNL600782AA,67797750
PNL408433AA,ENJbbd0176b8245BR
PNL026711AA,ENJ13d9cf0c5482BR
PNL537324AA,ENJea7674a680dfBR
PNL697527AA,676418420
PNL683636AA,ENJ4c92987aa5b6BR
PNL726660AA,778652739
PNL747479AA,ENJ25c82caf6a98BR
PNL256954AA,ENJ67ab1b6ad3f6BR
PNL726642AA,ENJe9762ae7fbc2BR
PNL924214AA,ENJ41ce2bf91af6BR
PNL193938AA,ENJc6cd4cf3769dBR
PNL622430AA,643286811
PNL385184AA,ENJc9f52a20bf78BR
PNL882378AA,ENJ50377d0edf3dBR
PNL869408AA,ENJe797af7dc6a7BR
PNL837576AA,ENJ5fab276dd2bbBR
PNL920290AA,ENJ0f2319d0c191BR
PNL654533AA,ENJ88f3defef700BR
PNL289371AA,ENJc6b944bd4004BR
PNL160640AB,ENJ754cb45078c4BR
PNL151594AA,ENJ8a63810b813fBR
PNL838305AA,ENJ29580267c786BR
PNL574875AA,ENJ895028557304BR
PNL161672AB,ENJbc48b073b497BR
PNL408402AA,ENJ22c731bf42d7BR
PNL654537AA,ENJ990389914582BR
PNL084529AA,ENJ0edc5fef5f2aBR
PNL377832AA,ENJ6e2cf3296493BR
PNL206002AB,ENJ696a9fcd55b7BR
PNL563693AA,ENJ5f503e4f82a9BR
PNL679566AA,ENJ44ca92fb84ebBR
PNL845737AA,ENJ22290e47c237BR
PNL527376AA,ENJa8b8af4449d2BR
PNL166135AA,458781855
PNL847366AA,ENJ4d65f91266c9BR
PNL896266AA,ENJ36632072dd56BR
PNL869409AA,ENJ2b17e2e88644BR
PNL359701AA,ENJec551a45689dBR
PNL560322AA,ENJ0a387f9e1c09BR
PNL697525AA,ENJ23ea015d06d2BR
PNL537329AA,ENJ45f1dcf08498BR
PNL923677AA,ENJfafec2bf8bf8BR
PNL160623AB,ENJ615c1c3718acBR
PNL837577AA,ENJ16339ca676fbBR
PNL545441AA,ENJfabc7571f150BR
PNL914810AA,ENJb5803e22790dBR
PNL003458AA,ENJfe8c27e6f4b5BR
PNL891663AA,ENJ69714d9c27efBR
PNL026614AA,ENJda80683e1b1cBR
PNL864125AA,733274324
PNL729004AA,ENJ64083de675a2BR
PNL648251AA,ENJ181a6eb7298eBR
PNL896259AA,ENJfdeefef7347eBR
PNL183069AB,ENJe0a157c12b20BR
PNL740718AA,ENJ92e8b578757bBR
PNL408408AA,ENJ0e0ef0499f23BR
PNL649064AA,ENJ34ee848504baBR
PNL414157AA,ENJde9f815d6508BR
PNL891287AA,447925775
PNL676285AA,ENJ1137e4c2d2d4BR
PNL193954AA,191565377
PNL907808AA,ENJd81b493a455eBR
PNL887104AA,668136097
PNL183648AB,ENJ12a6505142dcBR
PNL527375AA,440853264
PNL636634AA,ENJ7950e23b4287BR
PNL837667AA,ENJ9c82c2f10ddfBR
PNL151553AB,ENJe3dddf23a91fBR
PNL628948AA,ENJ17a9e746d6abBR
PNL180021AB,ENJ92dd6edd7825BR
PNL891240AA,ENJ7432f0445ae0BR
PNL454622AA,ENJecdffc1b30d0BR
PNL747453AA,336932485
PNL680696AA,682376167
PNL882361AA,413983223
PNL039627AA,ENJae0da11f2067BR
PNL405636AA,ENJ48513d07697eBR
PNL649037AA,ENJ3a1441d6ff15BR
PNL294622AA,ENJ5c8a19b8833fBR
PNL630573AA,ENJ6bfbb95d781aBR
PNL673076AA,776447645
PNL410984AA,ENJea96e38e6fc7BR
PNL628831AA,ENJ0804915fca49BR
PNL673761AA,ENJ9a01e04421c0BR
PNL112133AA,ENJ5fc129c7581cBR
PNL455757AA,ENJb3d35e0af9d7BR
PNL724580AA,ENJ3244729cc134BR
PNL259840AA,ENJa7c7420ff64cBR
PNL870269AA,ENJ288405f5d27eBR
PNL184580AB,ENJ572f62411024BR
PNL869344AA,ENJ270aa48669d0BR
PNL691023AA,ENJ156fcd45b3ebBR
PNL864086AA,ENJ953cf72d73bdBR
PNL525956AA,ENJee1aa215bf46BR
PNL709469AA,ENJ22c7897283b6BR
PNL105311AA,ENJ954ba18c21fcBR
PNL922164AA,ENJa0f43ccfad47BR
PNL913260AA,ENJ2b46e0211fddBR
PNL188992AB,ENJ4fe4d5a6046fBR
PNL909414AA,ENJf55c8ba1f601BR
PNL540264AA,ENJa59cc9f3d401BR
PNL145494AA,ENJ3b53aea095c7BR
PNL698701AA,121285510
PNL830451AA,ENJf671cef36bc8BR
PNL747377AA,ENJe48f543ca79fBR
PNL847353AA,ENJa4770a879b88BR
PNL974410AA,ENJ6d8d09c42ac8BR
PNL837559AA,ENJf7c13e9dca27BR
PNL845643AA,ENJ66becb4c4674BR
PNL184554AB,ENJ0b7c5f3c2ad6BR
PNL891241AA,355492674
PNL740604AA,53590653
PNL482582AA,ENJae924d37bf3bBR
PNL692707AA,ENJbb9b31a211c8BR
PNL648275AA,ENJc36a840a054fBR
PNL907489AA,ENJ256b191102d7BR
PNL659101AA,82626450
PNL666822AA,ENJaafaf09c38e0BR
PNL845761AA,ENJcc2a1c18bb33BR
PNL527416AA,459968097
PNL630597AA,ENJ91b3a6279a85BR
PNL845801AA,ENJa67682f658e0BR
PNL415493AA,ENJ82cf99c0486aBR
PNL923703AA,ENJcb8501f3b6f5BR
PNL673788AA,ENJ8f4d1fff83e8BR
PNL270323AA,ENJ903d032b9501BR
PNL166141AA,ENJe9d9b226fab4BR
PNL084027AA,ENJ51c3155ec49bBR
PNL838324AA,ENJbba5bee6fac9BR
PNL497388AA,ENJbaa855c8d098BR
PNL897149AA,ENJ4d51392c84c8BR
PNL515737AA,ENJfca9621641daBR
PNL654536AA,ENJdddad2d2cb02BR
PNL206015AB,ENJb256da669347BR
PNL920832AA,ENJ1efd684ec22eBR
PNL684119AA,ENJaa3b9aff13cbBR
PNL619077AA,ENJ83f6635987a2BR
PNL830942AA,ENJ790e5b317988BR
PNL830954AA,ENJ3abb4abc2f59BR
PNL684115AA,ENJ8dbd55a51a01BR
PNL182108AB,ENJecc5ab0ad37dBR
PNL182106AB,ENJ4fde6dc0f29dBR
PNL849692AA,ENJ20cd4cedd825BR
PNL891284AA,ENJc64581c7b660BR
PNL524242AA,ENJe0396d6b736cBR
PNL628869AA,ENJ19c246814a90BR
PNL546345AA,ENJ633d9ee8102cBR
PNL896248AA,ENJ3b47f19a7547BR
PNL605463AA,ENJ53956106dffeBR
PNL683524AA,ENJ28525e40fe8eBR
PNL098811AA,ENJ6bbfeb36de6fBR
PNL638283AA,ENJd779305fd015BR
PNL600454AA,ENJ50f1354f56f8BR
PNL664709AA,ENJe02c19f9b747BR
PNL026601AA,ENJc94f4fd7acd8BR
PNL836247AA,ENJ9a25edf48da5BR
PNL546346AA,ENJb59cc02f5af7BR
PNL202840AA,ENJd9743b27644eBR
PNL098424AA,ENJ20ce173693a6BR
PNL838504AA,ENJc4a22a8f3cc6BR
PNL879165AA,ENJb2c1e4cd0797BR
PNL913259AA,280955633
PNL837546AA,ENJe78ddf5d3951BR
PNL921631AA,ENJf7505323d073BR
PNL847848AA,ENJ40adb6131c47BR
PNL606320AA,ENJc24bfcbf76e7BR
PNL180020AB,ENJ27cd670a1490BR
PNL189374AA,ENJcca3aee06786BR
PNL492837AA,ENJ1bb23543a5fcBR
PNL896246AA,ENJdb94dbbb7c22BR
PNL537336AA,ENJ5884986ea82cBR
PNL356377AA,ENJ2582fdbc95b9BR
PNL838311AA,ENJ67b4e1a3eb35BR
PNL038253AA,ENJ149df650eb9fBR
PNL299233AA,ENJaab95001688eBR
PNL574870AA,ENJ896c1431d388BR
PNL891669AA,ENJ1723b1cd177eBR
PNL193951AA,ENJfb5ddce18eecBR
PNL877312AA,ENJabd10b2d1d1fBR
PNL082362AA,ENJf664ea11e001BR
PNL545454AA,ENJb27c52c3649aBR
PNL867001AA,ENJ2b4d5d19988cBR
PNL879167AA,ENJ3a25a2f1634dBR
PNL563481AA,843362353
PNL440175AA,ENJ176b980659e8BR
PNL678378AA,ENJ41b12efcfce5BR
PNL497391AA,ENJbbf04a99c286BR
PNL026654AA,ENJdf1cc6736a70BR
PNL750450AA,ENJ4643ca4b804eBR
PNL837598AA,ENJ4a46e3ae8e27BR
PNL887100AA,ENJ70bc4a275bbfBR
PNL515741AA,ENJ0e0c4c5e5120BR
PNL673797AA,641215498
PNL698813AA,ENJ80ff1862507fBR
PNL193999AA,ENJ913e9b8805a5BR
PNL683543AA,ENJaac3f4018c58BR
PNL193966AA,ENJa4814391fbf9BR
PNL628943AA,ENJ0e0c55a0ef7fBR
PNL416943AA,ENJb6eb15754972BR
PNL868036AA,ENJ75328e141fdcBR
PNL184647AB,ENJ607f804e5554BR
PNL710027AA,236543498
PNL179039AA,ENJbcb40de1f99cBR
PNL483235AA,ENJ931c894ccd0dBR
PNL586759AA,968296721
PNL537343AA,ENJf4b86a3be6c4BR
PNL377836AA,ENJff4e8d489f2bBR
PNL691073AA,ENJ317feb8a3e0fBR
PNL729026AA,ENJ4a7a0c3b73a1BR
PNL880474AA,970251776
PNL837530AA,ENJ9640f610bdb3BR
PNL704828AA,ENJ53c8df7a6b1cBR
PNL870267AA,ENJdf9f91d3920aBR
PNL737929AA,ENJc9b1d65b5b82BR
PNL672649AA,ENJ08bdfe233770BR
PNL586723AA,ENJb177edaf8061BR
PNL514941AA,ENJ417e3762c6b3BR
PNL740664AA,ENJed067c0f9ef4BR
PNL847820AA,ENJbf722e3fd5cfBR
PNL630575AA,ENJ5e46f8f76fe3BR
PNL705595AA,ENJ2e675ea91a7dBR
PNL382253AA,ENJa194ac7849baBR
PNL296565AA,849186155
PNL693141AA,ENJaf807eea27b9BR
PNL112138AA,ENJ7fab32d94e3bBR
PNL098421AA,ENJ0876d76543eeBR
PNL955038AA,ENJdef2827ae200BR
PNL855250AA,ENJfd4d31544f06BR
PNL887083AA,ENJ1d3c2267a211BR
PNL726656AA,20249299
PNL174724AB,ENJ68989b00e80dBR
PNL656253AA,71193256
PNL542032AA,ENJ85778ef0d7e8BR
PNL190562AB,ENJ1ffa4cbd69e3BR
PNL870299AA,ENJa0e887b70b95BR
PNL216814AA,ENJadf649f026bbBR
PNL920806AA,716305356
PNL686154AA,ENJd10223216a4cBR
PNL098810AA,ENJeceb8c0cd2f7BR
PNL661025AA,ENJ0702a6cf37f6BR
PNL188633AB,849224245
PNL668280AA,ENJfeb485f8d685BR
PNL107019AA,ENJ6371e3adc994BR
PNL666703AA,ENJ54df36fde101BR
PNL702494AA,ENJfdb9d946997fBR
PNL668262AA,ENJ8c2caaacf2f7BR
PNL887075AA,ENJ70cbae998669BR
PNL699673AA,795676885
PNL084540AA,ENJe86ddc8c76ffBR
PNL497394AA,ENJfb39d3346c52BR
PNL424171AA,ENJbcac3be18f7cBR
PNL830957AA,ENJf0c1090e77b0BR
PNL864176AA,ENJ6e8c046c827dBR
PNL837670AA,ENJacc8d6f5f331BR
PNL877322AA,ENJa247161fe2dbBR
PNL726669AA,ENJ4808ae6aca25BR
PNL499097AA,ENJ218967881457BR
PNL632918AA,ENJ68468175b54aBR
PNL851449AA,ENJ9d2865c56373BR
PNL432383AA,ENJd9943d22d983BR
PNL691059AA,ENJ7b6ca44697ffBR
PNL851461AA,24089549
PNL709496AA,204029908
PNL649553AA,ENJ51ffeb3a1a5dBR
PNL600438AA,401109214
PNL679557AA,ENJ42f9bc486a1fBR
PNL718021AA,ENJdb8c4e231ea3BR
PNL724590AA,ENJf608f0f0f6dcBR
PNL178505AB,ENJ62acc52f99dfBR
PNL851441AA,ENJbd1d2d628626BR
PNL891280AA,ENJb9f9b2c61875BR
PNL053727AA,ENJ8b1f872b8651BR
PNL726657AA,ENJa6013d9c5d72BR
PNL906987AA,ENJf5194bd8bf20BR
PNL514997AA,ENJ38d1ea346163BR
PNL483240AA,ENJ90e9ea824f3aBR
PNL845749AA,ENJ5d6b6d49f368BR
PNL525997AA,791714021
PNL664737AA,466545213
PNL922621AA,ENJe72f80bf848fBR
PNL891278AA,ENJb32e67791a54BR
PNL877606AA,ENJaf54c9f3d56cBR
PNL545455AA,ENJ38c80ffe621fBR
PNL907486AA,418853733
PNL864135AA,ENJabe818d24491BR
PNL487490AA,ENJ39c19dce61f7BR
PNL105323AA,ENJc74830686122BR
PNL837529AA,ENJ068e55b78e4dBR
PNL855119AA,ENJef8a9bf36f12BR
PNL845724AA,ENJd7b00c874a0aBR
PNL718011AA,ENJ2b17c117ee14BR
PNL600448AA,ENJ03cf4e5ad694BR
PNL861066AA,ENJd29ad38c60b3BR
PNL705614AA,ENJ8b1da28834daBR
PNL099379AA,ENJc647f5b6c363BR
PNL683551AA,ENJcbb422ee8e35BR
PNL182105AB,ENJ906add8903b7BR
PNL628860AA,ENJ6040595bf9a7BR
PNL731238AA,ENJ72f2a2ea6933BR
PNL923692AA,ENJa6d8ef38161aBR
PNL106832AA,ENJ17560deee0d3BR
PNL586744AA,ENJ20d277bebdb5BR
PNL869411AA,524093541
PNL527391AA,ENJ4dbdfe69264bBR
PNL679570AA,482925428
PNL666755AA,ENJ44a5c96a298eBR
PNL687324AA,ENJ031ede43fd54BR
PNL686219AA,ENJ8fc0470f1890BR
PNL879201AA,ENJbd16202e6012BR
PNL560325AA,149131004
PNL699775AA,959130911
PNL837647AA,ENJcfc9b74af83cBR
PNL868895AA,ENJ2f175edc5d7dBR
PNL837624AA,ENJea5ee1003e28BR
PNL179006AA,75328410
PNL870300AA,ENJ56f48dcb26daBR
PNL543827AA,ENJ910841ad5b68BR
PNL432385AA,ENJ1cf18c55c250BR
PNL666817AA,ENJe8df9e87f570BR
PNL106858AA,ENJ4d4b069b3b7eBR
PNL892236AA,ENJ3a97ff77ccc0BR
PNL698781AA,668595043
PNL440176AA,ENJ727ecb640210BR
PNL487496AA,ENJ34c2c4badd7cBR
PNL699745AA,ENJ14ed0262b654BR
PNL408405AA,ENJca76715623e9BR
PNL864079AA,ENJ4aabe302eb9eBR
PNL628793AA,ENJ4bebb31ed1bbBR
PNL917118AA,ENJ7d8b6364a7f0BR
PNL524261AA,ENJdbf3f64a13f6BR
PNL709492AA,ENJ9e7884c07e0dBR
PNL432386AA,ENJ783742e27c76BR
PNL882405AA,ENJe902270b1ee1BR
PNL408415AA,ENJff7c2fbb26c0BR
PNL682613AA,ENJ3ac603a62668BR
PNL910764AA,545953635
PNL661943AA,657875364
PNL187372AA,ENJ7402402fce8aBR
PNL654526AA,101652852
PNL188627AB,ENJa4838cc14ed4BR
PNL877574AA,630119789
PNL830503AA,ENJ348ad91b6d48BR
PNL838283AA,ENJ16e349e38201BR
PNL731209AA,ENJ99fb77aac9d6BR
PNL495959AA,ENJc219ffe4fe97BR
PNL870282AA,ENJd6ffcfd9ec5bBR
PNL726616AA,ENJ837450db91dcBR
PNL654524AA,ENJ8ea4bf834db1BR
PNL750376AA,ENJ4f7fd7f0c32dBR
PNL026595AA,ENJbc22a53e849eBR
PNL709457AA,34895244
PNL299223AA,ENJ796ad1c910cbBR
PNL880453AA,527970763
PNL915122AA,484976845
PNL599164AA,ENJ3385239e5fe8BR
PNL097982AA,ENJ98015619aaeaBR
PNL920816AA,841907231
PNL833987AA,ENJe3bf1a8107b0BR
PNL454646AA,ENJ54ebac8eb5a6BR
PNL668279AA,612395831
PNL880466AA,ENJ9d0791b24d97BR
PNL581997AA,686967262
PNL299196AA,617077054
PNL921319AA,ENJ9a0100a885f3BR
PNL649031AA,ENJ0993479fc13eBR
PNL910740AA,ENJ4bbc985b1b6cBR
PNL852145AA,ENJbce7111df665BR
PNL849681AA,ENJa8c5e4786a76BR
PNL666667AA,635334005
PNL415485AA,ENJf24e33e3793cBR
PNL664665AA,ENJ7192c132deeeBR
PNL726591AA,ENJbe01df682f00BR
PNL668263AA,489001514
PNL202834AA,149709030
PNL167939AB,12195341
PNL864103AA,ENJ7269405cda13BR
PNL882365AA,ENJ7239b1d9a2abBR
PNL235403AA,ENJ3f56084813d1BR
PNL446750AA,ENJf9e06cd48c4bBR
PNL630593AA,ENJ01c0b1c38a5fBR
PNL260147AA,486659881
PNL891247AA,848182427
PNL892223AA,732165624
PNL668295AA,559063566
PNL880501AA,ENJe32e5675aa09BR
PNL850307AA,ENJ895f31043d3eBR
PNL003468AA,ENJ9b42690b3df0BR
PNL206070AB,ENJ55ba5c3d0817BR
PNL880482AA,464776175
PNL868027AA,ENJd3ec30027ae9BR
PNL740701AA,420364594
PNL650638AA,ENJb3cf148276ccBR
PNL664761AA,ENJ3ae547c152ceBR
PNL847873AA,ENJf32304eb821bBR
PNL183073AB,709471662
PNL456599AA,ENJffc7b5dfc464BR
PNL408418AA,ENJ8bdf83ae9172BR
PNL166174AA,ENJea7b9d5f29b1BR
PNL190581AB,41584477
PNL515743AA,ENJ5a6da9b1adf9BR
PNL726670AA,ENJ7565fd01ce08BR
PNL851499AA,ENJd95b607941aaBR
PNL686631AA,ENJdf5955692bdcBR
PNL405159AA,ENJb27c33a6d970BR
PNL877605AA,ENJfa2e2e40b39bBR
PNL868865AA,ENJ7f1e573035ddBR
PNL924207AA,894494686
PNL718022AA,ENJ0a5fce5bbfc7BR
PNL167966AB,ENJdc36e8b3f710BR
PNL880471AA,316673465
PNL837615AA,ENJ32305babca31BR
PNL923693AA,ENJf793fb2af919BR
PNL537326AA,ENJ2a56705781d4BR
PNL350421AA,ENJ02e0f58c7feeBR
PNL851435AA,ENJ89b0a0277448BR
PNL868013AA,ENJ63534e51c48fBR
PNL855198AA,ENJb9ddd2f22623BR
PNL105325AA,ENJ79c4e8fbec82BR
PNL691043AA,ENJa6276aba4ee3BR
PNL193957AA,ENJa728d7d00310BR
PNL740678AA,ENJ223b6cc7f39eBR
PNL645543AA,ENJ8d9e2b402eb6BR
PNL726650AA,ENJ4067579b5529BR
PNL202836AA,ENJ950309d6c33bBR
PNL909449AA,ENJ4701bde731f7BR
PNL053726AA,ENJ834ebafa5146BR
PNL106827AA,ENJb7c16ce33e8aBR
PNL391766AA,ENJ2babb0f12bbaBR
PNL666736AA,ENJf44e9e5f843bBR
PNL870294AA,ENJbd76e2d7d107BR
PNL179003AA,ENJ755c1ae42271BR
PNL260152AA,ENJ17abe7f6fd61BR
PNL172135AB,ENJd773bf56da51BR
PNL664744AA,ENJb116fb042aedBR
PNL711258AA,ENJ2cccb18c612fBR
PNL726662AA,ENJede44b6a51c1BR
PNL713298AA,ENJd2131add5de1BR
PNL705586AA,281143572
PNL919750AA,ENJac2f069175fbBR
PNL747459AA,ENJ887bed91777eBR
PNL709475AA,ENJ429a8edc8c34BR
PNL537319AA,ENJ8611ef4c3375BR
PNL692689AA,ENJcc5586fd87d1BR
PNL106025AA,ENJc8d9db4874feBR
PNL885801AA,ENJ59b725c1574bBR
PNL868871AA,ENJ578f7c9b41adBR
PNL003457AA,ENJe69bb92a80a6BR
PNL923204AA,ENJ35edd36d1e66BR
PNL219179AA,ENJ675af1023facBR
PNL160025AB,ENJ8cf6c33ecce4BR
PNL177071AB,ENJ27daceaea377BR
PNL106822AA,ENJab1efc00b7efBR
PNL645545AA,ENJ1454b280862fBR
PNL910023AA,879728403
PNL107057AA,ENJ58808c5fe6e0BR
PNL626907AA,ENJ8008940b6dafBR
PNL731236AA,ENJ518f9a4bd1e2BR
PNL684828AA,ENJba8ba4d6163bBR
PNL718024AA,ENJbae9691d5878BR
PNL874513AA,ENJ5e376081945cBR
PNL644824AA,ENJba2b04ee8c8fBR
PNL408412AA,ENJ809e82621e6eBR
PNL299231AA,459904489
PNL003465AA,ENJd427584398f9BR
PNL849701AA,ENJ03711d0e2198BR
PNL487492AA,ENJ269bbab7904cBR
PNL664745AA,765998982
PNL166155AA,ENJ9e73720ebe86BR
PNL690679AA,575628868
PNL687306AA,ENJe0cda8a0a959BR
PNL740707AA,400424745
PNL084049AA,ENJ87473cc83d23BR
PNL868889AA,ENJ8d487f3bf934BR
PNL415499AA,ENJ6da9e9e726c2BR
PNL630601AA,ENJ4bb6b18b3636BR
PNL483231AA,ENJ728e4d85bdd8BR
PNL803756AA,ENJb0151b050bccBR
PNL907811AA,ENJ52ca88d6726cBR
PNL644832AA,ENJ561aa6be15e6BR
PNL183615AB,ENJ196b89a47c35BR
PNL896309AA,171463761
PNL454131AA,ENJa1bd75128f83BR
PNL684837AA,ENJ8d002fa659f5BR
PNL666842AA,ENJ779ced17947cBR
PNL673062AA,ENJ7b7a5f160067BR
PNL803737AA,ENJ478d104292c9BR
PNL628844AA,ENJ3b97f77e1bebBR
PNL686126AA,ENJ72cd90302ff5BR
PNL699705AA,ENJc0d0b56ccbe1BR
PNL678355AA,943877972
PNL880454AA,415326073
PNL885793AA,323688916
PNL540274AA,ENJ972e7dbf4a2dBR
PNL102207AA,ENJ2d16c7185328BR
PNL381482AA,ENJ501882eaec21BR
PNL581994AA,ENJ19c97747c1b5BR
PNL183584AB,ENJd095e39260f0BR
PNL237975AA,ENJ53ebc17a3aa5BR
PNL514962AA,ENJ26c3028ee84eBR
PNL718005AA,756548301
PNL747384AA,ENJ1e550454713dBR
PNL879155AA,ENJ75ecb3650216BR
PNL707488AA,ENJb87c6dd3d0beBR
PNL750365AA,ENJ34b71332d81cBR
PNL524213AA,ENJ106b843b167bBR
PNL837557AA,ENJ0a2a51400eaeBR
PNL184556AB,ENJf3fff09e1a74BR
PNL914806AA,ENJ402c675dff7eBR
PNL914774AA,ENJe5db147bcd7cBR
PNL877321AA,ENJ1022876ed398BR
PNL596139AA,ENJ761b7481c94fBR
PNL605465AA,ENJ5a394b413eb5BR
PNL188636AB,425661430
PNL683556AA,800812239
PNL649558AA,ENJ6d22de441c8eBR
PNL644827AA,ENJ9f4dc21fa84dBR
PNL742531AA,263503832
PNL661021AA,215177277
PNL678373AA,ENJ51b30a9b0384BR
PNL072662AA,ENJ144a983ca148BR
PNL098437AA,ENJ9b11a2070cbeBR
PNL600485AA,ENJ5decd828ba7eBR
PNL183075AB,ENJ47221286bee8BR
PNL750402AA,ENJ114a0a724b75BR
PNL834027AA,ENJ392506d783dfBR
PNL830943AA,ENJfc97cc18e1a4BR
PNL084046AA,ENJc09eff8643b7BR
PNL699732AA,ENJ28a5b3f9e272BR
PNL726652AA,ENJ6ccf7f25401fBR
PNL590798AA,ENJ3b23043aad8cBR
PNL524251AA,117407630
PNL745677AA,ENJ7ffb55d06a56BR
PNL471838AA,ENJb10d4ceb9a05BR
PNL891283AA,ENJa4f6f9b62559BR
PNL868856AA,ENJ18c4722f63daBR
PNL183605AB,ENJ563819695e30BR
PNL537325AA,ENJfcc0a11cd8e4BR
PNL681007AA,ENJea667b0bbabdBR
PNL174753AB,ENJ5dcbdd921b87BR
PNL622808AA,ENJdf18a987d74fBR
PNL098429AA,ENJd20745b06687BR
PNL877610AA,ENJ4b68a5ab9c1bBR
PNL626906AA,ENJ2793343d14aaBR
PNL180027AB,ENJ70ace1f166d8BR
PNL834026AA,ENJ024be09a2d4cBR
PNL171795AA,ENJ841664c207b2BR
PNL664739AA,ENJec99566ae4b9BR
PNL698756AA,ENJf63b1cb40afeBR
PNL538865AA,ENJ824f2481b7e1BR
PNL851438AA,306656013
PNL849696AA,ENJ42ce65add2e4BR
PNL699724AA,ENJ755df05eb17fBR
PNL606317AA,ENJ2c7945abc5c0BR
PNL542050AA,ENJ53cf4c1c4ac3BR
PNL920284AA,ENJ453842ff2c17BR
PNL692690AA,393253903
PNL150673AA,ENJe8ea42f4009eBR
PNL885796AA,ENJfa9011470e59BR
PNL845744AA,ENJcf4a40879929BR
PNL514991AA,173957179
PNL527381AA,ENJ6765abffe341BR
PNL112148AA,ENJb71504902e4fBR
PNL882398AA,ENJ86c2b0d05586BR
PNL371466AA,ENJ94d8907fd4d4BR
PNL638296AA,ENJ1ac5e7144fe7BR
PNL882401AA,ENJ9f0534a83ec0BR
PNL905359AA,ENJ919df88dd3cdBR
PNL664782AA,ENJ50a346f70687BR
PNL188649AB,ENJ813a8cce48a3BR
PNL649559AA,ENJ63ad4644b3ccBR
PNL026634AA,ENJcb49f54cac92BR
PNL487498AA,ENJ20ac93b5b93bBR
PNL666762AA,ENJe314d2a99371BR
PNL747469AA,ENJ659fc3504cd6BR
PNL837710AA,ENJcea7f7fa434cBR
PNL527417AA,ENJb4c08a1020f0BR
PNL913273AA,378134732
PNL686176AA,ENJ5220451f6ba5BR
PNL683616AA,ENJ5017493fa79dBR
PNL845814AA,ENJd5c6ced647d3BR
PNL202841AA,372081586
PNL166148AA,593015565
PNL195944AA,ENJ0fc0f6950a0bBR
PNL747492AA,435938775
PNL454658AA,ENJa98a09ee54f8BR
PNL909397AA,ENJ1138ea3363e7BR
PNL886994AA,ENJff592dab9141BR
PNL486095AA,ENJ7929c62993bcBR
PNL188982AB,ENJ512644be27ccBR
PNL877551AA,674573057
PNL692666AA,ENJ17c23457d89cBR
PNL184572AB,ENJ348ca25221e9BR
PNL636621AA,ENJ86028baf51caBR
PNL737923AA,ENJ8d8de4d4a6d8BR
PNL525958AA,590871516
PNL289364AA,40636425
PNL877600AA,ENJd0e41d27985cBR
PNL868862AA,ENJb02619769753BR
PNL921317AA,ENJfa423a7a2bc3BR
PNL886998AA,ENJaf89b0689082BR
PNL167919AB,ENJceccf1031236BR
PNL830929AA,ENJd5de8820a064BR
PNL830500AA,ENJ28e611ebb5f8BR
PNL922156AA,ENJf619e5e503e5BR
PNL598956AA,20498446
PNL869338AA,ENJfa766d064f8cBR
PNL885782AA,651456165
PNL893010AA,ENJ5b9d2d752556BR
PNL619087AA,ENJad923988ede1BR
PNL702492AA,348812080
PNL257373AA,ENJ607786bb5aceBR
PNL203168AA,ENJac17173ee835BR
PNL664685AA,ENJ32e5c727bd7cBR
PNL847816AA,ENJ5923cc890abcBR
PNL679539AA,202195156
PNL709441AA,ENJ4e51f19ab6cdBR
PNL887073AA,ENJ58a113ba95d9BR
PNL195949AA,ENJcd7eec2bbd47BR
PNL705506AA,ENJab5a489d712fBR
PNL683511AA,107302431
PNL691012AA,ENJ4068cab3ca48BR
PNL160003AB,ENJ1ac72341468cBR
PNL188632AB,ENJ2ea71f787fd0BR
PNL184577AB,ENJ179561d81b8bBR
PNL299197AA,ENJ98468143e9adBR
PNL673077AA,201078795
PNL740634AA,ENJ1e5a6e64043fBR
PNL266275AA,680954371
PNL477348AA,ENJ836c4f8d664dBR
PNL855253AA,32680741
PNL656267AA,ENJ228619a63390BR
PNL180059AB,62860730
PNL187511AB,726702427
PNL497402AA,ENJ063d0522bb1aBR
PNL661043AA,ENJae4b3532a542BR
PNL527407AA,ENJ368e6c96c851BR
PNL803742AA,ENJ311f93803f25BR
PNL920295AA,ENJd42fdebfc3e8BR
PNL640668AA,ENJf75a590e0d78BR
PNL167982AB,ENJbff8fbed518aBR
PNL923689AA,405937928
PNL193980AA,877110585
PNL891288AA,ENJ9d0eac681be4BR
PNL747448AA,ENJ515678c0db29BR
PNL838319AA,ENJ9e94d303b7c6BR
PNL687289AA,ENJc99d8270c92bBR
PNL586743AA,ENJ840e9d1225f8BR
PNL920824AA,697757671
PNL674515AA,ENJ2fe2b639993cBR
PNL693149AA,ENJ78e42a9d0f46BR
PNL666740AA,673625863
PNL410975AA,ENJ18250811cfd2BR
PNL747445AA,670017462
PNL845716AA,ENJ090b6997fa50BR
PNL105330AA,ENJf75370833680BR
PNL747441AA,ENJ99ad8e5524baBR
PNL630598AA,ENJ35b6e7491e5eBR
PNL295700AA,813113266
PNL684109AA,ENJd4c693443db8BR
PNL540280AA,ENJ690a6d994712BR
PNL183066AB,ENJ628f61895197BR
PNL270324AA,ENJ451b83b0d79eBR
PNL696195AA,ENJad42412fe96dBR
PNL649056AA,ENJ2e695b614e33BR
PNL236822AA,ENJee92d5af8763BR
PNL486125AA,ENJ631f530da5a0BR
PNL855121AA,ENJ4bb5a8f4d27aBR
PNL974497AA,ENJe28ff0fd2219BR
PNL924213AA,ENJfe28818cd440BR
PNL666727AA,ENJ1def788cbcd1BR
PNL664735AA,ENJ908cbebb6b83BR
PNL922185AA,ENJb32ed9707816BR
PNL628856AA,ENJ3050ff7f74c5BR
PNL354883AA,ENJafd657f04674BR
PNL473790AA,ENJ9d0fec7485bcBR
PNL492839AA,ENJ6630b8e5cf4dBR
PNL384654AA,ENJe5426b3f8e86BR
PNL905316AA,966860546
PNL193962AA,ENJ35b8dc1341eeBR
PNL190568AB,ENJeb999acb33a3BR
PNL184636AB,ENJ5faeb8d53dbeBR
PNL974472AA,ENJb2f78cadaa82BR
PNL590803AA,ENJae8ccf003d47BR
PNL105336AA,ENJb8d9f6e7ac8bBR
PNL691046AA,ENJc94c82aa0898BR
PNL107742AA,ENJ27fa75a1cbfaBR
PNL193964AA,ENJ3e776b03e7b2BR
PNL921635AA,105121638
PNL920288AA,ENJe19a8e718bf1BR
PNL705592AA,19705286
PNL107052AA,ENJd72d2018b78dBR
PNL160022AB,ENJ2ecdbc6c2bbbBR
PNL686148AA,ENJ07051d494520BR
PNL877301AA,25701096
PNL537947AA,ENJ65f5b211cfebBR
PNL664723AA,ENJ2ba7560597d2BR
PNL382258AA,ENJ3dc71071fef7BR
PNL672678AA,ENJa925b412f0b8BR
PNL499821AA,ENJ885f31c39d95BR
PNL686157AA,ENJ3ce697a22464BR
PNL138774AA,534611263
PNL705572AA,674011269
PNL661996AA,ENJc38fc230b021BR
PNL188634AB,ENJ3632a2c83c00BR
PNL628864AA,ENJd091ebd87689BR
PNL909438AA,ENJ90cb861111d2BR
PNL180023AB,ENJ48d19c1dc86cBR
PNL869412AA,321170359
PNL003456AA,ENJ9c4d56ba3597BR
PNL112150AA,ENJ47d7cf9f4250BR
PNL107069AA,ENJ5875b020bd94BR
PNL917120AA,58781515
PNL187386AA,ENJ465dd22474a9BR
PNL679568AA,963313881
PNL649065AA,ENJ33d4c9b3d841BR
PNL724595AA,ENJ95ee89e98ad6BR
PNL630608AA,ENJ0b2de35d4d96BR
PNL851466AA,ENJ5f34251abb54BR
PNL106851AA,ENJ1bda3c9e2227BR
PNL683618AA,ENJ4bfdff53ff22BR
PNL180075AB,ENJ794813dd1205BR
PNL648291AA,ENJ28cbb9eee7baBR
PNL864171AA,ENJ5da987010602BR
PNL834074AA,ENJcc3182cb7269BR
PNL470892AA,ENJ8728f7b08578BR
PNL107015AA,ENJ2c62e6aaae69BR
PNL165429AA,922176113
PNL183068AB,601189822
PNL891294AA,ENJb82da487c7a8BR
PNL160645AB,ENJ5766e3897a4dBR
PNL869488AA,ENJb21ee0f5fb9aBR
PNL713300AA,ENJ47728de4b6e8BR
PNL845688AA,ENJ013929ba6f19BR
PNL830466AA,ENJ620683744cddBR
PNL359700AA,ENJ9c8e6ea71c25BR
PNL851402AA,ENJceeaad0b86dfBR
PNL486122AA,ENJ14e8aa2dc5b4BR
PNL697521AA,ENJcaf734296429BR
PNL632884AA,ENJd87d5d9686bfBR
PNL891238AA,469571686
PNL619062AA,594953911
PNL082357AA,ENJ3ee3bc920158BR
PNL666670AA,886808439
PNL432379AA,ENJ451ccf23feb6BR
PNL845696AA,ENJd7bc4bebe6dbBR
PNL664738AA,ENJbeee52882accBR
PNL855206AA,ENJd779d1361ddeBR
PNL676246AA,ENJd52cfbd82a28BR
PNL514968AA,116750992
PNL645548AA,ENJcd0b1cc4a0dcBR
PNL649048AA,ENJ6de0812ad4a7BR
PNL171791AA,45994011
PNL377827AA,ENJ23c4d21cf87dBR
PNL133082AA,ENJfb8a51763fc3BR
PNL599165AA,703020392
PNL838291AA,ENJ77136b925cdbBR
PNL160592AB,ENJ0c2a16b59325BR
PNL619042AA,ENJc41df803a1faBR
PNL454610AA,ENJ1015266778b2BR
PNL896212AA,ENJ196e62db7332BR
PNL373840AA,ENJ4cdd96161405BR
PNL098383AA,ENJ369b196781acBR
PNL740593AA,ENJab4100cc8f4aBR
PNL676258AA,54302929
PNL687286AA,ENJa028ae32c002BR
PNL698716AA,885248938
PNL833986AA,ENJbf43506736d1BR
PNL680144AA,ENJccf5b1289403BR
PNL907798AA,ENJ66e1e414e6fcBR
PNL885803AA,ENJb12e78768687BR
PNL598958AA,ENJ21d79cb54f01BR
PNL668281AA,ENJ7f7cde00f34fBR
PNL726648AA,661367385
PNL632907AA,ENJb7e4c759b3c4BR
PNL882373AA,ENJ812d89514bfcBR
PNL294620AA,ENJ9c38826f0285BR
PNL458232AA,ENJdc43e03a3bffBR
PNL619079AA,ENJ15acefc4fefaBR
PNL546337AA,ENJ30272186d692BR
PNL852147AA,ENJ5a88b0876f8eBR
PNL866948AA,ENJeaef8c75b217BR
PNL166110AA,ENJ3dec187c307cBR
PNL882389AA,ENJ3d884605def9BR
PNL838347AA,ENJc30d9801d41bBR
PNL855263AA,ENJ6ed4f54e287bBR
PNL107080AA,ENJe6764f8eb3f2BR
PNL600476AA,ENJ51fad52b861eBR
PNL219187AA,ENJ0d11d3428c76BR
PNL869425AA,647117710
PNL497393AA,ENJe7d9d0296bb5BR
PNL650647AA,ENJd550330ad863BR
PNL951589AA,ENJ0ade7ff7f9ceBR
PNL851493AA,ENJ8d716f6cca51BR
PNL891289AA,ENJb115dbd3aa62BR
PNL726666AA,ENJ7586c9b4ff2fBR
PNL676286AA,ENJc8c7dfac3c59BR
PNL714872AA,ENJ9d81f30b912eBR
PNL861078AA,ENJ478930a971c0BR
PNL689030AA,ENJ68edb1181fbfBR
PNL257376AA,811427598
PNL905358AA,102458460
PNL837716AA,ENJ24eb72edcb62BR
PNL709487AA,431024797
PNL880484AA,915555630
PNL193967AA,667886368
PNL619072AA,172329521
PNL914804AA,ENJf0bf28d3ea84BR
PNL084039AA,ENJ974837e3d57fBR
PNL684120AA,ENJ653690c53674BR
PNL026610AA,ENJee42b66acf74BR
PNL830940AA,ENJ4c2b9e086e61BR
PNL705618AA,ENJe6be3b3bbbbdBR
PNL295702AA,ENJc81bce173ff9BR
PNL686151AA,ENJ0e9534583601BR
PNL686147AA,ENJ253ca2e675f2BR
PNL206026AB,ENJc89a3122b70aBR
PNL692691AA,ENJ04022c87a87fBR
PNL626905AA,ENJ14076119a675BR
PNL586745AA,ENJ0d1f3e2d8290BR
PNL740683AA,ENJ0dd9485cde4eBR
PNL206011AB,ENJ7e7e1e6d891fBR
PNL686155AA,ENJdaca34ba8d47BR
PNL160023AB,ENJd65e8e7dcc05BR
PNL206028AB,ENJ1bbec20ad553BR
PNL645542AA,ENJ0fface84260aBR
PNL837528AA,ENJ7bda9ebac4feBR
PNL628865AA,ENJf57a4057c78bBR
PNL171793AA,745868378
PNL204516AB,ENJ23ff64db0f30BR
PNL686629AA,ENJ2cd9fc6f85b4BR
PNL598962AA,ENJ1e213aad5861BR
PNL747440AA,ENJ7b26d55ace92BR
PNL750424AA,ENJ728409d01c1dBR
PNL102670AA,ENJd8566ae02345BR
PNL910758AA,ENJ4848d1d934f9BR
PNL600453AA,ENJ63b80f36b35eBR
PNL596148AA,ENJea13606d56b1BR
PNL699722AA,ENJ38e5573a51a0BR
PNL855123AA,ENJe717fc9ee3dfBR
PNL803733AA,ENJ03f697da3aeaBR
PNL182110AB,ENJ4156b5b71dd1BR
PNL705604AA,ENJ1ace594b783eBR
PNL837520AA,ENJ5a66967a35d1BR
PNL909428AA,62018270
PNL897214AA,ENJb7d23a7cae1dBR
PNL897216AA,ENJ309c1008717bBR
PNL545446AA,ENJ8c02616639ccBR
PNL877616AA,ENJ9105ea84e0e3BR
PNL160639AB,ENJ5b2d0973c96bBR
PNL837566AA,ENJ417f88b5d6bbBR
PNL193953AA,ENJ41d022f1c062BR
PNL638285AA,ENJ3e7d9b5059daBR
PNL855113AA,ENJ2c368cd035b4BR
PNL183611AB,ENJ2399e6358e16BR
PNL838313AA,ENJ901272f47e77BR
PNL905325AA,ENJ6fd967af9597BR
PNL172166AB,ENJ45edc8d178cbBR
PNL694737AA,532625241
PNL202859AA,ENJa9f3f09adc3dBR
PNL834041AA,ENJ6d5631780168BR
PNL678374AA,499979729
PNL909459AA,785933841
PNL920296AA,ENJ873a42951a9aBR
PNL845806AA,ENJad64a98309d3BR
PNL740732AA,ENJf6fd946a21b4BR
PNL879177AA,461397580
PNL296586AA,ENJaf50476a30beBR
PNL917126AA,ENJ71487ca04eccBR
PNL849702AA,ENJ4db27f2c8108BR
PNL250654AA,580341844
PNL169367AA,ENJ23cd4042e6d3BR
PNL666808AA,ENJ72637451f66bBR
PNL718030AA,344936827
PNL179047AA,ENJ9188cf097767BR
PNL179010AA,744587556
PNL673085AA,ENJa96902baa193BR
PNL747462AA,741346840
PNL537362AA,ENJ6e21f8be41d3BR
PNL923661AA,ENJa6d8f4063d8aBR
PNL589861AA,ENJb92fd9224b4fBR
PNL410971AA,ENJe3aebef78c98BR
PNL914824AA,862829692
PNL909458AA,ENJ512097db3040BR
PNL182119AB,ENJ6015071a566eBR
PNL600437AA,ENJad892e7ad812BR
PNL424160AA,ENJ763c8fdbfdd2BR
PNL452487AA,ENJ60eaf9eb7e40BR
PNL187360AA,ENJ19073dcc23f3BR
PNL879150AA,ENJf21dc9ee44e3BR
PNL350418AA,ENJeace949bebd3BR
PNL356379AA,ENJ920a9c11c799BR
PNL672657AA,ENJ59aa1f2214bcBR
PNL668282AA,ENJ91cf6fb13a71BR
PNL645523AA,ENJdc72e84e3aa2BR
PNL161658AB,ENJ4ec874232730BR
PNL885798AA,ENJf24e2ceb4b7dBR
PNL870266AA,ENJ0ee0c17de939BR
PNL731228AA,ENJ538136b855a9BR
PNL709453AA,ENJ43953ddc85e0BR
PNL408362AA,ENJ9fd6c743bc45BR
PNL622790AA,187231720
PNL830457AA,ENJd540355eaf9cBR
PNL173009AB,ENJ3ff020ae5a80BR
PNL606306AA,152820127
PNL622798AA,ENJ3552b1aa7149BR
PNL750363AA,ENJeac0fd8227ecBR
PNL836211AA,ENJ6fee2e08fc2eBR
PNL696186AA,565452767
PNL887000AA,ENJd86343310183BR
PNL679563AA,ENJ13bcea61fd7cBR
PNL747360AA,ENJ507b37395cbaBR
PNL704820AA,ENJea305a47b675BR
PNL691024AA,ENJ9920faf0fc21BR
PNL188980AB,ENJ6404740888f4BR
PNL689018AA,ENJb59bf9dab517BR
PNL693133AA,ENJd66e153ecda9BR
PNL297017AA,260002989
PNL747471AA,ENJ5b0978021c2aBR
PNL405171AA,ENJ4d32ce46bad1BR
PNL896305AA,359406315
PNL678377AA,ENJbbad94cc04a7BR
PNL649083AA,ENJ8c0b34e73cbfBR
PNL179025AA,ENJe0478bf84b9aBR
PNL537334AA,ENJ2ed27687a58dBR
PNL877628AA,ENJe66a66ca420fBR
PNL057947AA,ENJb5bd497da719BR
PNL868055AA,ENJa304582cfbddBR
PNL869429AA,ENJ2d666808ce02BR
PNL524271AA,ENJe98b28cb7c09BR
PNL545480AA,ENJ0fc9fc34182fBR
PNL257378AA,ENJ7b777993c1cfBR
PNL605467AA,102596837
PNL524260AA,ENJb16c47f39fb1BR
PNL750405AA,631475775
PNL750413AA,ENJ6a6b24371e81BR
PNL107051AA,ENJ3b7f4996f1bbBR
PNL661983AA,ENJ3ee8e094827dBR
PNL827543AA,ENJe35f201926fbBR
PNL847373AA,ENJ6e325e187703BR
PNL166143AA,ENJ107107b21973BR
PNL907000AA,ENJ4884c215dd3fBR
PNL537949AA,ENJ2d64b4a68e55BR
PNL923686AA,992863079
PNL435982AA,ENJ4c53051ad647BR
PNL391769AA,ENJ17204b3b23f8BR
PNL606331AA,ENJb388f3e2b850BR
PNL160020AB,ENJ3dbac0fb17a1BR
PNL399176AA,ENJ6bcd91d06fb2BR
PNL679565AA,ENJ319c1668d981BR
PNL847861AA,ENJ2a9f1d702585BR
PNL193930AA,ENJbc2149db7a38BR
PNL740704AA,ENJ83f7971b5ea6BR
PNL923210AA,54452220
PNL545457AA,ENJ5dc7adc64f94BR
PNL877602AA,457139160
PNL178506AB,ENJ005a9b1475a1BR
PNL204520AB,ENJb71b34acd631BR
PNL166138AA,ENJb004d91211ecBR
PNL218855AA,ENJ8b67d5d85d67BR
PNL628851AA,ENJdbebf3a0acfaBR
PNL737985AA,29744132
PNL692682AA,ENJ2ea3d91ceebdBR
PNL527372AA,463889545
PNL896258AA,ENJe96cc27412f0BR
PNL026615AA,ENJ75f0439b2f42BR
PNL674522AA,ENJ1387f8c67207BR
PNL837570AA,ENJ010877bc5f92BR
PNL648250AA,ENJ4411bde5abf1BR
PNL183070AB,ENJf3882679f0dfBR
PNL845728AA,ENJ558f919a6c39BR
PNL724293AA,ENJ11c17f3e3c88BR
PNL737998AA,ENJ3a3672bbec59BR
PNL731231AA,954676761
PNL183064AB,262654052
PNL515004AA,ENJffa1afc11ebaBR
PNL897155AA,ENJf98ed3dcf36bBR
PNL705580AA,ENJ825b816723a9BR
PNL190566AB,ENJ16d7d1a1c958BR
PNL738002AA,ENJ3dcc42d3d79fBR
PNL373849AA,ENJ3f55fa604e09BR
PNL661990AA,ENJ255f08afd13aBR
PNL874512AA,708358954
PNL974498AA,ENJ94e72531870aBR
PNL684117AA,ENJabdb18d74cdaBR
PNL619080AA,ENJ0d1264a262acBR
PNL679571AA,ENJ15be676ab48aBR
PNL740681AA,ENJ978f6d166229BR
PNL598968AA,ENJ3c4896d9f8a9BR
PNL648286AA,ENJ3204068ad23bBR
PNL638302AA,ENJ83be5e8c298cBR
PNL540293AA,ENJc274bb58fbc9BR
PNL112579AA,ENJ2ea86e148ef9BR
PNL880478AA,402930048
PNL911715AA,ENJc16f5b0580d4BR
PNL424172AA,ENJ44ca62b4bbddBR
PNL745680AA,ENJ20ad4f03fbbfBR
PNL830968AA,ENJe6ebf59e3862BR
PNL473791AA,ENJ4459e48e710fBR
PNL497368AA,ENJ606a855ab8f8BR
PNL084032AA,ENJb5f9cfd79328BR
PNL586735AA,ENJ5bd51d33fe91BR
PNL710007AA,653409133
PNL112152AA,ENJ097da47ca58dBR
PNL955041AA,ENJ98a175f47b48BR
PNL042816AA,ENJ76484b5b9290BR
PNL704818AA,ENJ2f0d3a5c3bf6BR
PNL193902AA,ENJe9c4231404c9BR
PNL111472AA,ENJae3f923590c0BR
PNL913251AA,ENJ7443e531f56dBR
PNL092053AA,ENJ59f944cf691cBR
PNL838286AA,ENJ3d57984f8292BR
PNL905275AA,ENJd5ad6472fdd4BR
PNL845647AA,ENJ92e51d7853faBR
PNL672644AA,ENJ99adeda93431BR
PNL672688AA,7217859
PNL672686AA,ENJbacf71b1bcc3BR
PNL913248AA,ENJa032811bcb38BR
PNL296571AA,984879788
PNL705513AA,ENJ64a411347f28BR
PNL855236AA,ENJd6e91320b0a5BR
PNL837526AA,ENJbb65e28f171cBR
PNL193945AA,802182715
PNL399172AA,ENJ4c498ac6928aBR
PNL619058AA,832155054
PNL827515AA,ENJfbb88e7d8a60BR
PNL026594AA,ENJ49a029de7775BR
PNL545422AA,ENJ553d846b58c0BR
PNL184639AB,ENJ8fe72c39063aBR
PNL014709AA,ENJf191bf076e17BR
PNL167975AB,ENJb51a06cfbd09BR
PNL182437AA,ENJ2d3942365212BR
PNL105314AA,ENJ6d141acb188bBR
PNL915120AA,ENJ09b308e354a1BR
PNL680147AA,ENJ6241bb7ac283BR
PNL515740AA,ENJb631bbd6e5beBR
PNL204511AB,ENJ8514e4afe114BR
PNL542040AA,ENJ740ff87537e2BR
PNL189368AA,872486432
PNL684105AA,ENJ6c54fce5cb69BR
PNL691029AA,ENJdd7b4b2c2a56BR
PNL740657AA,ENJbc41b12ebc43BR
PNL084517AA,ENJd3078a6dc6dbBR
PNL668269AA,255555469
PNL193852AA,ENJ30a2e8c44ffbBR
PNL659097AA,ENJa7901d8d38a2BR
PNL174720AB,ENJ5b4a7718fd09BR
PNL861073AA,ENJae1e01b91fd2BR
PNL705517AA,454833041
PNL672680AA,ENJa25a4e8e92bbBR
PNL650608AA,90509889
PNL497375AA,ENJ6ccf1dbd3f75BR
PNL153962AA,ENJefc3ff38be34BR
PNL107062AA,ENJ34f85266d3afBR
PNL299280AA,ENJe31f595164b5BR
PNL666743AA,963883184
PNL169364AA,728197251
PNL851503AA,862555448
PNL492844AA,ENJa72c440a85a6BR
PNL924237AA,ENJe3afb43be99eBR
PNL190585AB,ENJ791b3834deebBR
PNL172151AB,278739868
PNL896675AA,260481196
PNL630616AA,ENJ0b1ebb22a3d1BR
PNL254825AA,ENJ962281ee630fBR
PNL160673AB,ENJ8244b9a6a84aBR
PNL885821AA,ENJ1dfdd39422a6BR
PNL188608AB,508037023
PNL697531AA,ENJ7ddbfd7ffad5BR
PNL632916AA,ENJ8fbd37c57f11BR
PNL740706AA,ENJ62447ac054b2BR
PNL682604AA,ENJ4ede294f17c1BR
PNL206004AB,ENJ227ab73e334aBR
PNL731229AA,675611102
PNL694734AA,ENJe74cbcae84f4BR
PNL851446AA,ENJ1f2329626e70BR
PNL668309AA,ENJ3c9e816cd97bBR
PNL679569AA,ENJ9978ad533cdaBR
PNL691033AA,ENJ8e688f34afe5BR
PNL837523AA,ENJ7717ff68cf48BR
PNL920811AA,ENJ983168cbf2e9BR
PNL905319AA,ENJ65f9d6961279BR
PNL718033AA,ENJ51d4c569eb20BR
PNL263778AA,ENJe2f0e59f74b2BR
PNL686133AA,ENJda2ec6d5311cBR
PNL163072AA,ENJ44c7c8ecb443BR
PNL974500AA,ENJ177798c6c4b2BR
PNL877607AA,ENJ33e947882e2eBR
PNL882385AA,ENJ0a91719997f8BR
PNL849694AA,ENJed2f5dbbf488BR
PNL718025AA,ENJ0a9f2f8bea1cBR
PNL923688AA,105309009
PNL606324AA,ENJb6a9fe555956BR
PNL098426AA,ENJ8b44f954513cBR
PNL837541AA,ENJ32400d1681bbBR
PNL694735AA,ENJae89c9b716a4BR
PNL514996AA,278121291
PNL687294AA,ENJ6e81941e5172BR
PNL905326AA,ENJ0698931b22ccBR
PNL897218AA,189221793
PNL905334AA,ENJ891e5e0f51c7BR
PNL847857AA,ENJ808b1e963465BR
PNL107053AA,ENJ7058b185cd1aBR
PNL673789AA,ENJab55715b2144BR
PNL879170AA,ENJ53581b3578d1BR
PNL538864AA,ENJ427b178e0339BR
PNL666742AA,ENJb60bc75db693BR
PNL167973AB,ENJebc9ccf3a1e3BR
PNL919756AA,ENJ68d1e25b25aeBR
PNL845719AA,ENJd1d413126cb2BR
PNL868850AA,ENJcb3c5a4d8e9cBR
PNL629656AA,ENJ1134b6c9b023BR
PNL105328AA,ENJ9623b35ca8baBR
PNL661986AA,86528431
PNL188646AB,ENJde82e47b9580BR
PNL679564AA,ENJa69f31f5208cBR
PNL666790AA,332056493
PNL560342AA,923122460
PNL645554AA,ENJfc4b96a3a6b4BR
PNL151537AB,ENJc2085c58a7b1BR
PNL742514AA,ENJ1d04c81e08d9BR
PNL449385AA,ENJ4f484e2172adBR
PNL250653AA,ENJ23a13df31a71BR
PNL649078AA,ENJ940048167a42BR
PNL666764AA,ENJ9201cfabf134BR
PNL649068AA,ENJ66056771ecf2BR
PNL672700AA,52816182
PNL182124AB,123599187
PNL725277AA,ENJ97527b7f6017BR
PNL656266AA,ENJa7749b84d4b0BR
PNL694741AA,ENJf7caedd151e0BR
PNL750459AA,ENJa3fc14bc608fBR
PNL254828AA,ENJ25b7fd721ac1BR
PNL184569AB,ENJ077a0960584dBR
PNL737967AA,ENJ76d89d231a61BR
PNL686134AA,813209469
PNL559471AA,ENJ65e21e5377f7BR
PNL160601AB,843051877
PNL838274AA,ENJ473ff6743475BR
PNL675501AA,531277793
PNL921313AA,211516534
PNL289357AA,917685467
PNL167936AB,71840149
PNL193849AA,ENJb94f686fb09bBR
PNL102213AA,ENJ638b7d268b92BR
PNL599162AA,ENJa1292e780eccBR
PNL866962AA,ENJ1e0d1985f731BR
PNL628852AA,ENJ97e21d778d84BR
PNL834015AA,ENJ5a66bbc4b165BR
PNL747413AA,337170896
PNL492834AA,ENJ46d81ed65547BR
PNL855182AA,ENJ602437948f50BR
PNL891659AA,847916074
PNL251657AA,ENJb777ac30bf8fBR
PNL514982AA,ENJ344235e67d20BR
PNL177060AB,ENJc84a1d59ef23BR
PNL628805AA,ENJa2fdfdbfb1f4BR
PNL107041AA,ENJ7c9f25696f56BR
PNL864090AA,179708775
PNL600753AA,ENJ584f6915d4ccBR
PNL845657AA,ENJe1a0213d8e7bBR
PNL251662AA,ENJfd9fb3591ee3BR
PNL100812AA,ENJ56fc351cab06BR
PNL084037AA,ENJ151b9281fe56BR
PNL537302AA,ENJff88eb08509bBR
PNL649016AA,ENJ36212fc6e29dBR
PNL887076AA,ENJ2529cddfca46BR
PNL732551AA,ENJ0584174e56b5BR
PNL914801AA,ENJe56507b683ddBR
PNL702502AA,717419722
PNL559472AA,ENJc50a7e5a671dBR
PNL891262AA,816241569
PNL845677AA,ENJaac5aa7aa1d1BR
PNL661004AA,627993850
PNL803728AA,ENJ918bc104e748BR
PNL514984AA,ENJ1b52330920a2BR
PNL732552AA,ENJ293ab0698820BR
PNL167983AB,ENJf697904355c0BR
PNL165026AB,279672508
PNL917124AA,ENJ6ff938328079BR
PNL924234AA,ENJcf5eaceedd6bBR
PNL686634AA,ENJ1891adbb156cBR
PNL664764AA,ENJ230ecb1913c5BR
PNL864128AA,691423072
PNL649066AA,ENJ5fb9fc327cf9BR
PNL387227AA,ENJ03f519b06839BR
PNL882384AA,822059974
PNL630602AA,ENJ1d9c226b293aBR
PNL855277AA,ENJ0807bf3a90e1BR
PNL026710AA,ENJ59a141e9791cBR
PNL497406AA,ENJ3929a07d5ccaBR
PNL259852AA,ENJ44c684ecbf88BR
PNL740720AA,394157582
PNL747465AA,313110663
PNL151521AB,ENJ99549d27a0b7BR
PNL160663AB,574823723
PNL180038AB,ENJf4fb21488c08BR
PNL747497AA,ENJ61beab96b545BR
PNL014724AA,ENJa145fb0227f1BR
PNL683549AA,83036472
PNL666758AA,143021424
PNL166163AA,ENJ5903b8722257BR
PNL726698AA,ENJb3cd1539613aBR
PNL676306AA,ENJ778905be2f74BR
PNL193939AA,ENJaf35654ae09aBR
PNL296582AA,ENJf28ec8b0d56eBR
PNL974501AA,ENJ4955be852039BR
PNL887094AA,771535147
PNL830939AA,ENJ5198b37b6507BR
PNL106819AA,ENJ61e91cb29f6cBR
PNL151509AB,ENJ24386fd9a749BR
PNL543819AA,ENJb9b204a868adBR
PNL664741AA,ENJ44cfb6b677a9BR
PNL545459AA,ENJ0fe4be48c4d4BR
PNL666715AA,ENJde640fe4286aBR
PNL922172AA,ENJc388da92b006BR
PNL974485AA,ENJ87b2e227a61aBR
PNL694731AA,ENJ9b978a9a6e64BR
PNL167970AB,ENJed0b3098b9dbBR
PNL645539AA,ENJ8bd57bff6d3cBR
PNL726653AA,640164812
PNL907481AA,ENJ38cdc107ba63BR
PNL827544AA,ENJe8c4bc16c542BR
PNL026608AA,ENJdd855f439b54BR
PNL084038AA,ENJ6cf52dbee735BR
PNL698757AA,582308
PNL747455AA,ENJa3bbcbf9d48fBR
PNL408403AA,ENJb5fd76738b90BR
PNL747450AA,ENJ7e3ed0f2e2adBR
PNL206007AB,ENJad9fec29a9f1BR
PNL750411AA,ENJ1310a41ffb2cBR
PNL923687AA,ENJa998c9aa3ebdBR
PNL256956AA,ENJcf35737bc5ffBR
PNL183601AB,ENJ7530437db667BR
PNL202839AA,ENJf7fa97549a42BR
PNL687296AA,ENJe67cebe85e74BR
PNL190572AB,ENJ0f553afac984BR
PNL838301AA,ENJ0642089b5e66BR
PNL896262AA,ENJ8a1c08fa1b24BR
PNL622433AA,ENJd3f7f4c7d45fBR
PNL105338AA,ENJ7a813c20bff1BR
PNL877601AA,ENJf998ab9b2ac3BR
PNL896254AA,89298119
PNL896237AA,ENJ3d87b227bd12BR
PNL714864AA,ENJca4034f457ceBR
PNL837604AA,ENJ77db536598e3BR
PNL698749AA,ENJ9cbaafba3813BR
PNL689022AA,ENJfbb5f86b9d75BR
PNL838314AA,ENJ2b3e2c1fb343BR
PNL251220AA,ENJ82b9bba239aeBR
PNL905311AA,993695060
PNL650652AA,ENJ641e539a4e5fBR
PNL251226AA,ENJa343cd6f4bc5BR
PNL868025AA,ENJ21e8b31ab08eBR
PNL747464AA,477876915
PNL270329AA,ENJbaa17d79c353BR
PNL884005AA,ENJ156b2a56bda1BR
PNL876051AA,ENJaba87e82a6ecBR
PNL698782AA,ENJ305f9ffa36c7BR
PNL855285AA,ENJc204eb9d2284BR
PNL726671AA,ENJ7d38ff98f69eBR
PNL648290AA,ENJ5bec8ed27e19BR
PNL454620AA,ENJ6067a50d4d6fBR
PNL699723AA,62542
PNL184633AB,684090321
PNL740696AA,706132444
PNL678352AA,ENJdb873876e344BR
PNL525951AA,ENJ0980d128a418BR
PNL172098AB,ENJ46836ee28b68BR
PNL664731AA,855195591
PNL462926AA,ENJ553c71b562abBR
PNL684795AA,ENJ890390f0b93aBR
PNL713286AA,647359185
PNL180017AB,ENJ9a38e69795efBR
PNL714847AA,ENJ7e359947699fBR
PNL803730AA,ENJ6e7b4523a6ceBR
PNL726629AA,ENJa6f7480e6dd8BR
PNL838292AA,ENJa46c3d610813BR
PNL084510AA,ENJ2fc489a7520cBR
PNL868848AA,ENJ7a5388c2c931BR
PNL801512AA,ENJ7ae3fadd42f0BR
PNL599166AA,368761372
PNL698707AA,228472799
PNL882375AA,262489078
PNL263782AA,ENJ6efd48e19179BR
PNL204504AB,ENJ576d2860a94aBR
PNL182115AB,ENJcf67e25799d8BR
PNL187366AA,ENJ28da28f13714BR
PNL698732AA,ENJcaa1f5fbb67eBR
PNL740619AA,ENJac2cbe8eaad6BR
PNL747391AA,686160340
PNL666674AA,ENJ814b213141b2BR
PNL057924AA,876905580
PNL219172AA,ENJa832acfa44f4BR
PNL524229AA,ENJa7a6b65982ebBR
PNL174726AB,ENJ3c9793cddd71BR
PNL598940AA,ENJe83770c9f56bBR
PNL454645AA,ENJ242f8c322a76BR
PNL640661AA,ENJ789723a98c27BR
PNL477339AA,ENJe1888b39411eBR
PNL896240AA,ENJa7665f028344BR
PNL907788AA,ENJfa0db0059fd7BR
PNL887003AA,ENJ8e9060cb33c7BR
PNL454119AA,ENJ9642c35ea1a0BR
PNL740712AA,ENJ7d267c509c21BR
PNL855278AA,464597939
PNL100820AA,ENJ6857d3bd75bbBR
PNL619097AA,ENJ7c2f12f80b19BR
PNL499822AA,ENJa030c7578150BR
PNL183071AB,ENJ291eebb1a84cBR
PNL492843AA,ENJ24d0bfed840fBR
PNL654558AA,ENJ9fd1a996dabbBR
PNL683560AA,ENJ7c2880c9b7edBR
PNL837709AA,ENJ2e9087acc83aBR
PNL169363AA,288214800
PNL731556AA,ENJdece0732c121BR
PNL188613AB,51031215
PNL672683AA,618022160
PNL537330AA,ENJ5485edfea1cbBR
PNL689033AA,ENJa7066279e869BR
PNL686640AA,ENJ0f5bbf7f7ad6BR
PNL891286AA,402459473
PNL897217AA,456838258
PNL713296AA,ENJef2f41c43f8fBR
PNL674517AA,484108533
PNL586742AA,ENJ50ad4ac3d27eBR
PNL737973AA,172398263
PNL745673AA,47888298
PNL371461AA,ENJd4ff340fa7fbBR
PNL514995AA,814736147
PNL891276AA,ENJ96aae1b0f952BR
PNL546347AA,ENJ3b06680be0bcBR
PNL206008AB,ENJb7f5d5a9aac1BR
PNL545456AA,ENJ5f759656000cBR
PNL180037AB,ENJ5ed9424cdd36BR
PNL731234AA,ENJb0cf06d850feBR
PNL619069AA,239122691
PNL679581AA,ENJ6c20e22a8ba5BR
PNL837545AA,ENJ65f900fb5afdBR
PNL599187AA,ENJ7c3eac7b4fc4BR
PNL920289AA,ENJcbb04a78796bBR
PNL649061AA,ENJfa5b0d4fe658BR
PNL172125AB,291443064
PNL737979AA,ENJa29e3bd98cc7BR
PNL100813AA,ENJ3f6793c97427BR
PNL699734AA,ENJ45a6de044a31BR
PNL909448AA,ENJe271c988c172BR
PNL704837AA,ENJb672299ba606BR
PNL955049AA,ENJb6ed533804f3BR
PNL084041AA,ENJa7121818bdefBR
PNL920287AA,582218441
PNL750430AA,ENJ7513dd5c8907BR
PNL195945AA,ENJ971ff4f3232fBR
PNL454638AA,ENJf9a1f68845b7BR
PNL606329AA,ENJ476fe9e08177BR
PNL920292AA,ENJe8612bf0d722BR
PNL515734AA,829055004
PNL102215AA,ENJ32e3964bcdf9BR
PNL837592AA,ENJ3acd90d29ca3BR
PNL885802AA,ENJbf819daa9327BR
PNL868857AA,ENJ192059bd37edBR
PNL922178AA,ENJ4cbcde1311c1BR
PNL747439AA,ENJ1efa2d0b0a42BR
PNL686169AA,ENJd082d15df537BR
PNL740672AA,ENJbf74ba8788a6BR
PNL527368AA,ENJebe7db3986faBR
PNL837610AA,ENJ9f394c47600fBR
PNL724591AA,ENJf9f5daf3a2f4BR
PNL160621AB,ENJ14f4ab5ffc7cBR
PNL204523AB,ENJ26c62f61c93aBR
PNL893022AA,ENJ1b0eaeb89331BR
PNL184624AB,ENJ8151c984891cBR
PNL674516AA,ENJe2e65dc7a475BR
PNL834028AA,ENJe95979cb2d89BR
PNL837578AA,ENJ8558fd4a62c0BR
PNL747443AA,ENJ6ba9b8d7db78BR
PNL687634AA,ENJ0e2918f07576BR
PNL600455AA,ENJ7e49f008aad9BR
PNL726655AA,ENJcd5ab8b85b4aBR
PNL630604AA,ENJ40c740625ca4BR
PNL598979AA,ENJ6e687729755dBR
PNL186326AA,ENJ50fdc8605856BR
PNL626941AA,ENJb1e9583faba9BR
PNL676289AA,89831461
PNL679606AA,ENJ4a425816db80BR
PNL891662AA,344639962
PNL742519AA,ENJ670339504683BR
PNL416947AA,ENJbf5999178447BR
PNL684126AA,ENJ45fb8df67bfdBR
PNL470896AA,ENJ602911d298f4BR
PNL151502AB,228470494
PNL645564AA,ENJa6f3e553c450BR
PNL482587AA,ENJ368733cf7effBR
PNL673088AA,941991499
PNL408354AA,ENJ4aa0f81043f1BR
PNL451067AA,ENJc9aea032ff40BR
PNL896278AA,ENJ9015b8a47253BR
PNL626921AA,ENJ6efb2b713d2cBR
PNL726659AA,746883276
PNL674532AA,ENJ21d3e9c9e377BR
PNL686619AA,ENJ63408cf8dcb2BR
PNL438940AA,ENJ5477902ba663BR
PNL686101AA,ENJc08d5ea60629BR
PNL897184AA,ENJ67da6128fc15BR
PNL622793AA,ENJ62ec3add4ee6BR
PNL678348AA,ENJ7bba16cc10cdBR
PNL855179AA,377760652
PNL891242AA,ENJ6c0aaa3385f5BR
PNL559470AA,ENJc1971f7f8b20BR
PNL830447AA,ENJdac6e67ec65aBR
PNL188727AB,ENJd704546450dcBR
PNL664631AA,ENJeb5516088df9BR
PNL919744AA,346886166
PNL702487AA,ENJf438df627722BR
PNL737922AA,ENJ262b41953e7aBR
PNL906968AA,ENJ8942037011d8BR
PNL596132AA,804967230
PNL905291AA,ENJc435be50cd10BR
PNL845491AA,ENJe906c69f10f8BR
PNL830427AA,ENJfa1d3ec62138BR
PNL906961AA,ENJ5f6739fa1b86BR
PNL747367AA,ENJd9f8fdba3227BR
PNL596150AA,ENJd3a8d298bfdeBR
PNL897178AA,ENJac6c109bad99BR
PNL907795AA,ENJabb1f8a1b3deBR
PNL676266AA,ENJ6072fbcd358eBR
PNL675469AA,ENJ340fda2692cdBR
PNL830923AA,ENJb6c7ab7471ffBR
PNL879171AA,ENJf3b77716a992BR
PNL879146AA,ENJa990b79c3231BR
PNL868841AA,ENJc5c5e7ef595cBR
PNL160612AB,ENJ29ee51cefcd8BR
PNL630585AA,ENJ75861e9288daBR
PNL849684AA,ENJ99891ac63771BR
PNL377245AA,ENJ4c089f4b108aBR
PNL463807AA,ENJ6e89e9397140BR
PNL527324AA,ENJbdf9d5e62344BR
PNL661942AA,ENJ609cc6eed0b9BR
PNL524247AA,717449652
PNL518190AA,ENJfd743852d472BR
PNL747467AA,ENJ1aab7b12658dBR
PNL636632AA,ENJ207563161210BR
PNL686208AA,ENJed54dc0c461cBR
PNL923217AA,636878775
PNL151518AB,ENJ45e7820e1ca6BR
PNL740724AA,831257578
PNL299242AA,ENJ25b2a41a5e03BR
PNL907004AA,46184578
PNL864142AA,ENJa82c9ddc94f0BR
PNL630596AA,ENJ466ade0c55bfBR
PNL661955AA,827693270
PNL441582AA,ENJ854312275ab7BR
PNL637620AA,ENJd03c3d994950BR
PNL740760AA,ENJ88c1dd3cf347BR
PNL913288AA,ENJ0aa1fdfa42b3BR
PNL694738AA,867279140
PNL868031AA,ENJ074ed9dba668BR
PNL183072AB,ENJaba203486116BR
PNL911716AA,ENJbe953559fa73BR
PNL914822AA,198402326
PNL851462AA,ENJ610ebe82b436BR
PNL897267AA,ENJ129a92e65bfaBR
PNL683570AA,ENJ3743c2d102feBR
PNL107060AA,ENJc6adce05c4c4BR
PNL537337AA,ENJ2692ff74b3ebBR
PNL106835AA,ENJ489767a804fcBR
PNL693153AA,ENJcb2c38e30a59BR
PNL880479AA,ENJ292a7b96b6b9BR
PNL892228AA,ENJ84711ef6b65dBR
PNL188642AB,ENJ78ff0dfbd69aBR
PNL600446AA,ENJa16ddecea9bfBR
PNL674526AA,ENJ09b447544595BR
PNL867004AA,ENJ0f0034def76cBR
PNL684811AA,ENJ073950b943a5BR
PNL590799AA,ENJda7a2c145a6fBR
PNL186324AA,354863962
PNL877577AA,ENJ15ed27a3574fBR
PNL619082AA,ENJac682f260789BR
PNL628855AA,ENJ3925a109717bBR
PNL661993AA,ENJ994dfec944d2BR
PNL836249AA,ENJ3df46bbb6adbBR
PNL869402AA,ENJb30ffc728d5fBR
PNL057931AA,ENJf95c425efc1aBR
PNL673793AA,ENJc0c90d53f5daBR
PNL855164AA,ENJ43388a4e1038BR
PNL026604AA,ENJebed73b5ba20BR
PNL299230AA,ENJfa62ec5dd4beBR
PNL174755AB,ENJafef56cb2102BR
PNL296581AA,ENJ9a4536af30dbBR
PNL099375AA,ENJ1d8cbd08ebd5BR
PNL379621AA,ENJbe33326b184cBR
PNL830949AA,ENJ78909114d52bBR
PNL906220AA,ENJ285f114bafc7BR
PNL676269AA,ENJef386f8ddcd0BR
PNL705591AA,ENJd41a659e98c3BR
PNL106825AA,ENJ9ef6025c6a9aBR
PNL683531AA,ENJa3bc12bd8fa1BR
PNL738000AA,ENJ6e91bf7cb94fBR
PNL834029AA,ENJ5b396003184fBR
PNL691037AA,ENJd9ecac7fcc9aBR
PNL295699AA,ENJ0034bb038a45BR
PNL919753AA,373437526
PNL189375AA,ENJ399b4a58d3f4BR
PNL619071AA,ENJ1d0151d5442bBR
PNL596155AA,ENJ8f83d1556f28BR
PNL251678AA,ENJc1359ed9ae72BR
PNL693146AA,ENJ2ea6834d22f4BR
PNL845731AA,ENJ8f98dab574e9BR
PNL922184AA,ENJf12d8b1963ceBR
PNL666739AA,ENJ40391e5c29f4BR
PNL905327AA,ENJc3317d85a7f4BR
PNL628863AA,ENJe2968fb05e26BR
PNL905323AA,ENJb1716f6491baBR
PNL057934AA,664456350
PNL251684AA,ENJe66dd431a896BR
PNL391768AA,ENJ106c0d3fac7cBR
PNL492836AA,ENJ245ffa22815cBR
PNL664791AA,143835736
PNL868022AA,ENJ6327ebb098c3BR
PNL184699AB,385454519
PNL177072AB,264597235
PNL666771AA,ENJ822218567dd7BR
PNL219188AA,ENJbb3add278527BR
PNL666766AA,ENJ57f1ec5be66bBR
PNL180060AB,ENJd146df2ac617BR
PNL151503AB,221428972
PNL750436AA,819865197
PNL922624AA,ENJc18e66224be6BR
PNL299220AA,872826145
PNL683619AA,887898885
PNL698814AA,806935396
PNL740765AA,ENJ84f1a42a7a6bBR
PNL664762AA,ENJ74cd93fc27afBR
PNL726667AA,ENJceb6bd734171BR
PNL666809AA,ENJ106486d75f49BR
PNL391422AA,ENJeef1d69c8a25BR
PNL254823AA,ENJ3ebccbcddd45BR
PNL896293AA,ENJ4885859e0ee1BR
PNL465890AA,ENJ83595a19ac5bBR
PNL425401AA,ENJ3926c65e2c01BR
PNL923674AA,815430413
PNL648240AA,ENJ18cca378b34cBR
PNL482584AA,ENJ5cb71502f858BR
PNL905279AA,ENJ65c351ec0c36BR
PNL187396AA,ENJe631114b4aafBR
PNL725262AA,ENJ11c82ca3bacbBR
PNL692693AA,ENJd68a06969761BR
PNL188815AB,ENJd03bfe78c864BR
PNL664626AA,ENJ48b21aed8040BR
PNL454113AA,ENJ71a5c67f9734BR
PNL911696AA,ENJ7c3149a91c89BR
PNL606313AA,227326378
PNL525960AA,647206303
PNL676257AA,ENJce4c96fbf404BR
PNL188987AB,314186462
PNL974453AA,ENJ0372e6165523BR
PNL098389AA,ENJb9fa74606a20BR
PNL661007AA,ENJ6f865ec495feBR
PNL251663AA,ENJ87235c596871BR
PNL919738AA,ENJ2eb1357c8a0fBR
PNL165014AB,ENJa1169be2f13bBR
PNL680674AA,ENJ5df20362f64eBR
PNL644811AA,ENJd3e0b1344b0eBR
PNL654517AA,ENJc4964365488fBR
PNL666745AA,ENJ1f0899e4bab5BR
PNL188783AB,ENJ91a039d692dbBR
PNL974421AA,ENJ235ac9529bbdBR
PNL649051AA,ENJ3f9cf377c2ffBR
PNL836219AA,ENJe357cb026e7bBR
PNL750371AA,ENJ39407cbe10e1BR
PNL163070AA,ENJ44676a0c8a81BR
PNL160002AB,ENJa4310f4ef69dBR
PNL680136AA,ENJ76e0acca603aBR
PNL408359AA,ENJ9d07c973977fBR
PNL227698AA,ENJ56f5a8fe4ff0BR
PNL666710AA,ENJe0c6ec193edeBR
PNL189365AA,ENJ1b3eca972a92BR
PNL672660AA,ENJe3989ed2f798BR
PNL909413AA,ENJ86af219e1716BR
PNL537295AA,ENJaf6f7d8735f0BR
PNL100818AA,ENJad186d3675f8BR
PNL014705AA,ENJc5b26ccbbe36BR
PNL188796AB,ENJf23a4aa6a14dBR
PNL263774AA,ENJ3f1bb5ea052fBR
PNL172116AB,ENJa801aeb85478BR
PNL879142AA,ENJ18882aed6189BR
PNL737990AA,ENJ7262b5061ee1BR
PNL922153AA,ENJ76b6044fc6e7BR
PNL664642AA,ENJ1358945ba579BR
PNL897185AA,ENJda537ecb1efdBR
PNL637619AA,ENJd38daa5c5c6bBR
PNL726685AA,ENJad4148b4f1d3BR
PNL705636AA,364279122
PNL710004AA,381856151
PNL648270AA,ENJ6f04964fe6fdBR
PNL847382AA,ENJ6249f69e650dBR
PNL847876AA,ENJ07e8ca7c9b14BR
PNL668317AA,ENJbbeb4cf465e7BR
PNL659104AA,ENJa248acfc49ecBR
PNL596179AA,ENJc41d78b35567BR
PNL847881AA,ENJ31716acbce62BR
PNL515744AA,114939554
PNL425403AA,ENJ9874e1df3744BR
PNL648256AA,ENJ279dd3dac72cBR
PNL160634AB,ENJ2739d0d2b525BR
PNL161670AB,ENJd5150a937905BR
PNL381733AA,ENJ7f4267120fddBR
PNL515732AA,ENJafec962962f9BR
PNL251685AA,ENJba1e0a28cd68BR
PNL206016AB,ENJ855cb1ddc9e4BR
PNL837618AA,ENJ567846751b87BR
PNL216828AA,ENJ281f8c752556BR
PNL673792AA,628801853
PNL836243AA,ENJ9efb65ed9287BR
PNL100814AA,ENJ78a93b662b04BR
PNL845730AA,ENJ9788ecb6f847BR
PNL740702AA,ENJc7ff8dbb843fBR
PNL644825AA,ENJ61172ada041aBR
PNL714868AA,ENJd6d8597b7d69BR
PNL879166AA,784987964
PNL725259AA,ENJ3e0e546f1b90BR
PNL827518AA,ENJf3eee0301bcaBR
PNL606318AA,ENJbfccacc735f3BR
PNL740685AA,ENJe4d62ff1309bBR
PNL718013AA,ENJ03667334029aBR
PNL296583AA,ENJ63973e10f416BR
PNL084024AA,ENJ7c730d2e14c5BR
PNL204530AB,ENJd45ef96b7e49BR
PNL514992AA,ENJbc971c82c328BR
PNL026597AA,ENJ2b20debeea79BR
PNL705597AA,ENJ7c8cdc79fd4fBR
PNL864124AA,250326927
PNL216822AA,ENJ3d453360d45cBR
PNL672684AA,ENJa03916086206BR
PNL100066AA,ENJ60a5b126f7bfBR
PNL906222AA,ENJa2546571764fBR
PNL524257AA,ENJfe3b18425217BR
PNL923216AA,ENJ24b9d36655ecBR
PNL907801AA,ENJd6a5952588b6BR
PNL538867AA,ENJ3d53c0eead70BR
PNL906995AA,ENJ9c7bb765c540BR
PNL683544AA,ENJ4e2b9df25aadBR
PNL845736AA,ENJ2682345edb4aBR
PNL628861AA,ENJ4c02e48387f2BR
PNL545447AA,ENJ89d95ec2dda6BR
PNL546341AA,ENJ9e6b5a3cb30cBR
PNL160630AB,683617233
PNL408401AA,ENJaa3f6e8e9b08BR
PNL705594AA,ENJ7ece52af7213BR
PNL905333AA,ENJedb9df228b1dBR
PNL909439AA,ENJ3ea3cb7b37c5BR
PNL622431AA,ENJ95eefddaed89BR
PNL515738AA,ENJfe0dc26eacb6BR
PNL837561AA,ENJ76fae5e5ea9fBR
PNL182109AB,ENJec0d84bd6f09BR
PNL837621AA,ENJa1932dbd500cBR
PNL661985AA,ENJ00104b9cb85fBR
PNL672675AA,ENJ1dc209941646BR
PNL868005AA,388527861
PNL167965AB,ENJf7a296f2f925BR
PNL868011AA,ENJ49c31a34b84eBR
PNL896257AA,ENJdafa271fc624BR
PNL014725AA,849507749
PNL852158AA,ENJ1b4dda0c1051BR
PNL650656AA,ENJ8dedd0177127BR
PNL847875AA,ENJca619f0911bdBR
PNL661975AA,533660544
PNL747472AA,ENJ078492c5ebd4BR
PNL600776AA,ENJ0a986a9c4252BR
PNL203173AA,ENJfbd7bac440e5BR
PNL740711AA,567496144
PNL127652AA,ENJ0d0309fc0930BR
PNL188802AB,ENJd24e23bfcbe5BR
PNL837688AA,ENJ9c999afeb905BR
PNL438137AA,ENJ34ad48f14071BR
PNL922204AA,ENJ473388f0cae4BR
PNL630613AA,ENJ36252f2ff5baBR
PNL683559AA,ENJ76e3e26283fcBR
PNL160644AB,ENJ056ac76eefe5BR
PNL416948AA,ENJfa9c82b9eb03BR
PNL693678AA,ENJ4b867e107719BR
PNL084541AA,ENJ6db77c991681BR
PNL414149AA,ENJ48c7d028804aBR
PNL527384AA,228206994
PNL691057AA,ENJ5f2686b225f8BR
PNL626922AA,ENJ56dcc755d140BR
PNL913270AA,615434754
PNL906223AA,878886907
PNL855196AA,446263706
PNL188720AB,163257026
PNL847341AA,ENJ20e2ce69fef1BR
PNL698696AA,ENJ63e4e44d6ef9BR
PNL666653AA,ENJbb68ef5f04d5BR
PNL184610AB,ENJe7f06b71e233BR
PNL296570AA,ENJ8e92e6e6dbe9BR
PNL537298AA,ENJd152020ba68fBR
PNL886995AA,560897062
PNL737925AA,ENJ94fbb5170ed8BR
PNL923667AA,ENJ9bfe6b6968e3BR
PNL391763AA,ENJb3a0d1bb90b6BR
PNL630589AA,ENJcb1f5659be21BR
PNL026574AA,ENJe4c12a9c2be4BR
PNL251665AA,ENJ6114fe42d8f9BR
PNL682606AA,ENJ299c10691aa1BR
PNL672679AA,ENJ2f0c7f43f266BR
PNL914782AA,ENJ8a687e4b34a3BR
PNL188732AB,775126781
PNL524203AA,436971119
PNL204531AB,ENJa8c2d037f233BR
PNL600764AA,ENJ7d864e04b246BR
PNL830430AA,ENJb288ebcf3deaBR
PNL869351AA,207238442
PNL202798AA,ENJ110ad4945b5fBR
PNL664734AA,ENJd0328bfa92a3BR
PNL910749AA,ENJe637f3c782cbBR
PNL913241AA,580540197
PNL408384AA,ENJdeed06984dfcBR
PNL747353AA,ENJ3630702f82ffBR
PNL726611AA,ENJ296f9f0c2263BR
PNL622427AA,ENJ3ebc8dbbd3deBR
PNL661748AA,ENJe5d000351866BR
PNL923212AA,ENJcf689e9354abBR
PNL851412AA,ENJ28c7481be269BR
PNL524231AA,ENJaddd8d35f118BR
PNL827527AA,ENJ1229900d58ebBR
PNL870301AA,871104167
PNL405164AA,ENJ678ddd2e1e3dBR
PNL666825AA,ENJdc80573cc7faBR
PNL705619AA,ENJc44a98b29a2fBR
PNL193965AA,163959673
PNL661046AA,977864216
PNL038261AA,ENJd4769c3ea824BR
PNL923697AA,ENJ52f00f36bbf5BR
PNL596167AA,ENJ540187cedfb8BR
PNL106850AA,ENJ5ee113ad4cd9BR
PNL003469AA,ENJ0af5425a3c96BR
PNL845810AA,ENJc2ffbf5b2ed2BR
PNL448763AA,ENJ8b763c3e55c6BR
PNL666814AA,792709473
PNL869439AA,ENJ97a3b964b3a2BR
PNL740741AA,ENJ364124ec780cBR
PNL628876AA,ENJe536051da6fcBR
PNL408409AA,ENJ22e761bf7d00BR
PNL897153AA,ENJ6345437dde22BR
PNL497392AA,ENJ3da63e4c2c44BR
PNL699770AA,ENJ229b90b64f59BR
PNL693686AA,134297785
PNL636633AA,ENJ249c55b52badBR
PNL470897AA,ENJ526a13255120BR
PNL836246AA,ENJf40332b2981eBR
PNL679584AA,ENJ66bca8f2dc62BR
PNL686135AA,ENJ760ab3f31e4fBR
PNL740684AA,ENJ7108f3fd3e32BR
PNL705602AA,ENJe2b2d0744de1BR
PNL160637AB,ENJf1b6a8a326ffBR
PNL654538AA,ENJ175e103b8e08BR
PNL649050AA,ENJadfd0f41574dBR
PNL837619AA,ENJf0fd414013bbBR
PNL691049AA,ENJ764a40ded5b3BR
PNL514999AA,ENJ4195d2309420BR
PNL674519AA,ENJ3d7d9975fa2fBR
PNL868870AA,ENJe12abcc01a88BR
PNL686164AA,ENJ788f626c0abbBR
PNL696196AA,ENJ6a6b2e98f066BR
PNL922180AA,ENJab349fdfaceaBR
PNL515735AA,ENJ60ac2234262cBR
PNL537331AA,ENJ41532be63316BR
PNL698768AA,ENJ334f5f9342e1BR
PNL698761AA,ENJ19b598a1a29aBR
PNL974476AA,ENJ4603d331333fBR
PNL026622AA,ENJ43f59ad96d76BR
PNL638286AA,ENJda9ed1dbdd6eBR
PNL920825AA,669849980
PNL299219AA,ENJ32db6a9c9dd2BR
PNL679578AA,ENJ0110a58494c2BR
PNL877590AA,329001291
PNL837573AA,ENJ15c2735aba04BR
PNL638284AA,ENJ5800be7f4d7aBR
PNL907806AA,ENJ85a9e5bc0192BR
PNL650628AA,35758217
PNL206027AB,ENJf190a2f7b6afBR
PNL877576AA,ENJ083b6c1e78bdBR
PNL160026AB,ENJ47136220abd6BR
PNL732565AA,ENJ8fb325921912BR
PNL851445AA,ENJ6057ba2a4e8fBR
PNL709484AA,ENJ5b80c1e01b22BR
PNL914812AA,ENJe7b2263ce46cBR
PNL454641AA,ENJ287a18e9b37aBR
PNL837585AA,ENJ4394c5b42b46BR
PNL666729AA,ENJc6a6bd09ff34BR
PNL683546AA,875198534
PNL837572AA,ENJ1215689f632bBR
PNL808004AA,ENJf391d90a494dBR
PNL180025AB,ENJ561c3ad23645BR
PNL709485AA,ENJ40404b268835BR
PNL686145AA,144671690
PNL187507AB,ENJf2fff5f9f6f9BR
PNL590813AA,ENJ9908541f6146BR
PNL458244AA,ENJ108d31221a27BR
PNL656263AA,ENJ6746e49da7baBR
PNL373854AA,ENJ4fc77e4813daBR
PNL098433AA,ENJ11bb8716ff02BR
PNL837757AA,ENJ9ea2c37458d4BR
PNL174796AB,440081927
PNL003470AA,ENJbfbc8a91b182BR
PNL179017AA,ENJ1f081380b2f1BR
PNL698796AA,ENJ03dcb462463eBR
PNL827540AA,ENJ91f02b6e44ddBR
PNL659108AA,ENJ6be2288f7515BR
PNL630609AA,ENJ693bb7d55ba3BR
PNL492842AA,ENJ3ced58525c23BR
PNL718066AA,641019182
PNL837712AA,ENJc82abfa8d7e6BR
PNL055111AA,ENJ0585a2e9bd52BR
PNL195940AA,257827972
PNL486114AA,ENJ0205f766d8a3BR
PNL661950AA,ENJ53bc0c5a8d59BR
PNL363634AA,ENJed237b5fff5dBR
PNL731535AA,599982350
PNL619052AA,105157247
PNL099376AA,ENJc59ad05e16e2BR
PNL897173AA,ENJ800a4ff2fe9aBR
PNL666689AA,ENJ6596bd602133BR
PNL673757AA,399311939
PNL891258AA,ENJbe9c97be2d21BR
PNL492829AA,ENJ593719b877a4BR
PNL538877AA,ENJ2bcbd75fe4fcBR
PNL698743AA,ENJc0f5d9f69b80BR
PNL707487AA,ENJ85aeb325f94bBR
PNL256946AA,ENJ6469cae9ea4cBR
PNL295695AA,ENJ54d96d613242BR
PNL174740AB,ENJ7b4eddad5870BR
PNL524243AA,45404469
PNL632897AA,ENJ0c44c6e8a2a6BR
PNL525947AA,ENJb99e3ce023dfBR
PNL920805AA,ENJ8ceae6ac4bd0BR
PNL686139AA,ENJ78933b74ed15BR
PNL830460AA,ENJ4bc647644ca5BR
PNL838298AA,ENJ8265d29a7e77BR
PNL709446AA,ENJ3a8aff5e865bBR
PNL684097AA,ENJ88e33f9c39efBR
PNL193905AA,414132977
PNL111479AA,ENJ8d0a3e821666BR
PNL654527AA,ENJa8bc35b7512eBR
PNL740643AA,333329261
PNL691034AA,199801794
PNL868861AA,ENJ90946bdf26beBR
PNL687627AA,ENJ361732372e11BR
PNL638273AA,ENJ101575af52d2BR
PNL803704AA,ENJa09b93c38acbBR
PNL171792AA,ENJd13480322827BR
PNL866992AA,758191273
PNL745662AA,ENJcf6b51a591cdBR
PNL160583AB,67771984
PNL187355AA,ENJ7a1bae4383a3BR
PNL951588AA,ENJb0a29c82b669BR
PNL915137AA,ENJb9c538474964BR
PNL537371AA,ENJbf8382310540BR
PNL686186AA,933548642
PNL025390AA,132913387
PNL628923AA,ENJca7d54350802BR
PNL235407AA,ENJb1722d081143BR
PNL408407AA,ENJ9afdaf833560BR
PNL851456AA,ENJb0e0e715c93cBR
PNL710040AA,ENJ770c844ff9e8BR
PNL859020AA,ENJf0101935e2edBR
PNL747480AA,ENJ12cf1c26cfcbBR
PNL724294AA,ENJ4669ae5c6ed4BR
PNL437379AA,ENJ978b4722fd56BR
PNL486129AA,ENJ1d162cebb67bBR
PNL025381AA,695880986
PNL838509AA,ENJ7e75e7039ba5BR
PNL892242AA,ENJ9a358616d612BR
PNL160704AB,22572056
PNL666781AA,373044473
PNL107743AA,ENJ16deeb557a36BR
PNL189378AA,810780879
PNL574884AA,ENJ40899fdb9e50BR
PNL882390AA,513038540
PNL165447AA,837930928
PNL747458AA,534395336
PNL408406AA,ENJ9d13bd73279dBR
PNL673073AA,ENJ703f724955e6BR
PNL666754AA,ENJ1c616769cf25BR
PNL416942AA,ENJ5100b310467eBR
PNL850333AA,ENJb42a29e44fc3BR
PNL165022AB,689485815
PNL112151AA,ENJ6bd9867eedcfBR
PNL664807AA,ENJ018fa6933da0BR
PNL514990AA,ENJ8ed073f34743BR
PNL837586AA,ENJf260f5c7d9d2BR
PNL836244AA,ENJ1991b04fe607BR
PNL133085AA,ENJf32957f4e67dBR
PNL661027AA,ENJ2682cf4dabccBR
PNL161659AB,ENJ06cd3f5915cdBR
PNL914811AA,476385699
PNL896252AA,ENJ4a479faa02e1BR
PNL661987AA,ENJeb2758fb83e5BR
PNL084022AA,ENJ1f11f3197761BR
PNL845729AA,ENJ82d0da700920BR
PNL892226AA,ENJc466e70fec23BR
PNL951577AA,ENJ225a49a5ac74BR
PNL105326AA,ENJ6f5de375446dBR
PNL686144AA,ENJ0b912693c774BR
PNL537322AA,ENJ16dd6d774b46BR
PNL920818AA,ENJfb746364f326BR
PNL691048AA,ENJecfc19837231BR
PNL698755AA,929349533
PNL699720AA,903488569
PNL896679AA,ENJaa5c1b04bc7aBR
PNL650624AA,ENJe018cde342e5BR
PNL242302AA,633071951
PNL600772AA,ENJ909d5890e9ceBR
PNL838315AA,ENJ8f9ef575e00fBR
PNL864126AA,ENJa5ce98234381BR
PNL026600AA,ENJc7d6bbc70aeeBR
PNL897150AA,642448289
PNL527386AA,ENJcc024cfaa847BR
PNL666719AA,ENJ811047e3f3c6BR
PNL629657AA,ENJ4fa9bc00a65aBR
PNL537320AA,ENJ26a6306f7ddcBR
PNL870292AA,ENJc75a47bfd133BR
PNL497386AA,ENJf4d96c75055aBR
PNL111490AA,ENJfb4f3f70c2eaBR
PNL236821AA,ENJaf5afadc0b2aBR
PNL974486AA,ENJ65092f248540BR
PNL913269AA,ENJ8a533bfe88feBR
PNL654532AA,ENJd13c0ee466d0BR
PNL868863AA,505294066
PNL084035AA,ENJ50daa02f692fBR
PNL847371AA,ENJ2535921f4af8BR
PNL619067AA,ENJ9d7b23081db4BR
PNL687292AA,ENJa7542852856dBR
PNL909442AA,ENJ34deeb21b271BR
PNL845754AA,ENJ9f8827788cc6BR
PNL545452AA,ENJ544e56629e4bBR
PNL676278AA,ENJ31c67d4ab73bBR
PNL183065AB,51715863
PNL174751AB,454407314
PNL906996AA,ENJ244b3467dbe0BR
PNL107050AA,ENJb994fa15f0cdBR
PNL905322AA,ENJ89cebc9bcb3dBR
PNL599194AA,ENJ01f4987d361aBR
PNL731543AA,ENJae7d49860203BR
PNL747442AA,ENJ85f53bd27b8fBR
PNL847849AA,ENJa0fbaf02f79cBR
PNL891668AA,ENJ8578c22ba8e4BR
PNL726654AA,ENJf250fc830690BR
PNL299257AA,928469345
PNL691052AA,413179311
PNL640666AA,ENJf459cae05f89BR
PNL378293AA,ENJ57df7fd17777BR
PNL726700AA,ENJ0ea50036e9f7BR
PNL726695AA,ENJ588d1e5cd37dBR
PNL469062AA,ENJbd6aeee70d13BR
PNL183645AB,ENJ857ffbabc719BR
PNL482586AA,ENJ129eab306050BR
PNL630610AA,ENJ8aa848849905BR
PNL697538AA,ENJ66eeeac73211BR
PNL630600AA,ENJdbe240f89653BR
PNL600456AA,427992191
PNL673795AA,ENJd4399949187fBR
PNL425400AA,ENJ73e45b06a0d9BR
PNL649557AA,ENJ23372a2f25b3BR
PNL026639AA,ENJfe0f47a892b3BR
PNL003471AA,ENJe0c782227ac4BR
PNL184653AB,227029828
PNL906237AA,ENJ979fae79d91fBR
PNL590815AA,ENJ2e739230e3c9BR
PNL180039AB,ENJ9e3d3c6a69f9BR
PNL497400AA,ENJcadf72e2b6e9BR
PNL698767AA,743609724
PNL917123AA,144713280
PNL161678AB,ENJ9ec224d4f06aBR
PNL679542AA,153525397
PNL855262AA,ENJ1d44d955819cBR
PNL699739AA,431628414
PNL586748AA,ENJfbae36dda18cBR
PNL289376AA,779302096
PNL619098AA,ENJ736034cc47f7BR
PNL373850AA,ENJ6fc1ab0cab5fBR
PNL174725AB,ENJ17e9cfb3b7b7BR
PNL162326AA,128728540
PNL679560AA,ENJ2d30fdf3e754BR
PNL914816AA,ENJ4b9acaa7a447BR
PNL161647AB,ENJ565d6e8a95c9BR
PNL830443AA,ENJ2a9a89a5fe29BR
PNL605445AA,ENJdc5c190f626aBR
PNL704823AA,463270898
PNL737978AA,43146118
PNL672671AA,ENJe912a93800a5BR
PNL887074AA,ENJ65628ebf457cBR
PNL498604AA,ENJ13396a0d319cBR
PNL922607AA,ENJ9f86bce1cf2eBR
PNL673754AA,ENJ6ce91e1bf4acBR
PNL184546AB,ENJ471b27eba1d4BR
PNL855169AA,784694848
PNL666741AA,ENJ2b7823f68761BR
PNL628835AA,ENJ6977a88655c1BR
PNL666676AA,443053398
PNL684785AA,ENJ5429e065d9c2BR
PNL100816AA,ENJ9b42ced11356BR
PNL563696AA,ENJ44422bcf37b1BR
PNL666705AA,ENJ9b15108311eaBR
PNL295693AA,ENJ052a33cc85ccBR
PNL257372AA,ENJf9c8d650bb12BR
PNL896219AA,ENJdddcc2b6630fBR
PNL680686AA,ENJb6de186f479fBR
PNL922609AA,ENJ303087654fdfBR
PNL600422AA,691799210
PNL294631AA,ENJc848ea35deafBR
PNL698763AA,209093123
PNL694068AA,152167624
PNL438947AA,ENJa4373eafcbb7BR
PNL410985AA,ENJfe2a5be5dfebBR
PNL439324AA,ENJeff760684ce9BR
PNL884025AA,449934747
PNL628915AA,ENJ64dcec94c974BR
PNL057937AA,ENJb5b2b2d2f08bBR
PNL537369AA,ENJ6db0ae24135eBR
PNL803743AA,ENJa044aff63608BR
PNL864140AA,ENJ92a4207b2399BR
PNL524292AA,ENJ5bd69f7d4cbaBR
PNL684141AA,ENJf88880b0edd0BR
PNL869445AA,ENJb4dc94f5e597BR
PNL583511AA,385758995
PNL864160AA,ENJfa0b26211163BR
PNL731233AA,739479692
PNL524259AA,39722538
PNL679589AA,ENJec02b4dbbaacBR
PNL683623AA,ENJ4aeac4feab64BR
PNL704839AA,ENJd74e1e2a71e4BR
PNL680690AA,ENJe10ba5b37625BR
PNL845748AA,ENJ3cdd135076fcBR
PNL527382AA,ENJf8fdc504888aBR
PNL809031AA,ENJ055083324c4dBR
PNL589871AA,ENJ9e65f613a792BR
PNL161661AB,ENJ013b8f1e641bBR
PNL112572AA,ENJ7462d229972fBR
PNL527379AA,ENJ7c79dd26c322BR
PNL172126AB,462945812
PNL684815AA,ENJbeefab867f32BR
PNL184625AB,ENJ2b3b5df29e69BR
PNL082367AA,ENJe207efe54b88BR
PNL838321AA,ENJff9d4eedbbcbBR
PNL025383AA,ENJ5c01c02dbb09BR
PNL876043AA,ENJ14140e08bd38BR
PNL679583AA,ENJf7db635aa40fBR
PNL687636AA,ENJ01abe13342f5BR
PNL668288AA,ENJ64dc48856346BR
PNL718038AA,ENJ5a3a1977d63aBR
PNL676279AA,ENJ4d1dad3d5288BR
PNL524252AA,ENJ5af4f62cd187BR
PNL724588AA,ENJ824cc397081fBR
PNL100067AA,ENJac50f5399b80BR
PNL672682AA,ENJ752b611cf8aeBR
PNL747444AA,ENJ315eeef9661fBR
PNL687301AA,ENJca64ccdb5070BR
PNL684806AA,ENJ1b0b6b6de584BR
PNL837575AA,ENJfa4c0a7a7a7aBR
PNL880470AA,ENJ1a9a84f02169BR
PNL885795AA,234273887
PNL905328AA,ENJbfbfeb4a5617BR
PNL827533AA,ENJb9156ee314b8BR
PNL690676AA,ENJda77aa7a54d5BR
PNL750427AA,ENJ94bd58ae80d8BR
PNL026624AA,ENJ4b23979806d8BR
PNL219178AA,ENJ5c3ac1341337BR
PNL921633AA,ENJef8a07718446BR
PNL920813AA,662972061
PNL160631AB,ENJe23c871e87f4BR
PNL869418AA,ENJ869ce181bfd4BR
PNL687295AA,ENJ76d7229dd243BR
PNL524256AA,ENJ2642720ce55cBR
PNL470889AA,ENJ0f5b51e3d9e6BR
PNL160617AB,ENJ77ea4e4ae4f3BR
PNL855125AA,ENJ98479d1003bfBR
PNL204529AB,ENJ3f6c02e4d315BR
PNL515003AA,ENJe8b04fc27d90BR
PNL891661AA,ENJ17931eb52914BR
PNL545453AA,ENJb2f5994484b4BR
PNL606325AA,77783675
PNL887093AA,ENJ33a61297cb95BR
PNL882388AA,ENJ637e4a9dc086BR
PNL882383AA,ENJde34aa611caaBR
PNL251691AA,898230864
PNL869430AA,ENJ97f63149a504BR
PNL537321AA,ENJ4c787ea2fa01BR
PNL487494AA,ENJ37470a824d43BR
PNL150677AA,ENJd9dc10ca361bBR
PNL710038AA,ENJc0d3fdaea249BR
PNL830969AA,ENJac8380dc8105BR
PNL383355AA,ENJ7e5e73b2a6a5BR
PNL515002AA,14848928
PNL640673AA,ENJ6e42a5da5f0eBR
PNL882396AA,637017785
PNL446751AA,ENJc8520060d957BR
PNL640664AA,ENJ523d965a3273BR
PNL188712AB,ENJ9a00ac0a2215BR
PNL014727AA,ENJa555dde9408eBR
PNL206081AB,ENJd5c6a914d351BR
PNL896280AA,ENJa87761f6bf40BR
PNL697530AA,ENJ927230d67323BR
PNL649093AA,ENJ8163b5045178BR
PNL683601AA,ENJa358f188ddc0BR
PNL690675AA,ENJd955831fae9aBR
PNL834010AA,ENJ98fdaa17e1eaBR
PNL877303AA,ENJ7da574ac1a62BR
PNL666721AA,675185317
PNL668289AA,ENJ4359615e83d1BR
PNL868872AA,ENJ175005acb5aaBR
PNL838303AA,ENJda77915ebaedBR
PNL524253AA,ENJ22aca01f89f0BR
PNL590790AA,ENJ6b2f0d7a397fBR
PNL676267AA,ENJ4adf94acd198BR
PNL923203AA,ENJ1782a11030b7BR
PNL852164AA,ENJ6ec92ad91e5cBR
PNL527364AA,ENJ43f8180052d4BR
PNL855122AA,ENJ45c0f3892d6fBR
PNL668299AA,ENJ0b03af432c55BR
PNL630599AA,ENJ2da3306b5729BR
PNL737989AA,ENJcea58329b435BR
PNL678369AA,932159296
PNL133087AA,ENJa9600fa606a3BR
PNL424169AA,ENJbd237d4a1488BR
PNL680151AA,ENJ7aaf84ce7a64BR
PNL891279AA,ENJ5bea64b43032BR
PNL454636AA,ENJb63cc51dd6c6BR
PNL837558AA,ENJ1d6eb27a173fBR
PNL698737AA,ENJbf60d25f65dfBR
PNL864111AA,374127373
PNL877594AA,ENJ56364de63919BR
PNL747429AA,ENJd92289b5e0efBR
PNL114075AA,ENJ8bac7d528096BR
PNL084018AA,ENJc2e2381b598dBR
PNL586732AA,ENJ6081b3cab3ceBR
PNL619061AA,ENJ26c4cb7c28a7BR
PNL974491AA,ENJ1a69bf05255eBR
PNL619076AA,ENJ7c428ee96b99BR
PNL877299AA,ENJ359553dd72d3BR
PNL263779AA,ENJ69d0ab073af4BR
PNL683515AA,463603544
PNL105321AA,ENJ0abeeaed1181BR
PNL837617AA,ENJcb6f0351d144BR
PNL160636AB,ENJd4f00a2ee9daBR
PNL216819AA,ENJ3f355e0a4354BR
PNL654515AA,ENJa01856653ae4BR
PNL974470AA,ENJ3557eb76a55aBR
PNL497390AA,ENJ96c411cc0ba1BR
PNL877311AA,ENJe128a477faffBR
PNL559480AA,991994019
PNL913526AA,ENJ2fd56b66aab0BR
PNL543812AA,ENJ8440bb6a6e2cBR
PNL892222AA,ENJ0d4e6d1f0d7fBR
PNL645534AA,ENJde30a60f3eaaBR
PNL193944AA,ENJ7d645785b7a7BR
PNL870295AA,ENJ22348090368eBR
PNL454627AA,ENJf109fe380fdfBR
PNL537314AA,ENJc6518378e597BR
PNL837553AA,ENJfc5262e871fdBR
PNL204519AB,ENJ231f784725e9BR
PNL648260AA,ENJ543091ee7357BR
PNL542051AA,ENJ523b0ca57abfBR
PNL845720AA,ENJdf27bd8a3176BR
PNL654521AA,ENJ44a7581e8e74BR
PNL885785AA,ENJ0725dff1d6faBR
PNL188615AB,ENJ7543fc9581a4BR
PNL514998AA,709286571
PNL204524AB,ENJ15d06c32bfdbBR
PNL827522AA,ENJaf1f71470e9fBR
PNL906984AA,ENJe3e614b74b06BR
PNL920274AA,ENJ2c42eefd99f0BR
PNL645538AA,ENJea75411d5ef4BR
PNL204526AB,ENJ1be52db610d9BR
PNL684118AA,ENJc2c507782d06BR
PNL859007AA,ENJcec5bfba9880BR
PNL724297AA,ENJ4e8a9cfb1f5dBR
PNL731569AA,ENJ52d9c2abab50BR
PNL664794AA,ENJ95500cab51d7BR
PNL454135AA,ENJ430778d20f6eBR
PNL852165AA,ENJa1a23ad1b535BR
PNL459009AA,ENJ8cffa616acddBR
PNL683567AA,ENJ11fe169842d1BR
PNL887103AA,ENJa5a428be2954BR
PNL179007AA,864968785
PNL454648AA,ENJ352d561b9df8BR
PNL160653AB,ENJ6eeb2b3dbb6bBR
PNL600467AA,ENJ820afaacd92bBR
PNL619091AA,921569434
PNL880486AA,ENJb684681ad871BR
PNL174797AB,ENJdbd3b33aed70BR
PNL497399AA,ENJ694925a16a12BR
PNL851458AA,ENJddc3eef7c0b6BR
PNL648277AA,ENJb18e2fd47804BR
PNL487497AA,ENJ009e01225028BR
PNL864161AA,ENJa6f94340543aBR
PNL834067AA,ENJb13a9f70da1fBR
PNL666756AA,760123310
PNL167984AB,ENJ574850e7e056BR
PNL845758AA,ENJc429201841f3BR
PNL852166AA,265397950
PNL837648AA,ENJ9bee65bb2208BR
PNL718040AA,501378973
PNL421209AA,ENJ77631138a8c8BR
PNL827541AA,ENJb87bec6acab5BR
PNL914826AA,ENJ2978370c7ab4BR
PNL732564AA,386290695
PNL922193AA,ENJc985e6468697BR
PNL740746AA,929310173
PNL845774AA,ENJc7f692a75d92BR
PNL680702AA,ENJf5e857b002b6BR
PNL161679AB,167655477
PNL750463AA,ENJc4dd0d0e1e48BR
PNL454653AA,ENJ88b300c13a9aBR
PNL731563AA,ENJc8b2d5a7b701BR
PNL188640AB,14453787
PNL363432AA,ENJ727af1499ab3BR
PNL731560AA,ENJ9702263fa789BR
PNL193809AA,ENJ8084e0f62882BR
PNL399175AA,ENJ459a81a0834cBR
PNL289375AA,ENJ5b410fb1b2c4BR
PNL838326AA,ENJ309f57e68805BR
PNL546344AA,ENJ1cbda6528530BR
PNL681005AA,ENJ1c553cf61c5eBR
PNL896269AA,ENJ24c3d6c8c148BR
PNL879179AA,ENJ793a5865aa97BR
PNL747460AA,ENJ487f2c9f586aBR
PNL202846AA,ENJ5b16aa11f7f8BR
PNL852163AA,ENJ8a7c0d6fedc6BR
PNL678376AA,ENJ5f8428a8504aBR
PNL907003AA,ENJ718ced9391c2BR
PNL545462AA,ENJ6d05fa13699dBR
PNL737991AA,566269111
PNL100815AA,ENJ3e88b9f98d6eBR
PNL415491AA,ENJb5e8c96389cfBR
PNL654540AA,ENJ88d1eddba248BR
PNL851439AA,ENJ89a1241eae4fBR
PNL674525AA,ENJ0821204ced3cBR
PNL195946AA,ENJ6e5ef5a81ca8BR
PNL183607AB,ENJ053ac06e1f65BR
PNL897148AA,20823128
PNL836250AA,ENJfb532f844070BR
PNL718020AA,ENJ0875f311d270BR
PNL682609AA,ENJ18991301aedfBR
PNL845755AA,ENJ5dfef7ca56c9BR
PNL740705AA,ENJ4e509d669bcdBR
PNL236828AA,ENJ68c676202ef3BR
PNL666767AA,ENJeb84003b268aBR
PNL102226AA,ENJ4f6e6782d323BR
PNL750437AA,ENJe5ae046a59a7BR
PNL628893AA,ENJ04c7bcd5f9e2BR
PNL905372AA,ENJcfde036ea348BR
PNL868035AA,ENJ5b8187a8c59bBR
PNL473794AA,ENJ5ef72f357921BR
PNL628884AA,ENJ82430c3c4da2BR
PNL880490AA,854596162
PNL206035AB,ENJf8ffade42295BR
PNL599208AA,ENJ9cf9c258cf4cBR
PNL251225AA,688959717
PNL718055AA,ENJ02888ab3021bBR
PNL014723AA,ENJdef99329f294BR
PNL909457AA,ENJfc71fb17888bBR
PNL837714AA,ENJ8a807d378eaaBR
PNL586758AA,ENJ4f3782771e49BR
PNL471843AA,ENJe374fc52a0f4BR
PNL837654AA,ENJf4cf279816c5BR
PNL235406AA,ENJ05b3b8c4656cBR
PNL165438AA,ENJ7ce87040eaf0BR
PNL184660AB,ENJ1aae61cf6bbeBR
PNL166151AA,575048165
PNL495971AA,ENJ3f3d6d759e30BR
PNL907810AA,ENJa8f809d6f956BR
PNL515730AA,ENJ44d5763f74d4BR
PNL864095AA,934728573
PNL896236AA,ENJ0b468ab31446BR
PNL699684AA,ENJ7de29342b180BR
PNL357501AA,ENJd2774eaa7fdeBR
PNL882393AA,647846281
PNL188611AB,758608851
PNL690691AA,727942584
PNL628940AA,ENJeb91203dd33aBR
PNL177077AB,9982170
PNL705633AA,578356881
PNL542061AA,ENJ3f9295d5885bBR
PNL296585AA,ENJ41dbbf914589BR
PNL102222AA,ENJe729c8904d96BR
PNL206113AB,ENJ95f7341993c1BR
PNL256961AA,ENJ760e58756ff2BR
PNL668314AA,ENJ9033c7fd2406BR
PNL497401AA,ENJ49f18f859158BR
PNL692717AA,ENJad3bd6ada4e1BR
PNL699772AA,ENJcbced88ed847BR
PNL691078AA,ENJ4ef55fd099d4BR
PNL107082AA,ENJ59761ba55199BR
PNL845763AA,ENJef3385482a37BR
PNL102684AA,ENJ1c21dee913c3BR
PNL693666AA,291126375
PNL102676AA,ENJ1bcf49a797cfBR
PNL868040AA,584831602
PNL693656AA,ENJf8c28659899cBR
PNL850319AA,ENJ8600849945e5BR
PNL868059AA,ENJd25eef907778BR
PNL632936AA,ENJ4c2b4a104bddBR
PNL202866AA,320848546
PNL637628AA,ENJa4b1143944c4BR
PNL668310AA,601609965
PNL868034AA,290214517
PNL710053AA,ENJ02d298fde5eaBR
PNL870316AA,ENJ540e1f49bc1dBR
PNL668320AA,ENJf7522e7526d5BR
PNL876049AA,ENJ75dda16e9915BR
PNL483227AA,ENJ6f3d5b4ed3afBR
PNL681010AA,830990685
PNL263784AA,ENJ9741c178df98BR
PNL084042AA,ENJ90bdc6f0e82fBR
PNL683554AA,ENJ4d8911d4492cBR
PNL251689AA,ENJb81b21ef49deBR
PNL661972AA,667136042
PNL869468AA,338335140
PNL206099AB,ENJ96112db11931BR
PNL492845AA,ENJdf609ca016a3BR
PNL174787AB,ENJe48cc25f0279BR
PNL632926AA,ENJdc47366e0c53BR
PNL619088AA,909059606
PNL356385AA,ENJ0bb41a0a0b54BR
PNL654549AA,ENJ0cde1970376bBR
PNL910779AA,ENJd42b2f983057BR
PNL206117AB,ENJeba2bf2044d4BR
PNL847384AA,ENJdc51576691e7BR
PNL187508AB,ENJaef03bcb65a6BR
PNL837706AA,ENJ2bb83a5e3d5dBR
PNL740763AA,ENJa170bb722d96BR
PNL454662AA,ENJd5cdf73eaa49BR
PNL628899AA,ENJcf036ebc85a7BR
PNL750442AA,484918076
PNL410992AA,ENJb111d32a9efcBR
PNL676299AA,ENJ0325a53d9493BR
PNL922206AA,472697663
PNL057938AA,ENJ886dd18de0c5BR
PNL182450AA,ENJc92ab85b4682BR
PNL869433AA,ENJ823341297354BR
PNL803753AA,ENJeb5f51c08e97BR
PNL742518AA,ENJ5255569395a5BR
PNL263787AA,ENJc23f00d2a09eBR
PNL160655AB,ENJ9ba54c9ef0c1BR
PNL646037AA,ENJbb2024a1e261BR
PNL527388AA,467958649
PNL836254AA,ENJb8fdc1482920BR
PNL696203AA,680515191
PNL850296AA,ENJ6a6ed05b9ec6BR
PNL896245AA,ENJd29145a850eaBR
PNL236815AA,ENJc9f1afb1416aBR
PNL654535AA,852698337
PNL495964AA,ENJ8aa3bd2dfd56BR
PNL838316AA,ENJa2255e53bdf8BR
PNL830951AA,ENJ9f32d79d69f2BR
PNL974456AA,ENJ5fbd16cfdcd5BR
PNL747436AA,ENJ861fce4d5c18BR
PNL630586AA,ENJfdbf95d14f27BR
PNL216825AA,ENJ31f227826b14BR
PNL731230AA,ENJ5d1c77a119fdBR
PNL877608AA,586011339
PNL747414AA,ENJ5f2e10b6f856BR
PNL216815AA,ENJ44b695a10b1bBR
PNL924218AA,ENJ1bea28869a2eBR
PNL441581AA,ENJcba05bad2bfdBR
PNL909435AA,ENJaf55b03ef55dBR
PNL847845AA,ENJd71c0a6f118eBR
PNL709472AA,303095985
PNL683526AA,ENJ6e796e90b91eBR
PNL150675AA,ENJed8918542e6dBR
PNL870293AA,ENJd19582e2715cBR
PNL694727AA,ENJ426a380b1a8fBR
PNL837514AA,ENJb200982b9edcBR
PNL877567AA,ENJ971152b6f7d1BR
PNL699737AA,ENJ1bcc1433f5bfBR
PNL668300AA,ENJ0984328d9b99BR
PNL683507AA,220549525
PNL636624AA,ENJ05d0c80d88bfBR
PNL638270AA,ENJ45f1030bfd10BR
PNL637618AA,ENJa5397dfa64a4BR
PNL709482AA,ENJ29ee8b11e2bcBR
PNL526004AA,ENJ21dca75c5208BR
PNL897151AA,317898795
PNL740663AA,ENJf5b678e5bfd5BR
PNL424166AA,ENJ58ce18ebe01aBR
PNL153963AA,132420375
PNL906991AA,ENJf9c4489b9930BR
PNL025389AA,ENJ472defc91b08BR
PNL105337AA,ENJ67e43527b9d9BR
PNL161652AB,ENJ791d759dedfdBR
PNL666723AA,ENJ6b5e1f82a3f9BR
PNL188730AB,ENJ80dba14b79d6BR
PNL160008AB,ENJ0fa7ae40b67dBR
PNL847360AA,ENJ938cc265e062BR
PNL636628AA,ENJecf00597ff77BR
PNL190574AB,ENJ57362fbaff03BR
PNL649550AA,ENJd7a9258d5c6dBR
PNL299218AA,ENJf00eb71235e4BR
PNL649055AA,ENJ8f7015ddc8e2BR
PNL039626AA,802523731
PNL699726AA,ENJc1d9e11076f0BR
PNL598957AA,ENJb36a99faacb1BR
PNL923670AA,ENJ96710b6c960eBR
PNL354882AA,ENJe45e5b7020f8BR
PNL747411AA,ENJ33393d010de8BR
PNL590786AA,954727071
PNL914814AA,ENJ912817bc9b5fBR
PNL684808AA,939614662
PNL524240AA,84299698
PNL837588AA,ENJab639d55dab6BR
PNL628854AA,ENJ0a63b33e3f4aBR
PNL845727AA,ENJbf742321caf3BR
PNL104072AA,ENJ7fe2ba11f5a3BR
PNL436739AA,ENJ507041b12e94BR
PNL673807AA,ENJ9a48e79e79a8BR
PNL849706AA,ENJcabefebc4c5aBR
PNL837641AA,ENJad1cc6f88a36BR
PNL924242AA,ENJ8c8fa879fe81BR
PNL684122AA,ENJ7db2bf8141c5BR
PNL299252AA,ENJe9998642dcecBR
PNL014718AA,ENJ12d823d38d5fBR
PNL358084AA,ENJc455444bb892BR
PNL747449AA,402752064
PNL193991AA,833401786
PNL847375AA,ENJ9af89d090a2dBR
PNL859008AA,335129585
PNL202864AA,ENJ00fb036fbe9bBR
PNL864146AA,ENJ80dc82534de7BR
PNL410994AA,ENJ1f9c665af97eBR
PNL880488AA,ENJ3b85f12cc73cBR
PNL458248AA,ENJaeb0d0a3868dBR
PNL151522AB,580662659
PNL537340AA,ENJ7bd6366f055aBR
PNL691064AA,ENJfbb394cb8f41BR
PNL560336AA,ENJc31d14180c74BR
PNL518203AA,ENJb3e38a484ddeBR
PNL869442AA,ENJa41a0fbef957BR
PNL538881AA,ENJ29f06df27b42BR
PNL206118AB,ENJ8bcf79c6bc8cBR
PNL026638AA,ENJ98deb4325b06BR
PNL184670AB,630326440
PNL906230AA,ENJ5315cfdd73beBR
PNL656264AA,ENJdedb88f5b9bbBR
PNL645571AA,ENJ5e64bae687d3BR
PNL527396AA,ENJ8a908230893fBR
PNL628902AA,ENJ6e652958f88dBR
PNL527419AA,ENJfb0485ac50eaBR
PNL299247AA,ENJ06096938e700BR
PNL632928AA,ENJ3c168603c5ebBR
PNL680169AA,ENJd94b3c842550BR
PNL837689AA,ENJ3a9798a67f9eBR
PNL847381AA,ENJbb4ce559a2dcBR
PNL859012AA,ENJb27852876720BR
PNL704840AA,ENJ75446e37c78cBR
PNL183630AB,ENJdb8c7c5bb34aBR
PNL729006AA,ENJfb67ea2470baBR
PNL951580AA,ENJf874d038a708BR
PNL718036AA,186385670
PNL750469AA,ENJ0e84e2af045eBR
PNL742525AA,899580444
PNL879178AA,ENJdf4a1f28fb60BR
PNL100822AA,ENJ8b454bbe1a73BR
PNL193968AA,ENJd90fb0d09397BR
PNL885811AA,ENJ530a4f714005BR
PNL666760AA,ENJaceb98eaa678BR
PNL851453AA,877024687
PNL693166AA,ENJe0851de987c2BR
PNL458246AA,ENJ575490107662BR
PNL574877AA,ENJ1003d1e756cfBR
PNL737993AA,990389516
PNL731237AA,ENJ1df1e5a263b4BR
PNL911706AA,ENJ9bbe66f682baBR
PNL596153AA,ENJ47bd5dfa094fBR
PNL864129AA,ENJ1f02e7b8fb2eBR
PNL084028AA,ENJceaed3c4b34dBR
PNL151596AA,ENJab1a10a48b82BR
PNL026626AA,ENJ8e05273738a6BR
PNL042825AA,ENJ0fcc3bdd02c6BR
PNL026613AA,527446263
PNL690677AA,ENJb6988d608e90BR
PNL188653AB,ENJ998aa568bf4fBR
PNL845743AA,ENJ8876a974ed55BR
PNL750431AA,ENJ9584f966a184BR
PNL849700AA,ENJ5fb6cdffcfadBR
PNL837605AA,ENJf801af78c9a0BR
PNL920823AA,234911112
PNL830946AA,ENJ2bcebefc8e5eBR
PNL619085AA,ENJf77a88cb8586BR
PNL661980AA,ENJ87d7210a9543BR
PNL219180AA,ENJ4a75c6e64d92BR
PNL206022AB,ENJ130e80d2e536BR
PNL909446AA,ENJ9f688ebd8de0BR
PNL112576AA,ENJ51d772d9344fBR
PNL299234AA,ENJ8848ff945587BR
PNL747452AA,ENJe22eeecceafaBR
PNL709478AA,ENJbfb1d78a9712BR
PNL188645AB,ENJfc6f70295adfBR
PNL680698AA,962402427
PNL195951AA,ENJ2aa2feec63d8BR
PNL849714AA,ENJ2b7e3006a0eaBR
PNL864153AA,ENJ3251965758ebBR
PNL057944AA,ENJ447dd9604b00BR
PNL589873AA,519633304
PNL803749AA,ENJd2ef9117d186BR
PNL892251AA,ENJ26f96029c615BR
PNL845832AA,ENJ68fbb9cc07d9BR
PNL254824AA,ENJ65bab315b9eaBR
PNL838327AA,ENJ56e79c62914aBR
PNL674534AA,ENJ0a758b2dfaabBR
PNL676288AA,ENJb8ef68f06c53BR
PNL731248AA,672759953
PNL698790AA,ENJa46de3633bf7BR
PNL845823AA,ENJ5dc40e911110BR
PNL884029AA,ENJff9d84d3e2f8BR
PNL851492AA,ENJcdf23f12456aBR
PNL750441AA,ENJf2a07c1d39edBR
PNL263785AA,913515335
PNL482589AA,ENJ7d223ded1812BR
PNL837651AA,ENJad0f3c95578dBR
PNL177074AB,ENJ28d3a83ef17fBR
PNL666828AA,ENJd5739383626aBR
PNL803747AA,ENJ45caa6ba04b8BR
PNL160670AB,ENJfca27a68463dBR
PNL679603AA,ENJ86ac62ea7238BR
PNL003463AA,ENJ5c64899d5df2BR
PNL649069AA,ENJf044ff5d56b1BR
PNL177088AB,ENJ0ae23fe04c9cBR
PNL906226AA,678002204
PNL683594AA,168385410
PNL693669AA,ENJ722e22d53becBR
PNL107064AA,ENJ6e9051b4b7cfBR
PNL693155AA,289658679
PNL190584AB,ENJ1e7c8c2ac187BR
PNL740656AA,ENJ4452d7c088f2BR
PNL542036AA,ENJ4805ebd1276aBR
PNL834071AA,ENJ217fabf5b31eBR
PNL373852AA,ENJ5cd566438511BR
PNL747474AA,ENJ6199a574dc9eBR
PNL910780AA,ENJ6e7e03ac8d50BR
PNL527393AA,ENJea3f01d1956bBR
PNL299244AA,ENJ773a81ee5ed6BR
PNL648276AA,ENJ307a4b9e3918BR
PNL600778AA,ENJ2473bd8d72a1BR
PNL184692AB,510025973
PNL172140AB,ENJ8b69125c6fd3BR
PNL408416AA,ENJa3c414cfa265BR
PNL914833AA,ENJ89b25e7eff6bBR
PNL664815AA,ENJ422d16a2400dBR
PNL724605AA,ENJc43f856c27bfBR
PNL649101AA,ENJ8eff85d6c8edBR
PNL693664AA,295803564
PNL172148AB,ENJ08b061d84ae0BR
PNL537965AA,ENJ93e4c2618168BR
PNL622822AA,ENJ9ca4647b1a41BR
PNL855261AA,640807736
PNL645566AA,ENJ997112ece960BR
PNL891320AA,ENJbb17a9370b5fBR
PNL909476AA,ENJ11cdc11af3c8BR
PNL391772AA,ENJe0f8291275f6BR
PNL408424AA,ENJ1abcf4229ab5BR
PNL683611AA,ENJ8cf53ccf18e6BR
PNL454661AA,ENJdca7e0d8fc02BR
PNL917128AA,ENJ1d855924122fBR
PNL864144AA,ENJdeb88780a85aBR
PNL877335AA,ENJ01ee760a2a39BR
PNL714871AA,ENJd0d10e9a52e2BR
PNL628914AA,ENJ6f8913e04504BR
PNL084553AA,ENJ37344374a9d6BR
PNL161681AB,ENJ74f80097cd07BR
PNL838323AA,ENJc53ba91ccb06BR
PNL263783AA,ENJ53b62946046cBR
PNL920833AA,ENJ494a37a65b51BR
PNL896268AA,ENJ0f787ef8ac71BR
PNL673071AA,ENJdf6b830c8290BR
PNL619119AA,848712989
PNL713309AA,ENJe20210979532BR
PNL692705AA,ENJ0bcb88873265BR
PNL869464AA,923630349
PNL906228AA,ENJb9e5ae73c066BR
PNL266277AA,256115277
PNL629674AA,ENJb65a1b0d101eBR
PNL619093AA,ENJbe2f4b2f07a0BR
PNL216834AA,ENJ82efc9a7a33bBR
PNL880504AA,74150072
PNL371464AA,ENJ5d8f5d46e4d3BR
PNL216835AA,ENJe9c29457be21BR
PNL661040AA,ENJb91e8fa2da8dBR
PNL838351AA,ENJ70a80cdea8c2BR
PNL619121AA,ENJfc687714d9f6BR
PNL891307AA,ENJ8eefd98c470eBR
PNL206104AB,ENJ3a3081572268BR
PNL628895AA,ENJad3b69309c18BR
PNL837601AA,ENJ63187248d281BR
PNL836270AA,ENJ9b868c71e7cbBR
PNL914829AA,ENJ2a8a0ddf8162BR
PNL896279AA,369367204
PNL845792AA,ENJffeb71faceb9BR
PNL679590AA,ENJca41721d2f58BR
PNL911707AA,ENJ63ca04693d29BR
PNL868064AA,ENJ18c121d7748aBR
PNL666768AA,ENJf85e3f1cb56bBR
PNL622813AA,192947283
PNL682608AA,212674928
PNL452499AA,ENJ2baa633449dfBR
PNL847882AA,ENJba46ffc09179BR
PNL537342AA,ENJ7d76f9bd6fddBR
PNL084524AA,ENJfe688c968e4fBR
PNL693648AA,ENJ2272b66d96fdBR
PNL167961AB,ENJc4cbdee6447aBR
PNL877591AA,ENJe2f94169b7efBR
PNL877310AA,ENJ2718c80cd0a9BR
PNL676277AA,ENJ80d40f9ef683BR
PNL705568AA,ENJ35067dd0aa38BR
PNL190571AB,ENJa6fad956abafBR
PNL691025AA,ENJ683728cb2581BR
PNL845725AA,ENJc3565b8b2352BR
PNL705567AA,ENJ7317d5105801BR
PNL105329AA,ENJ164060fa40dfBR
PNL178421AA,ENJ481c3547ab16BR
PNL664702AA,ENJ00a5c7a2b205BR
PNL172118AB,ENJ3ad49413ca56BR
PNL731545AA,ENJ462d67b69031BR
PNL718023AA,ENJf8c6bdfc17ecBR
PNL668287AA,383046332
PNL855187AA,ENJ240643319644BR
PNL039625AA,ENJ37f4aa16c753BR
PNL690673AA,ENJf13b0ebac0cbBR
PNL914800AA,ENJ58935bf1d62cBR
PNL740667AA,272663098
PNL737995AA,ENJf4fd92aa97deBR
PNL864115AA,ENJ028ccdc5d283BR
PNL893015AA,ENJ7bfbb22a5e8aBR
PNL686166AA,ENJ1dc23b9ffd74BR
PNL896238AA,ENJc68ab1540ca7BR
PNL861067AA,ENJ6fd709640dbfBR
PNL188647AB,ENJd6bc05c56806BR
PNL172129AB,ENJ02b61b86f9c4BR
PNL650629AA,118362615
PNL598960AA,878571839
PNL974435AA,ENJ02a672531f2fBR
PNL399655AA,ENJ106b944f8942BR
PNL408398AA,ENJ3df7b9ae246cBR
PNL190570AB,ENJ7ff609784276BR
PNL837524AA,ENJ6a8b99c5616cBR
PNL864130AA,ENJ2c1213092ca0BR
PNL408390AA,ENJdf208c489937BR
PNL718032AA,ENJ80271009d4d2BR
PNL299226AA,ENJ27e82b071b27BR
PNL235404AA,ENJ0608a10f5d3aBR
PNL184629AB,ENJ62849403999dBR
PNL837542AA,ENJ2c645976c1b2BR
PNL664722AA,ENJ94b305bda8eeBR
PNL922183AA,ENJdcfecf06357fBR
PNL898201AA,ENJa0e02976234fBR
PNL107056AA,ENJ263f5e33c5e8BR
PNL692685AA,ENJf0f270c128e7BR
PNL837534AA,ENJ1a8101a082fcBR
PNL664714AA,ENJ3ce3ff52d479BR
PNL365645AA,ENJb406727372cbBR
PNL737970AA,ENJc8911d6fae81BR
PNL869404AA,ENJ18f2e69e855dBR
PNL686118AA,ENJda0128343965BR
PNL649052AA,ENJ374fcdf697abBR
PNL868869AA,ENJ24a5ae8a5f0bBR
PNL845735AA,ENJ7169a1fa2bd2BR
PNL160615AB,ENJc466f468e8c6BR
PNL838318AA,ENJ88a28f017eacBR
PNL683530AA,5147429
PNL905309AA,ENJc306ffeda558BR
PNL487489AA,ENJ37250a50c40eBR
PNL855199AA,ENJ5f6c24f8d282BR
PNL923680AA,ENJ5285e9fe9a17BR
PNL869392AA,ENJ6f71f883a139BR
PNL174754AB,ENJ60e24e710607BR
PNL696189AA,ENJef7d12d685f3BR
PNL675498AA,ENJaac7dac18feaBR
PNL527359AA,ENJ1c35d65e46deBR
PNL906980AA,ENJe9ab5e32c3a3BR
PNL084062AA,ENJ5a931402f7c8BR
PNL864170AA,ENJca345d1d8c23BR
PNL174763AB,ENJf7845966b09bBR
PNL632909AA,ENJc2842c5f080eBR
PNL172139AB,12156651
PNL456602AA,ENJ9f06707f3535BR
PNL649072AA,ENJa4549aa46559BR
PNL166160AA,ENJe1dc745a8e00BR
PNL909462AA,965388970
PNL855269AA,ENJ297603682f13BR
PNL837687AA,ENJcbd6e9ed0069BR
PNL740735AA,43761395
PNL698818AA,ENJ2c6980bcde32BR
PNL380066AA,ENJdd04b7658aaaBR
PNL740713AA,222162279
PNL537333AA,ENJ9774ee77c34eBR
PNL884027AA,ENJ478b67d32686BR
PNL661978AA,ENJ5ad957ee7f4bBR
PNL107059AA,ENJ25669160d67cBR
PNL190580AB,ENJe3e4dc004f46BR
PNL204534AB,ENJe632fe4a1306BR
PNL206047AB,ENJ73a77ecd03faBR
PNL524278AA,ENJ48dde84cd3ebBR
PNL913277AA,415213377
PNL891302AA,ENJd5f3d241dac9BR
PNL025398AA,105522879
PNL630606AA,ENJ4e82c2ce2656BR
PNL187381AA,ENJ80c2924fa043BR
PNL151525AB,ENJ8eb399a09892BR
PNL185502AB,37374363
PNL698783AA,216470391
PNL626920AA,ENJd908522f05cfBR
PNL410987AA,ENJe0011ec8add4BR
PNL686644AA,ENJe517fbf59561BR
PNL870303AA,ENJe766d426dd0aBR
PNL896288AA,442105196
PNL470898AA,ENJ14d3481c6338BR
PNL182447AA,ENJ8bddfcf036faBR
PNL482592AA,ENJ4c9136e5030fBR
PNL845760AA,ENJec389bdb7018BR
PNL913299AA,ENJ779baec9a37cBR
PNL206039AB,ENJ860ab8887a96BR
PNL870325AA,ENJ9440b04dab44BR
PNL911708AA,201733177
PNL600474AA,350523294
PNL107065AA,ENJe2a83d32c0b9BR
PNL151515AB,ENJbd7352363f06BR
PNL680699AA,ENJb115467a1235BR
PNL266311AA,ENJ2797dee9662eBR
PNL636637AA,ENJ234000fe87f7BR
PNL683558AA,ENJ34deee2d3f9dBR
PNL638288AA,ENJ5601fc8c7c45BR
PNL666798AA,ENJ2eb00401d510BR
PNL691055AA,ENJba20121dfaaeBR
PNL600773AA,ENJ9013f66d4bd3BR
PNL694069AA,ENJbcd466aee895BR
PNL902075AA,ENJ9819c6487503BR
PNL180036AB,ENJe2c778aa9df6BR
PNL515739AA,ENJ7c09295b6754BR
PNL696198AA,ENJefedc0043686BR
PNL847369AA,ENJ95bbe856512bBR
PNL537341AA,ENJe267cbf2a2e7BR
PNL680160AA,ENJ538977698fc5BR
PNL619083AA,ENJ71da2e0ed202BR
PNL619073AA,ENJf2148b8cd69aBR
PNL885804AA,ENJ8e8a7f291ed1BR
PNL714870AA,ENJab4cbb87e4b7BR
PNL590806AA,ENJabf2807500c1BR
PNL676276AA,477267798
PNL167978AB,ENJ51878f1d1d37BR
PNL882386AA,ENJdba8e055af5cBR
PNL747446AA,ENJ9005c6ae86a3BR
PNL834037AA,ENJ3197b9f4f9abBR
PNL869413AA,ENJ0f80e8c6297aBR
PNL218858AA,ENJ576a93622149BR
PNL216827AA,ENJ2e9542c52e5fBR
PNL188651AB,ENJ1d37cdb6a198BR
PNL698765AA,ENJ29b80412952fBR
PNL172138AB,ENJc0ff21190715BR
PNL920286AA,ENJ81156c773984BR
PNL084034AA,ENJe28096fbeeb2BR
PNL236820AA,ENJc63273ab3cb3BR
PNL666840AA,ENJ57369e4565baBR
PNL718042AA,ENJ2dbd35d35f9bBR
PNL745687AA,ENJ0bbfc140be05BR
PNL681009AA,ENJ1d052b1df884BR
PNL910768AA,ENJa5b38efdd59fBR
PNL684124AA,ENJ33442ee289d5BR
PNL680692AA,285350405
PNL726684AA,ENJ0af4ce67724fBR
PNL692718AA,ENJecb3d15d3205BR
PNL747466AA,ENJ50b27120d15fBR
PNL680166AA,ENJb28037e28781BR
PNL868023AA,717797573
PNL837679AA,ENJe964e3a9d121BR
PNL680178AA,ENJa79d95419816BR
PNL636635AA,ENJ874f19d69924BR
PNL184684AB,ENJ4f9885a6912eBR
PNL837594AA,ENJ7515aca3a9deBR
PNL922186AA,718923728
PNL698779AA,ENJ53559e23fabfBR
PNL668324AA,188412858
PNL683577AA,ENJb10ec5ad3bb8BR
PNL628901AA,ENJc6bdef3852a8BR
PNL637623AA,ENJ86f09f9c573fBR
PNL638303AA,ENJ3547f14ea02bBR
PNL923694AA,ENJfbf08a6e4dc2BR
PNL645559AA,ENJ5976dcd23423BR
PNL896294AA,755192676
PNL179002AA,483370820
PNL827534AA,ENJd147b5b41476BR
PNL740745AA,ENJc38aa232e5c3BR
PNL206096AB,ENJc739ce61a2e0BR
PNL172096AB,ENJ8a217641c989BR
PNL600769AA,43929850
PNL193947AA,850807606
PNL188628AB,ENJ7c9abba81617BR
PNL598981AA,91257811
PNL681011AA,ENJab87b0628ac1BR
PNL691081AA,ENJ95d12a6cc8b6BR
PNL674549AA,ENJd34c610dc0e7BR
PNL869461AA,688854440
PNL596169AA,419600667
PNL391774AA,ENJ6dfd05b0c142BR
PNL913293AA,ENJ8e109ece5feaBR
PNL177084AB,ENJ9fe162a6f43cBR
PNL454681AA,ENJ53b644f338f8BR
PNL698788AA,ENJ444562299b59BR
PNL649562AA,ENJ1ffe1f501f86BR
PNL039634AA,ENJ868d77265d55BR
PNL664758AA,ENJ226fbeb38499BR
PNL632917AA,ENJc7d0882013e6BR
PNL204557AB,ENJ60a19d1c94a9BR
PNL870312AA,ENJ56e7b7c6159fBR
PNL877639AA,ENJ7639d07dbb68BR
PNL636640AA,ENJ8f3c68d3266fBR
PNL589876AA,ENJ44c717e0bff9BR
PNL026629AA,634809932
PNL257377AA,511465542
PNL661048AA,ENJc58986e7eb8cBR
PNL683591AA,ENJa21eff565d9fBR
PNL705630AA,ENJad58d9abcd0bBR
PNL740729AA,604897204
PNL153977AA,ENJc14317c8948fBR
PNL219193AA,ENJ87f3988efce7BR
PNL683583AA,630105669
PNL202855AA,ENJ1243b0d874faBR
PNL869456AA,909972716
PNL299269AA,ENJ7956fb84147fBR
PNL907812AA,ENJ2f7422c5f347BR
PNL683578AA,ENJa8627b4b8363BR
PNL586750AA,ENJ862f73647105BR
PNL684829AA,331538139
PNL745678AA,719222370
PNL182127AB,334818818
PNL731241AA,ENJ398226d19d56BR
PNL622443AA,ENJ5d29d6449652BR
PNL098446AA,ENJ39c56df95f9bBR
PNL666769AA,ENJ02614429748fBR
PNL869484AA,ENJ27330cd17580BR
PNL683574AA,ENJe3893375f25aBR
PNL845800AA,ENJcab2e19b9522BR
PNL809033AA,ENJ6ab78d888ea2BR
PNL644844AA,ENJ31def3bc3161BR
PNL388186AA,ENJ6c9868f68c5aBR
PNL416952AA,ENJ61ed23a7fb3eBR
PNL026641AA,ENJe9d09284547fBR
PNL546355AA,ENJ931f8ef96618BR
PNL151535AB,543898170
PNL098000AA,ENJ3fce3bbbee23BR
PNL684121AA,ENJf161225be503BR
PNL679585AA,ENJ18b394eaf004BR
PNL847858AA,ENJd7428f583c02BR
PNL057935AA,ENJ066df529ae0bBR
PNL705617AA,ENJ2dffe461b01aBR
PNL892240AA,ENJ1c1a9c265a6aBR
PNL681012AA,ENJ6eb1be8bb515BR
PNL921335AA,ENJ1dd3012e91f1BR
PNL289382AA,ENJa1d5cacc4e7dBR
PNL649107AA,ENJ5adb1bce2d97BR
PNL630648AA,ENJe259f740c5dbBR
PNL838344AA,ENJbe4948de214dBR
PNL672698AA,ENJ4d56b21aea41BR
PNL174790AB,ENJc647e646f2c9BR
PNL666788AA,ENJf6d3a2d267c9BR
PNL160697AB,ENJ2f4176c7f86eBR
PNL745681AA,ENJ88ea47214306BR
PNL690680AA,ENJ4dc96e910fa0BR
PNL868042AA,ENJ7269c6c3be94BR
PNL184671AB,ENJ819e90c70785BR
PNL464768AA,ENJf151e897ec0fBR
PNL600791AA,ENJ1fee19f4612aBR
PNL664795AA,88243348
PNL740606AA,863199384
PNL661949AA,ENJf944dd80849aBR
PNL605466AA,ENJf7428d749176BR
PNL686628AA,ENJ0638cbdf4295BR
PNL704843AA,527655589
PNL100069AA,ENJabe637a2931fBR
PNL851485AA,951689694
PNL914827AA,ENJe7673b22f37fBR
PNL837612AA,ENJ50fbd8235b34BR
PNL184597AB,ENJ8c50b0f5230aBR
PNL698728AA,ENJff6e8393f61cBR
PNL296579AA,751744141
PNL026599AA,758085519
PNL649042AA,ENJ5014f4efcc68BR
PNL184615AB,ENJ7b3b2617282cBR
PNL648261AA,ENJb7a8c00e768fBR
PNL650620AA,ENJ05aed1093fa5BR
PNL845699AA,ENJ9591dc6ba478BR
PNL661929AA,250224934
PNL367759AA,ENJ48430ee362d0BR
PNL661939AA,28947492
PNL160625AB,ENJ18957e98830dBR
PNL750398AA,ENJfa63f2581dfbBR
PNL740697AA,ENJc8e8aebe3b3aBR
PNL694062AA,ENJ332c6527adbaBR
PNL084025AA,ENJ7c02a4474cceBR
PNL104073AA,ENJff31c71867d6BR
PNL637614AA,ENJd3206c6235b9BR
PNL750423AA,ENJ33f2fc7cce22BR
PNL913261AA,475061034
PNL183606AB,260292276
PNL974469AA,ENJ92de2839014dBR
PNL408400AA,ENJ4de0db58f3a4BR
PNL664674AA,933929894
PNL705615AA,ENJ0ec8548fa0f3BR
PNL833999AA,ENJ4e7405ee2e06BR
PNL542045AA,ENJ6763a76a54c7BR
PNL907480AA,ENJ8a12b39a0949BR
PNL195943AA,ENJ159b37f05e73BR
PNL425397AA,ENJ65e586fa2847BR
PNL410980AA,ENJ764956672b9eBR
PNL299222AA,ENJe36710b3f65bBR
PNL190573AB,607326319
PNL193892AA,876213631
PNL112573AA,ENJ9a7c1481a280BR
PNL184631AB,ENJfd6c568ef7b8BR
PNL803729AA,ENJ18d929876a4bBR
PNL679562AA,ENJ6ce7d3cbfcbfBR
PNL682600AA,301908123
PNL184623AB,ENJ822e39620354BR
PNL410968AA,ENJ8bf6fbaf8c20BR
PNL691030AA,ENJ88ba326f7b8eBR
PNL666725AA,ENJfc15509ed65dBR
PNL684804AA,ENJdd0ee152926bBR
PNL599188AA,ENJ233f86215570BR
PNL112145AA,ENJc65c1a130b96BR
PNL263777AA,545980338
PNL887087AA,ENJ879ae81e2322BR
PNL882379AA,818591970
PNL882615AA,ENJ0d2ad7a0d804BR
PNL172120AB,338354450
PNL714862AA,478634278
PNL868852AA,3567714
PNL922174AA,ENJe51f1a7edb46BR
PNL731239AA,ENJbab410876535BR
PNL171788AA,ENJbd5d78c923bcBR
PNL877581AA,ENJ8992ec4e4e41BR
PNL718008AA,853482336
PNL845722AA,ENJfc1d613a11e0BR
PNL256950AA,ENJ126467325604BR
PNL896233AA,153976441
PNL408393AA,ENJ5f4bfbf988eeBR
PNL661992AA,ENJec1126b6e4d6BR
PNL160638AB,ENJ27bef70b708bBR
PNL809023AA,ENJc29a69e58100BR
PNL648245AA,ENJ451acc60ff32BR
PNL750387AA,ENJee81d3898e29BR
PNL684797AA,144100348
PNL666714AA,634939630
PNL864104AA,645075635
PNL834035AA,ENJd370c4354380BR
PNL184614AB,ENJ575260661599BR
PNL868853AA,ENJ848741551aacBR
PNL836226AA,ENJe1f030dc98d1BR
PNL803720AA,ENJd3e13e87237fBR
PNL628866AA,ENJ629f60c99cb2BR
PNL686153AA,ENJcef751b75727BR
PNL100064AA,ENJ32b18ae328dbBR
PNL098418AA,ENJdc99f495ec3dBR
PNL527345AA,ENJdd9c3d808185BR
PNL686140AA,ENJc9ee40e1cabcBR
PNL084040AA,ENJ400b726f43e7BR
PNL026630AA,473399344
PNL845734AA,ENJ1f211d660a06BR
PNL560320AA,ENJ551ac1f3d7e2BR
PNL845745AA,ENJeee182a3c85fBR
PNL836241AA,ENJ4830b21cee30BR
PNL714855AA,178637102
PNL909423AA,907644537
PNL650630AA,ENJf191154010ecBR
PNL606328AA,24644915
PNL025386AA,137645718
PNL026617AA,766796850
PNL724303AA,ENJ25963ae2cabaBR
PNL705677AA,ENJ6b1eab4aa539BR
PNL678393AA,ENJf6643c480605BR
PNL084064AA,ENJ8f810b36b657BR
PNL709493AA,ENJ04838f23520cBR
PNL694739AA,ENJ60f368372e56BR
PNL726704AA,ENJ8e04e8b52c79BR
PNL371468AA,ENJ81caa40e200eBR
PNL545472AA,ENJf0fb61a34cf5BR
PNL270331AA,ENJ515dfc1d6296BR
PNL650639AA,564105173
PNL495972AA,ENJa4b01c8c1f9bBR
PNL905345AA,ENJbe050df2340fBR
PNL869485AA,ENJd4b9033de14bBR
PNL703001AA,ENJeb2c732a23a1BR
PNL683550AA,398187314
PNL649084AA,ENJ12c8c74bcc42BR
PNL845796AA,ENJ6521564c026dBR
PNL542053AA,ENJ8c15e4f70ca0BR
PNL425408AA,ENJ7e65b7e63059BR
PNL649099AA,ENJ31c98b89f4c7BR
PNL887102AA,ENJ094099b4ec32BR
PNL684125AA,ENJ4f129eccaac1BR
PNL449386AA,ENJ05668d496a2aBR
PNL600479AA,ENJ22fc7f954045BR
PNL640672AA,ENJ9e13cec2346cBR
PNL905353AA,ENJ6f0c68fb0c0cBR
PNL877620AA,ENJ02aeea16a512BR
PNL153975AA,ENJc767d9f5a02dBR
PNL183614AB,622604042
PNL851477AA,ENJ8289a3edc1ccBR
PNL193982AA,ENJ2806d845697dBR
PNL167010AB,322119942
PNL884028AA,493558805
PNL710015AA,ENJadd18f8c44d9BR
PNL416945AA,ENJ806ffbff89c8BR
PNL456600AA,ENJdbac9c034c41BR
PNL877641AA,ENJ5ed6aace3f34BR
PNL084057AA,ENJc7ab6c8ab1d0BR
PNL851468AA,594289569
PNL162330AA,ENJ5d27f021a3f1BR
PNL710014AA,ENJa08468a8a2eaBR
PNL622812AA,39222649
PNL705627AA,ENJa6e15618ece7BR
PNL747461AA,ENJ83813ddf72b5BR
PNL838325AA,ENJf99279cc81d7BR
PNL837620AA,ENJccf8381d029fBR
PNL834034AA,ENJb5f68186f745BR
PNL682610AA,ENJ69d848d0ff7fBR
PNL834039AA,ENJ2e936534bff8BR
PNL876042AA,333264961
PNL672691AA,ENJfa8b7918b939BR
PNL877618AA,ENJba7f079878c5BR
PNL729005AA,ENJeea29e02141dBR
PNL180028AB,ENJb1b6c27a30c2BR
PNL710006AA,ENJ32f96240361cBR
PNL737992AA,631652333
PNL893020AA,ENJa7e7e3e3a086BR
PNL726661AA,ENJd6a731d6ddf9BR
PNL870288AA,ENJ7f9ec2b89ac9BR
PNL664740AA,ENJ6feb079f5602BR
PNL684813AA,ENJf2921febf2deBR
PNL097999AA,ENJdf870f4f489aBR
PNL236823AA,ENJ19a5a926fe4fBR
PNL868887AA,ENJ06e77470fa2dBR
PNL686195AA,ENJ01992fa3b7f9BR
PNL905362AA,23400587
PNL408419AA,ENJ91c6fe1611ddBR
PNL891297AA,ENJ9dc5012a1ab8BR
PNL619137AA,ENJ2e42b017374bBR
PNL102243AA,ENJ3f8c10cebaf3BR
PNL684132AA,ENJ003697545bedBR
PNL410988AA,ENJ481d3d971e5eBR
PNL689026AA,ENJea8976a738e6BR
PNL206032AB,ENJe577d1b78e9dBR
PNL184630AB,7118020
PNL179019AA,ENJ2c6d717bb8a5BR
PNL628894AA,ENJf837050a3cc9BR
PNL646042AA,ENJ9c2fe12d2fddBR
PNL645553AA,ENJ2e4712851d3aBR
PNL710018AA,555031085
PNL699725AA,498759623
PNL151552AB,ENJ265e5cd02abfBR
PNL193969AA,ENJ211e02a70f5aBR
PNL672701AA,488391930
PNL166150AA,389053995
PNL897152AA,615538222
PNL563699AA,ENJ47e1e2f4c823BR
PNL692702AA,ENJ74a5ed0ee8e1BR
PNL299198AA,ENJd332bf8ed86cBR
PNL188999AB,336019511
PNL495957AA,ENJc1c507b61d74BR
PNL581297AA,ENJ7bbcbbdf481dBR
PNL649071AA,ENJ2e859086a3feBR
PNL661961AA,ENJe6929c5db0b4BR
PNL838368AA,ENJ2a40cc91f0f5BR
PNL560328AA,ENJ41909d2e3001BR
PNL664775AA,ENJe8038a01e28dBR
PNL917125AA,ENJ794d63af1392BR
PNL408444AA,ENJ8ae3c3ff5c3cBR
PNL869444AA,ENJfc5a41ad0f0dBR
PNL654571AA,ENJ05e6dbcff62eBR
PNL495974AA,ENJ74d26ab61df4BR
PNL718056AA,ENJ0092805716bbBR
PNL638301AA,ENJ69ad26fbf25bBR
PNL683595AA,ENJbe5dc3f4e974BR
PNL204544AB,ENJ991b5c8d6e72BR
PNL920853AA,ENJf32b671c3beaBR
PNL626943AA,ENJ4b7d46a68be9BR
PNL869426AA,ENJ4e3712eb6ebdBR
PNL674531AA,468399123
PNL661038AA,ENJ9c61063a67efBR
PNL718043AA,ENJ136a7196ea11BR
PNL537346AA,ENJc21187e3be90BR
PNL666765AA,ENJ47528493960cBR
PNL178427AA,ENJ2eb775f32381BR
PNL830976AA,ENJ6bf4f04b1acfBR
PNL913291AA,ENJ92fb52ded692BR
PNL206120AB,ENJ36b9b4201b5eBR
PNL165448AA,ENJ83e65c7653bcBR
PNL808005AA,ENJa9a46245a984BR
PNL084542AA,ENJa4949771e91eBR
PNL524264AA,ENJ17e1a56c23beBR
PNL160691AB,ENJb6d8f93ef06fBR
PNL661047AA,ENJ339e02847ecdBR
PNL206080AB,ENJ0260ad5f72bbBR
PNL696209AA,ENJ1998efe7dd8aBR
PNL454655AA,ENJ19588512d31cBR
PNL104077AA,ENJeeb793c2c5c9BR
PNL877638AA,ENJaaa5b55d1a0aBR
PNL378290AA,ENJf0d940840f2fBR
PNL705679AA,ENJ49eb06d1621cBR
PNL454665AA,ENJ19f24969b91cBR
PNL885818AA,ENJ314c65c3db8bBR
PNL106833AA,ENJ67eaf104b857BR
PNL725267AA,ENJf29f6fe6fde6BR
PNL628900AA,ENJ056421960967BR
PNL668321AA,ENJ768f8bc84074BR
PNL691086AA,794580862
PNL105341AA,ENJ213e37f1332bBR
PNL202848AA,ENJ098cb3e9e962BR
PNL638292AA,ENJ3feef97a32b6BR
PNL847376AA,ENJ4e3b64275dc0BR
PNL259857AA,ENJ5df683714d7bBR
PNL180049AB,ENJ103a71b60dc6BR
PNL354887AA,ENJ896c1fdfe48cBR
PNL680167AA,ENJ53a994545810BR
PNL676291AA,582504308
PNL180051AB,ENJf23d6cfd8cb9BR
PNL537335AA,ENJa97cefeb7ee6BR
PNL151575AB,ENJ05435b4420a0BR
PNL891309AA,ENJa67dc568eaa2BR
PNL106849AA,ENJa324ba870b13BR
PNL169378AA,ENJ449d1d0183a4BR
PNL560330AA,ENJ44a8a052550fBR
PNL920851AA,170816877
PNL731242AA,ENJ8278bee93f1cBR
PNL921339AA,ENJ6bc3a2cf4eb3BR
PNL710016AA,ENJ142c1bcb5e82BR
PNL920840AA,ENJ2d8e3dd9c5e6BR
PNL664812AA,ENJ90f115403614BR
PNL630619AA,ENJ6c432ad4373cBR
PNL537956AA,ENJfd537e71935dBR
PNL666834AA,ENJb2b850d0eafeBR
PNL704845AA,ENJada465b1ff31BR
PNL182121AB,ENJ5c333c9be11fBR
PNL497409AA,ENJ35678da62004BR
PNL188821AB,ENJ807187f43b6bBR
PNL014722AA,ENJ03e6bdba7ab3BR
PNL656279AA,ENJa805f895b28eBR
PNL906998AA,ENJ8296ec3b0ba2BR
PNL750432AA,403535022
PNL747463AA,893077238
PNL636644AA,ENJc78a39d33647BR
PNL473795AA,ENJ40002510cb03BR
PNL497387AA,ENJaf20868bb54fBR
PNL974499AA,ENJ7b72181dc650BR
PNL672674AA,ENJ713ce7e89adaBR
PNL855188AA,ENJ39d81760163dBR
PNL922168AA,ENJ7fe44276e9a8BR
PNL666733AA,833227532
PNL622806AA,ENJd2056aadfe2fBR
PNL731240AA,ENJ3821c28e5bbfBR
PNL393690AA,ENJb6d9d24b26a8BR
PNL167956AB,ENJ11c2004f4ac1BR
PNL674518AA,ENJ0b6f63357fecBR
PNL097987AA,ENJ5d90fe814030BR
PNL906992AA,852401127
PNL188620AB,ENJbd77f2493f64BR
PNL679552AA,ENJ15c0f2f7dfb9BR
PNL747433AA,ENJe30be9cc21cdBR
PNL387658AA,ENJ45172416c710BR
PNL920278AA,244011973
PNL599178AA,ENJ8ee9a3d46c91BR
PNL885808AA,ENJd3a6c3e7f8d6BR
PNL830930AA,ENJdbfdf78c3a75BR
PNL737960AA,ENJ1c5fcc5827aeBR
PNL920283AA,ENJ38778a60b237BR
PNL527369AA,181652872
PNL922177AA,ENJd25ed9891932BR
PNL664746AA,ENJ3611848fd4c3BR
PNL527362AA,ENJ51c70f6f1910BR
PNL834008AA,ENJ0f097bb439e6BR
PNL202831AA,ENJ615ba8f815b7BR
PNL851442AA,396654348
PNL098415AA,ENJ60665ae48513BR
PNL542041AA,ENJ349ca1a2adb2BR
PNL654529AA,ENJbf68959b6e9eBR
PNL100809AA,ENJ134cc2914c88BR
PNL868860AA,137863506
PNL619056AA,ENJ872a07eb6d54BR
PNL913265AA,ENJc255623edd33BR
PNL892227AA,ENJ2c9ff10c22a9BR
PNL879172AA,ENJa0f01aba8d66BR
PNL182103AB,808203588
PNL683540AA,520895256
PNL864118AA,ENJf1a3cd82960cBR
PNL882614AA,ENJ91fb9169c904BR
PNL184605AB,ENJff97d1834b87BR
PNL497381AA,ENJb49f154ffd3aBR
PNL619070AA,ENJ72de7e05cf2aBR
PNL732549AA,618163131
PNL099371AA,ENJ1aa0bde59d75BR
PNL855228AA,ENJb98bd99c2b17BR
PNL632905AA,ENJaf005d4343f5BR
PNL869384AA,ENJ62810f601ce8BR
PNL718018AA,ENJc1ee29be9f9fBR
PNL830486AA,ENJc460f57e7e30BR
PNL693150AA,606457177
PNL882611AA,ENJ4ac36e95eb94BR
PNL974428AA,ENJfcd7b7e1a16bBR
PNL885800AA,ENJe4533c0cd64eBR
PNL705571AA,ENJ74e69e16c37eBR
PNL586739AA,885435232
PNL622805AA,ENJdf1ef8c9d8c3BR
PNL648262AA,ENJ678ac8223a0bBR
PNL250652AA,ENJ16f2e86f0587BR
PNL188648AB,ENJ97088e5a50fbBR
PNL206006AB,ENJ5d4b23ac46f6BR
PNL014714AA,ENJ9e0686ba90d5BR
PNL868851AA,ENJ1a23b5525610BR
PNL740668AA,871074550
PNL683525AA,ENJ79bb0b538bdfBR
PNL540263AA,ENJ0517ee62e840BR
PNL391767AA,ENJe1674144a097BR
PNL709460AA,709944998
PNL600444AA,ENJ04d726a6a57bBR
PNL189373AA,ENJ94600f0cb593BR
PNL725258AA,86743180
PNL692696AA,ENJac161a758793BR
PNL405167AA,ENJ9c661afc5da5BR
PNL112153AA,ENJ07cc5cd83adeBR
PNL659103AA,ENJ7e5a36ac94c6BR
PNL868017AA,311741630
PNL847380AA,ENJ9d8942cfff56BR
PNL645549AA,ENJe1960fb90fe3BR
PNL664743AA,851555376
PNL738003AA,869029136
PNL648266AA,ENJ8f2f585b7711BR
PNL868050AA,516618135
PNL452500AA,ENJ78a1016173f1BR
PNL692703AA,ENJ8653e4b0555fBR
PNL686646AA,ENJfb9dca6dd97aBR
PNL180055AB,ENJ5069ea5ecb8cBR
PNL537366AA,ENJecc1e6ceb208BR
PNL356381AA,ENJ84835f695b6bBR
PNL851474AA,ENJfd916379f5d4BR
PNL038255AA,ENJc83c5c4b9c5bBR
PNL851483AA,ENJ17543cc665fcBR
PNL673796AA,272968388
PNL838513AA,ENJa8b8888eba83BR
PNL686182AA,ENJ60a1ef4245b9BR
PNL153970AA,ENJd2fa88783276BR
PNL628936AA,ENJ150c25034d57BR
PNL911719AA,141097085
PNL626937AA,ENJ8c8d40bdd4dbBR
PNL599217AA,ENJec2a90ab8f1aBR
PNL705607AA,441063143
PNL294633AA,373386099
PNL851450AA,216949182
PNL732570AA,ENJ9cbe7110dc58BR
PNL105349AA,ENJ92ccf8fdc433BR
PNL632913AA,ENJ19df9f82a750BR
PNL654542AA,ENJa92dd1064655BR
PNL879185AA,ENJ03fb427f5c3fBR
PNL664788AA,725286269
PNL713306AA,51556295
PNL487491AA,ENJ135e0ffbe132BR
PNL859011AA,972900168
PNL905344AA,ENJ8ae719a0f9e2BR
PNL845811AA,ENJb90aa54d4c40BR
PNL563697AA,924427452
PNL188602AB,614215550
PNL747493AA,ENJ13b4eb58646cBR
PNL162327AA,101722472
PNL725275AA,ENJ336e08ccb14dBR
PNL649578AA,ENJ30a2ace473e1BR
PNL649556AA,ENJa0f62e2b9037BR
PNL696210AA,689710086
PNL836269AA,ENJ38f1e3a13d3cBR
PNL644828AA,ENJ3b71d4ec5e22BR
PNL251693AA,547911392
PNL869463AA,ENJ1abf6d74385bBR
PNL864133AA,ENJ83f6eb01b201BR
PNL909434AA,606344093
PNL676280AA,ENJ796995587960BR
PNL661744AA,ENJcc2a05d83234BR
PNL160028AB,ENJb7d93f7863faBR
PNL165017AB,ENJ051e46c68e8fBR
PNL622811AA,ENJ8f77a70afc9cBR
PNL868010AA,ENJfcf9797a0df0BR
PNL672695AA,ENJf8a901b7b0f6BR
PNL138775AA,ENJ8290f10635eaBR
PNL605464AA,ENJ47f0b94f2675BR
PNL907805AA,ENJ20d3a56b9a51BR
PNL699740AA,ENJ619886b58ce7BR
PNL151511AB,ENJ9a06f06c8d98BR
PNL851444AA,610484255
PNL698771AA,ENJ4d4dc71f6d23BR
PNL190579AB,ENJd6c413cc0751BR
PNL111492AA,ENJbc2178cbf42eBR
PNL106831AA,ENJ6ceba77e2943BR
PNL111491AA,ENJ7d0d2181f981BR
PNL709480AA,76928968
PNL684826AA,ENJcc6cd3d07db0BR
PNL747454AA,ENJ3325436f20e1BR
PNL750407AA,ENJ9559583cd270BR
PNL084036AA,ENJ33760cfbd931BR
PNL838508AA,ENJf1bfd7f4f6abBR
PNL684817AA,ENJe5021cefcb54BR
PNL351404AA,ENJ0d7dc45a1357BR
PNL702972AA,ENJ4462a97a91c1BR
PNL165019AB,962108600
PNL868879AA,ENJa37bc186ae86BR
PNL864152AA,ENJ28249cbc5d93BR
PNL454141AA,ENJa96a447e1974BR
PNL664749AA,668902019
PNL693658AA,380555217
PNL683626AA,840255674
PNL482595AA,ENJ5dd5cb7a35a0BR
PNL654546AA,ENJ271b59159e6dBR
PNL184648AB,837766891
PNL590812AA,ENJ8effe2ba2a44BR
PNL855255AA,ENJb49adf065a5dBR
PNL256970AA,ENJ6c3aacaea02fBR
PNL599192AA,457557320
PNL026633AA,ENJ029940635b7aBR
PNL171797AA,849256799
PNL391423AA,ENJ286094709657BR
PNL206077AB,ENJ919d70c3ff09BR
PNL026651AA,ENJ3dafcb12663bBR
PNL855317AA,ENJ5fc480eea61eBR
PNL911710AA,ENJ4cc5bf7b1c1aBR
PNL920311AA,ENJae88bde0570dBR
PNL206040AB,ENJd1a5606b7e9bBR
PNL254822AA,ENJ41a85caa3504BR
PNL906224AA,637991965
PNL887108AA,ENJb9e06f98f7ccBR
PNL705616AA,544989155
PNL454669AA,ENJf77e8470c633BR
PNL630652AA,ENJ9cb7e126d600BR
PNL184646AB,ENJb07ea402b045BR
PNL629659AA,ENJc9ff3918b02bBR
PNL684818AA,960632305
PNL692698AA,ENJ3e652ed76628BR
PNL589865AA,296843915
PNL487486AA,ENJ875dc08e084dBR
PNL664633AA,47502312
PNL951591AA,ENJ71f229b2cfeeBR
PNL099388AA,ENJd49724130f61BR
PNL545483AA,ENJ10a7439b06a8BR
PNL206108AB,ENJ713f34ab1989BR
PNL693168AA,ENJcce24afdff68BR
PNL454657AA,ENJa4f0d4143984BR
PNL188807AB,998891568
PNL193995AA,461330997
PNL206067AB,ENJ3b2b79f93685BR
PNL915141AA,ENJ647de46d4273BR
PNL486134AA,ENJ79f2c4bc2bedBR
PNL628907AA,ENJ1b5ef1029e5aBR
PNL299259AA,ENJ2f454465f190BR
PNL699764AA,ENJ06a2e749e250BR
PNL174772AB,ENJ34797a23c78bBR
PNL537347AA,ENJ73334459535eBR
PNL256973AA,ENJ0b4e9a3f50c2BR
PNL907821AA,ENJ267bab2077a1BR
PNL851478AA,ENJ18ae30602f37BR
PNL105339AA,ENJ1d4840d74a03BR
PNL182446AA,ENJ01ff99e43170BR
PNL666761AA,ENJcc56a3cb1093BR
PNL174799AB,796298796
PNL877329AA,ENJ67781a340330BR
PNL203175AA,ENJ926b2472db21BR
PNL204540AB,ENJc2f2e54223feBR
PNL160699AB,ENJ4f770ebcf542BR
PNL251700AA,ENJ3133ac99e861BR
PNL299249AA,689398889
PNL626938AA,ENJ6ced98d33568BR
PNL837653AA,ENJe2a42ba2d79cBR
PNL100821AA,ENJ9139ebfe276cBR
PNL600480AA,392274464
PNL098432AA,ENJ1f912a31b0adBR
PNL527390AA,ENJ4b801e5f980aBR
PNL834059AA,ENJ64107406aa5aBR
PNL914840AA,ENJ222d663245d6BR
PNL172153AB,ENJc4b7cf4c2452BR
PNL674533AA,ENJ8782d21f00beBR
PNL166159AA,ENJ1b0fbfe2d526BR
PNL705655AA,ENJ5c01d5a74412BR
PNL696208AA,ENJe930d7e48646BR
PNL112156AA,ENJ3e2fac8fecafBR
PNL896275AA,819644201
PNL025392AA,ENJ985b3958a236BR
PNL648510AA,ENJ742c07dc5fbeBR
PNL847867AA,ENJ5d8a0ab89127BR
PNL630623AA,ENJc1ab56d0b298BR
PNL692701AA,ENJ901254c17e25BR
PNL859024AA,34277418
PNL864167AA,ENJ8fb48c4aa340BR
PNL437380AA,ENJeb01ad7c4160BR
PNL696211AA,ENJ7d44856aecdbBR
PNL855258AA,ENJbf37d1890a0bBR
PNL837760AA,ENJ78e1c7019495BR
PNL924231AA,ENJ0d3690ee4cc9BR
PNL256969AA,937683221
PNL891673AA,ENJ97f84aec4404BR
PNL678380AA,331843373
PNL599197AA,ENJb382d472f65eBR
PNL084056AA,ENJd2c00b3d4162BR
PNL659106AA,225562490
PNL909420AA,709319678
PNL206119AB,ENJ22c3bc711c65BR
PNL849713AA,ENJ0c4cd44cbd91BR
PNL683572AA,ENJa08c4c30a512BR
PNL690689AA,550175261
PNL216824AA,ENJ0622e2e172beBR
PNL896271AA,ENJbc97ed128f2aBR
PNL169361AA,ENJ72769847d12eBR
PNL731223AA,945198392
PNL830927AA,ENJ8145c662d12fBR
PNL180005AB,ENJ81262292ed55BR
PNL951566AA,ENJf8a9cccb2596BR
PNL678368AA,ENJ0290d913f296BR
PNL025385AA,ENJc7d176c5bbceBR
PNL686136AA,910579642
PNL864127AA,ENJ92d145974510BR
PNL680161AA,ENJd85e272eb5bbBR
PNL174750AB,ENJcddddef377a2BR
PNL915132AA,299756782
PNL659100AA,ENJ12fe5526ad60BR
PNL102664AA,ENJb68971979321BR
PNL543813AA,ENJ3567e1db3ae2BR
PNL898198AA,ENJ8d4a201b61b4BR
PNL737966AA,ENJaa663e3678c3BR
PNL678364AA,ENJ1a3553b0dea8BR
PNL515733AA,ENJ45f462ac55e2BR
PNL454122AA,ENJ3b65db863025BR
PNL497389AA,ENJ977618d5bfa8BR
PNL699709AA,ENJfae223f2953aBR
PNL705606AA,ENJ713ddc1ae4dbBR
PNL699714AA,ENJc99d8aa249dbBR
PNL461137AA,ENJ5c43e5cdb8a6BR
PNL184620AB,ENJ6eea06467ff7BR
PNL182102AB,ENJ8e8539e724d2BR
PNL649046AA,ENJcd12af409069BR
PNL674509AA,ENJ175370167e94BR
PNL726636AA,ENJ4f59d12ff76dBR
PNL026609AA,ENJabba96a29868BR
PNL084526AA,ENJ2f8c0ae78c3dBR
PNL354885AA,ENJ02eeea2792e1BR
PNL747416AA,ENJbff8a85ec80aBR
PNL898199AA,133842052
PNL698759AA,ENJ1611129873b4BR
PNL855203AA,ENJfb8865cde931BR
PNL910756AA,ENJ688e20a596a9BR
PNL847368AA,ENJd76c0701018eBR
PNL358582AA,ENJ3c617053ea74BR
PNL664724AA,ENJ69da234646f0BR
PNL622801AA,ENJa91f50578a92BR
PNL605458AA,ENJ3e125953e107BR
PNL674510AA,515510175
PNL837584AA,ENJ72113455ee0dBR
PNL193950AA,ENJd306b02ff864BR
PNL869403AA,ENJb627780e2a6eBR
PNL105331AA,ENJ486de491f5fdBR
PNL923685AA,ENJcb2e05ee82e4BR
PNL167958AB,314291298
PNL159740AA,ENJ75bee85eb6fcBR
PNL435981AA,ENJ1365236a2b82BR
PNL673790AA,ENJ90e79ceaac64BR
PNL870289AA,ENJc3eb1cf967ffBR
PNL661947AA,ENJddf4c28fce72BR
PNL160024AB,ENJ0bc5dac4544eBR
PNL974475AA,ENJ5fe95a6d40dcBR
PNL167955AB,ENJfb340c7e5437BR
PNL377831AA,ENJeca391f9e630BR
PNL679576AA,ENJ5508b8a88395BR
PNL104512AA,ENJ534beaeb24eeBR
PNL183609AB,ENJ5ca3ecaa766aBR
PNL714861AA,936773468
PNL026623AA,231003583
PNL160664AB,ENJca9ce1e33989BR
PNL896274AA,ENJf79f476a0780BR
PNL628921AA,ENJ25ce4c2863b5BR
PNL680173AA,624902633
PNL640667AA,ENJa48fe9e30fefBR
PNL153967AA,458074277
PNL626925AA,ENJ77904e89e969BR
PNL174786AB,ENJ459a92007dc5BR
PNL171807AA,ENJ8067dfd2fd10BR
PNL661028AA,123319508
PNL408414AA,ENJ4fe4467cda84BR
PNL869448AA,261037909
PNL202858AA,ENJ5697e525d5b4BR
PNL693675AA,ENJ068293557a41BR
PNL454130AA,ENJ0216f3db7c82BR
PNL686177AA,ENJ020d4fa574c1BR
PNL924239AA,457440316
PNL645558AA,ENJ5e4c51bc50e1BR
PNL907487AA,ENJc1149cb1e5aeBR
PNL684138AA,ENJ3b5d2c2d86cfBR
PNL674535AA,ENJ35698d8d5fb9BR
PNL560329AA,ENJacfa471f7794BR
PNL166145AA,663881008
PNL179052AA,ENJ3addc2169ce2BR
PNL683555AA,975080478
PNL619089AA,964278106
PNL542055AA,ENJf8da7160d80dBR
PNL855320AA,ENJf93b6c865832BR
PNL849703AA,ENJ9e2efaa27bcaBR
PNL202852AA,ENJ5112025eb4a0BR
PNL705624AA,963517256
PNL042829AA,362455161
PNL698777AA,ENJ749234d5138aBR
PNL750426AA,ENJ444d7fcca740BR
PNL026619AA,ENJ1eae52c91209BR
PNL524255AA,ENJ105af4aa07f9BR
PNL161666AB,ENJ962695994b9cBR
PNL693653AA,ENJfbec8884961eBR
PNL834025AA,ENJb681af4eb6b8BR
PNL921640AA,ENJac3abbbbcae2BR
PNL920821AA,62287977
PNL718026AA,ENJe95bcc7726afBR
PNL679582AA,ENJ6c3ccbf82ffdBR
PNL260153AA,ENJ93282a4f4ff2BR
PNL955046AA,ENJ902c4a257634BR
PNL184642AB,ENJ84bdcf1166d3BR
PNL206025AB,ENJ07896ddc5c7dBR
PNL540283AA,ENJa378a99b4327BR
PNL106836AA,ENJ0d102d530e72BR
PNL731232AA,978071768
PNL922181AA,ENJc994a1ae52d2BR
PNL910763AA,ENJ45781731d06fBR
PNL905324AA,ENJdda6a9a8637cBR
PNL747457AA,ENJ5efa832b7f15BR
PNL869420AA,ENJ3e8aa4ca473cBR
PNL877318AA,ENJ136b4b500a36BR
PNL661031AA,ENJ30446ed6d258BR
PNL880475AA,ENJ2a9262d6efbaBR
PNL492838AA,ENJeda07a582fa4BR
PNL415498AA,ENJa11bd99510baBR
PNL892253AA,ENJed010e1fad98BR
PNL183083AB,702773016
PNL454652AA,ENJcc4b55e355c5BR
PNL879180AA,991533311
PNL691054AA,ENJe1542e642e83BR
PNL699773AA,ENJ2d182e82de95BR
PNL628891AA,ENJ6c0464fbf511BR
PNL038256AA,803207483
PNL684123AA,564728151
PNL216832AA,ENJe42fd975482eBR
PNL661989AA,887713969
PNL693663AA,ENJf75c0e3c49b9BR
PNL540285AA,ENJ1d8edae88daeBR
PNL838332AA,ENJ8ea322e6fe7eBR
PNL482591AA,ENJf8319e75db52BR
PNL892238AA,ENJ34a248ece7b8BR
PNL161689AB,ENJ65e96ee54b13BR
PNL750452AA,ENJ62a6a6bf5c00BR
PNL687637AA,456772801
PNL454125AA,ENJd456c585d169BR
PNL589880AA,ENJ9f54f7a5180dBR
PNL683608AA,ENJ574ce005c4c8BR
PNL452497AA,ENJcbec042cf7fbBR
PNL684783AA,105148988
PNL845721AA,ENJ423e4b85d83fBR
PNL160016AB,ENJ4e997cc47511BR
PNL116730AA,ENJd141a419a7bdBR
PNL107070AA,ENJd646325bdb13BR
PNL710054AA,ENJ2e76a01628ddBR
PNL574889AA,ENJa12327be7daaBR
PNL619123AA,ENJ536a41dd7a4eBR
PNL868876AA,ENJa886ff3f1a86BR
PNL546353AA,ENJ143d5de787c2BR
PNL263786AA,694599397
PNL837695AA,ENJ7d0576496a7bBR
PNL227700AA,ENJc23fe1f06465BR
PNL545464AA,ENJ30c06528b7afBR
PNL683630AA,ENJ8cac1cdb1355BR
PNL680708AA,ENJ12ba7638196dBR
PNL084063AA,ENJ521f277a4e47BR
PNL745682AA,353524990
PNL699746AA,ENJ80d6410607b3BR
PNL697534AA,ENJ425c0365fd2bBR
PNL104078AA,ENJ864af3aeada5BR
PNL546356AA,ENJa084047970a6BR
PNL724611AA,ENJ1958514b2abaBR
PNL600468AA,ENJf1276b452e91BR
PNL100826AA,ENJddc4faaef6d2BR
PNL686194AA,ENJ7c2caef7af90BR
PNL009482AA,544975243
PNL845795AA,ENJ3d0d446f12d2BR
PNL084544AA,ENJc0b40c5b5122BR
PNL606346AA,253110970
PNL681020AA,ENJ59f7332be692BR
PNL913301AA,ENJa04d64567779BR
PNL859022AA,ENJda1b918ef55bBR
PNL834052AA,ENJ66bad580054aBR
PNL354159AA,ENJ0a3d9f4b8ccdBR
PNL452502AA,ENJ1d905c887339BR
PNL599203AA,ENJdeaea794aa29BR
PNL204554AB,ENJ160f810e9fffBR
PNL714879AA,ENJaf9a135cb3f5BR
PNL837726AA,ENJ3eda4fbdf06bBR
PNL180032AB,ENJ6a49dd45e132BR
PNL834036AA,ENJ2fba7dd2810dBR
PNL689025AA,ENJ1c0a488f2d5bBR
PNL648506AA,ENJ5361bfaf5b4eBR
PNL891670AA,925042822
PNL266284AA,354936320
PNL113001AA,ENJf8a9eeb2e65aBR
PNL371463AA,ENJ82c8cc12af44BR
PNL546357AA,ENJea40a96d7d93BR
PNL184666AB,ENJ01c484b471e0BR
PNL527378AA,960583430
PNL270327AA,ENJ9e32757f46a7BR
PNL710012AA,860767467
PNL924226AA,166884368
PNL905374AA,ENJa9679b30c464BR
PNL910771AA,ENJ9e15c460fd30BR
PNL540289AA,ENJ6445b1947d73BR
PNL202856AA,ENJd024414bf746BR
PNL731557AA,ENJfeb78ca13016BR
PNL837668AA,ENJ703025ec05bdBR
PNL710067AA,971504061
PNL433816AA,ENJc01d7cac89dfBR
PNL859006AA,ENJ6e433a7327bcBR
PNL188594AB,188717333
PNL598969AA,80079711
PNL648505AA,ENJ4ce58f991ae8BR
PNL590817AA,ENJce2c4c639c7cBR
PNL560327AA,ENJ372feb2d753bBR
PNL918525AA,ENJ8ca2c4daa58cBR
PNL682616AA,ENJafafb5678642BR
PNL885814AA,ENJ9e4204c03c59BR
PNL543832AA,ENJc437bd2f7fdfBR
PNL106859AA,ENJ5565d9cfe765BR
PNL877543AA,665825625
PNL545474AA,ENJfcfdc6ee7f88BR
PNL891290AA,ENJ53b9463723b6BR
PNL855245AA,ENJd920b49c87ffBR
PNL737971AA,ENJed0ff4c9e1c8BR
PNL951575AA,ENJb6bb56ac3e1eBR
PNL913524AA,ENJ364098b4e550BR
PNL188794AB,ENJd6234161b9e9BR
PNL866999AA,ENJ93d2d1dd05a3BR
PNL709470AA,743120854
PNL098815AA,ENJ5f37b2862365BR
PNL699708AA,ENJ0ffb88b9b7b4BR
PNL596163AA,ENJ427a9c58d4e1BR
PNL084532AA,ENJ4aac3aee455fBR
PNL216820AA,ENJb45d69af948fBR
PNL100807AA,ENJ135f17452a0dBR
PNL483241AA,ENJ990398fefed3BR
PNL679555AA,ENJb3f8349f971cBR
PNL905321AA,ENJ333873599d94BR
PNL852154AA,ENJd3a2c42d2515BR
PNL524250AA,ENJebe9b68e9339BR
PNL207335AA,282224618
PNL251681AA,ENJ5fcc9bbf4299BR
PNL909427AA,ENJ3bccfc91600eBR
PNL866976AA,ENJe07c550aa2bfBR
PNL254820AA,480531094
PNL705585AA,ENJ88a45db005c9BR
PNL190569AB,ENJ129c802022d3BR
PNL891656AA,ENJf3a1894d4be9BR
PNL740665AA,ENJ6ba121f809c6BR
PNL527370AA,723851289
PNL167980AB,ENJ4a0a0dc2b853BR
PNL204509AB,ENJf3306b6940caBR
PNL867002AA,ENJca9685737874BR
PNL877307AA,ENJb6ae50b45d90BR
PNL399173AA,ENJ4c522421233bBR
PNL684108AA,ENJ10b869adbf48BR
PNL661984AA,473576109
PNL542044AA,ENJ97fbeca5c6deBR
PNL182439AA,380804358
PNL726625AA,ENJb7f4042f0acaBR
PNL387226AA,ENJeb2ef8a438b4BR
PNL915131AA,488948594
PNL740689AA,ENJ083cd1833f26BR
PNL836234AA,ENJ8bb0aefef726BR
PNL600442AA,ENJbe2035073dcfBR
PNL163071AA,ENJad7fb7602125BR
PNL464766AA,ENJ7320a3627f6bBR
PNL830502AA,ENJ6e03bfeb8200BR
PNL676272AA,ENJ66a73cc3cddcBR
PNL098428AA,ENJ58e353d79fb2BR
PNL596149AA,ENJ291f3a436a68BR
PNL099372AA,ENJ84e296a5379aBR
PNL251679AA,737816831
PNL913262AA,558540590
PNL599850AA,ENJ40cc88fdc380BR
PNL661941AA,373268291
PNL590808AA,ENJ5a4c848373abBR
PNL256957AA,ENJdb0e2ac7a7bbBR
PNL692683AA,ENJc4320640c1b8BR
PNL187369AA,ENJ24c782e612c7BR
PNL193949AA,ENJf14d7c6384f0BR
PNL180024AB,ENJ060176561d71BR
PNL686111AA,ENJ3c446302e995BR
PNL184586AB,999317530
PNL704822AA,ENJef93adbda1cdBR
PNL905296AA,ENJ5146857fdbb3BR
PNL193928AA,334498248
PNL923220AA,688179640
PNL868012AA,721252234
PNL206126AB,ENJbce78e055087BR
PNL680181AA,894201091
PNL922195AA,ENJ3982ef9f1bb1BR
PNL920844AA,ENJ321d4c041ecdBR
PNL388182AA,ENJ9d11f759af6aBR
PNL880491AA,ENJb3880dcff49dBR
PNL649572AA,ENJ166b91c3121bBR
PNL206041AB,ENJd2c61ee16a9aBR
PNL574883AA,ENJ2d606a29e76bBR
PNL654544AA,ENJ696c535b8811BR
PNL470891AA,ENJ0351c3088956BR
PNL350425AA,ENJ981c3775f003BR
PNL515748AA,ENJ57f6a67dfe17BR
PNL838510AA,ENJ5dbc2660dbbfBR
PNL859015AA,ENJe43eee998da2BR
PNL082375AA,ENJ939d8bc53f96BR
PNL589874AA,77291699
PNL187384AA,140233325
PNL705610AA,901021599
PNL745689AA,ENJ1d088c2bbe5cBR
PNL596164AA,ENJ4ca3ebdfea4aBR
PNL414158AA,ENJ4ace2aff6c81BR
PNL684827AA,439410641
PNL649082AA,ENJbb85c6f2bbd8BR
PNL951579AA,ENJ0d3552868198BR
PNL659102AA,74157015
PNL920850AA,ENJ58b90aa61cbaBR
PNL622831AA,ENJe5bc575574d9BR
PNL537966AA,ENJ9609198283fdBR
PNL645552AA,ENJbc433fd40c7aBR
PNL515750AA,ENJ3a6b1b69806fBR
PNL884036AA,195064968
PNL896677AA,879277848
PNL692711AA,653780417
PNL545482AA,ENJ82574ce19e5fBR
PNL172142AB,ENJef3d3d1e030aBR
PNL905332AA,ENJ0e6f7fab26c5BR
PNL686172AA,ENJd55715c41d58BR
PNL112575AA,ENJ2038887cc97eBR
PNL882387AA,ENJce1174fcab70BR
PNL679580AA,ENJc910d6636eebBR
PNL830953AA,ENJbe993bda9494BR
PNL974502AA,ENJ82be70d33892BR
PNL714863AA,776596387
PNL650632AA,ENJ103e480fa9a1BR
PNL184641AB,ENJ351b4e05e2e3BR
PNL877614AA,ENJ6980c458c9adBR
PNL650631AA,ENJea5c687b42f8BR
PNL668316AA,961127944
PNL910762AA,ENJ33b2009f00baBR
PNL880480AA,ENJd9d25dabb437BR
PNL543814AA,ENJb2396e3ac64bBR
PNL924222AA,ENJ250fa6e8b155BR
PNL622432AA,ENJ02aa582666a0BR
PNL619074AA,ENJe36d5e633f5bBR
PNL102216AA,ENJ0336bae7cc3dBR
PNL694067AA,ENJ861f3218533bBR
PNL174759AB,ENJ3d782cdbccecBR
PNL705638AA,ENJ0d11a9e954e3BR
PNL482588AA,ENJc0d5e1758281BR
PNL845781AA,ENJ2430166a1557BR
PNL495970AA,ENJ0bec109040e9BR
PNL590819AA,ENJ92665d81367bBR
PNL469066AA,ENJf12259016f47BR
PNL454656AA,ENJ534a60d69ba1BR
PNL356382AA,ENJ1203300c73b7BR
PNL664774AA,ENJ7a3aa349c254BR
PNL686173AA,616783851
PNL206098AB,ENJe2fa4a0d89b4BR
PNL174764AB,ENJa9fd1cce03ecBR
PNL851465AA,534794029
PNL637622AA,ENJ326a039f119aBR
PNL160646AB,ENJ9fc887201ca2BR
PNL732568AA,ENJd507b10fd7b2BR
PNL680709AA,ENJ0a9daae2a6beBR
PNL524276AA,ENJae7d014a71c7BR
PNL870326AA,655166290
PNL923690AA,812116028
PNL218864AA,ENJ0ecc5bd1ead8BR
PNL649561AA,ENJf8ca559bd012BR
PNL709490AA,ENJf0d9472aaaf8BR
PNL637625AA,ENJc91db4938f72BR
PNL921331AA,ENJ1782c1854ef7BR
PNL705620AA,812053054
PNL897260AA,ENJ1ac02dc39ff5BR
PNL686220AA,642099300
PNL299238AA,726675375
PNL921332AA,ENJ04417b368904BR
PNL167993AB,ENJ604679869b07BR
PNL705658AA,37356582
PNL408420AA,ENJ327f077b0421BR
PNL855319AA,ENJ554812420283BR
PNL644823AA,ENJffc0b1d20c0aBR
PNL864113AA,ENJ7ae078883e6dBR
PNL458233AA,ENJefee353efac0BR
PNL410967AA,ENJd8a5ae4555baBR
PNL698700AA,ENJ8772425edd6dBR
PNL596170AA,ENJ1143127bd311BR
PNL851482AA,102221218
PNL527389AA,323045317
PNL664821AA,ENJ0edfc8e8299eBR
PNL729011AA,ENJ29a1221f609aBR
PNL713311AA,ENJeb476e10def0BR
PNL877625AA,960007307
PNL687316AA,ENJ73c646f891dbBR
PNL546358AA,ENJ56f18181124dBR
PNL084071AA,ENJ8896c63cf0f8BR
PNL194000AA,ENJ25ef464f80bfBR
PNL189382AA,710569352
PNL676297AA,ENJ9195ac2cfebcBR
PNL725268AA,ENJ2076fcd498eeBR
PNL630642AA,ENJ7eb8106e1c10BR
PNL538884AA,ENJ4bceeac4cf49BR
PNL909470AA,ENJ8e665b477344BR
PNL913287AA,451080041
PNL698787AA,ENJ48768a8bdea5BR
PNL902084AA,ENJ97f7e2ad65eaBR
PNL486128AA,ENJ184ca3b2491eBR
PNL188804AB,ENJ84a88a88662bBR
PNL649104AA,ENJ1b571e03c7a1BR
PNL187514AB,ENJc9ef0ff0a12eBR
PNL218868AA,ENJ8109b6e3758bBR
PNL838328AA,ENJ46410e85e981BR
PNL628930AA,ENJf8cc1311fb8bBR
PNL179014AA,ENJ850eb7a7ed68BR
PNL599202AA,ENJ3ef15428b378BR
PNL600795AA,ENJfb9a4323fafbBR
PNL437384AA,ENJc5c96b0029efBR
PNL560344AA,ENJ4cb61259c300BR
PNL838330AA,ENJ968e6b224e04BR
PNL879210AA,ENJ3939af69a012BR
PNL645565AA,ENJf44a6bbebee8BR
PNL116732AA,ENJ84badc3f8c81BR
PNL851486AA,ENJaf581cac297dBR
PNL295703AA,ENJb33be05154fdBR
PNL718029AA,ENJ1c8641352b25BR
PNL907485AA,ENJ09849e42792eBR
PNL179026AA,ENJ8e35fdc5ecfaBR
PNL951593AA,ENJ967a5cf168bfBR
PNL876045AA,500278839
PNL710023AA,ENJea905c958517BR
PNL630630AA,ENJbd2115095b65BR
PNL837666AA,ENJ7dfe23e3bfbdBR
PNL543822AA,ENJ2b12e912e4d3BR
PNL242305AA,ENJ6ea5ea4512beBR
PNL683605AA,ENJ7666afb1143bBR
PNL545466AA,ENJcad49338b7f9BR
PNL545484AA,ENJ349442eae8f3BR
PNL546351AA,ENJ088228016af4BR
PNL830962AA,ENJ795230c32420BR
PNL172164AB,250389864
PNL630638AA,ENJb6e40ac125ebBR
PNL160669AB,ENJa561cbb54dbdBR
PNL009481AA,ENJ209989d51520BR
PNL184681AB,ENJ3dfa49f24afcBR
PNL830979AA,ENJad8a03f0f6ddBR
PNL892252AA,ENJd861c7fed5d8BR
PNL664825AA,ENJ3c75549e59b9BR
PNL160665AB,ENJ4e366cc785f9BR
PNL586754AA,128579676
PNL681026AA,ENJeb0f8741c6a8BR
PNL098839AA,ENJdfe84c42cab1BR
PNL909455AA,605221667
PNL026712AA,ENJefe4cecbb0afBR
PNL448764AA,ENJ6f4c142dadfcBR
PNL180067AB,201036637
PNL632914AA,ENJ4426e9d0e9eaBR
PNL424170AA,ENJd5babd78c544BR
PNL171799AA,ENJac8871781f23BR
PNL919758AA,873047615
PNL487495AA,ENJ02d8e0c7ff72BR
PNL837548AA,ENJe76cf203bb7eBR
PNL679577AA,ENJ34bc06da325bBR
PNL630587AA,ENJ7ca0700f5c2bBR
PNL537939AA,ENJd239492f7dc7BR
PNL693651AA,ENJ29473aea6c38BR
PNL866996AA,ENJebaaaba28895BR
PNL661030AA,ENJb31b588f3eadBR
PNL166128AA,ENJ33a09ba8527eBR
PNL696194AA,ENJe309cf77de50BR
PNL877297AA,ENJ3096532e600cBR
PNL414156AA,ENJ3f26461d4b3cBR
PNL845752AA,ENJb0343f590656BR
PNL679559AA,ENJ6ff0e0856d86BR
PNL705573AA,265234159
PNL897200AA,ENJ17756474b19fBR
PNL683518AA,ENJ832fa0a8d4e6BR
PNL606322AA,29705592
PNL694733AA,ENJ2f1dbdd07cc3BR
PNL684114AA,ENJaf3a7ef1d480BR
PNL683521AA,ENJ7479ac3fe5deBR
PNL619065AA,ENJ5b2fbc393c3cBR
PNL182111AB,ENJ2582c06f15d1BR
PNL351402AA,ENJfc0b86400c31BR
PNL914808AA,ENJ61518c3218b5BR
PNL540279AA,ENJ6a4d63c6f43fBR
PNL184626AB,ENJ7ef1321441c8BR
PNL745672AA,ENJ7e5dcbd88143BR
PNL166129AA,ENJ93c1f8519d05BR
PNL690669AA,38982875
PNL724299AA,652568835
PNL166130AA,964716177
PNL837567AA,ENJ0a57feca86b0BR
PNL834012AA,ENJce73b7cdabc3BR
PNL483237AA,ENJ641f620bff78BR
PNL204525AB,ENJ0e75ab929792BR
PNL907002AA,ENJe2806dad5053BR
PNL182438AA,ENJ2cb800d161eeBR
PNL849699AA,ENJ3f613d6669e3BR
PNL410982AA,ENJ9cf7c91bcf4fBR
PNL882380AA,ENJce70b0b88193BR
PNL111486AA,ENJ1aaff7474a9bBR
PNL188550AA,ENJ2089ebfef621BR
PNL750404AA,ENJ9bcaabcfed66BR
PNL683516AA,ENJ7da68251f37aBR
PNL188066AA,ENJe53bfd7a129eBR
PNL877573AA,ENJc0910199fd92BR
PNL153964AA,60328976
PNL686131AA,902474681
PNL687630AA,ENJc9f8a7a8ecf9BR
PNL193901AA,844357482
PNL920822AA,ENJe7e1c3c601f7BR
PNL540272AA,ENJfb7d4b432eefBR
PNL171786AA,979638367
PNL190565AB,313442128
PNL750419AA,ENJf8f0a49b79c4BR
PNL537308AA,ENJ9b2ba702c4c8BR
PNL920812AA,ENJ770413743272BR
PNL537312AA,ENJ7c8a9625b8c3BR
PNL915134AA,ENJa6f770cb8016BR
PNL724292AA,ENJ25ea0a1e70b0BR
PNL951574AA,ENJf1cff0415342BR
PNL855219AA,ENJaaf41839f379BR
PNL628868AA,ENJab2d1e8b787cBR
PNL836232AA,ENJ486a18f3adacBR
PNL084023AA,ENJ232bb6bd7fd8BR
PNL737987AA,801199528
PNL704830AA,ENJc6b67c192181BR
PNL187380AA,ENJ239d23668126BR
PNL295704AA,ENJf2ac669108d5BR
PNL454126AA,ENJ197e96b3be13BR
PNL864173AA,ENJ27420ed1a1d5BR
PNL687308AA,781413668
PNL892239AA,781791028
PNL666763AA,ENJ1ddcd99b3d65BR
PNL852160AA,967956474
PNL188801AB,ENJ553948a54efdBR
PNL664820AA,310410387
PNL112154AA,ENJ508ca12be4a5BR
PNL686630AA,188734232
PNL923700AA,ENJa08259b50d1bBR
PNL877637AA,571567176
PNL891291AA,933862341
PNL207336AA,36311292
PNL704841AA,744830614
PNL887105AA,ENJ1e27b5085209BR
PNL664771AA,ENJ0d25bbfe223cBR
PNL102223AA,ENJcfae99b1c9d6BR
PNL907001AA,448358644
PNL664765AA,30008567
PNL693677AA,ENJ3e13907cd268BR
PNL855318AA,ENJcf21ae6f40d8BR
PNL851500AA,8290216
PNL729007AA,ENJfc3b90ff8a22BR
PNL850311AA,ENJ231f688ef3b9BR
PNL745679AA,ENJ95099c26716cBR
PNL187502AB,ENJ87a9ce5d4617BR
PNL454673AA,ENJ530a2d8c93e0BR
PNL410991AA,ENJcf49cae464bcBR
PNL698778AA,368197468
PNL724606AA,ENJ4a3e22e2ffb7BR
PNL179035AA,ENJbc0793c8dfcdBR
PNL672697AA,ENJb1f19255046eBR
PNL683612AA,ENJcc9e3b7f9a64BR
PNL891304AA,ENJ9bca6c4c3fb8BR
PNL861074AA,518741119
PNL177075AB,ENJe34fcf6b3a0dBR
PNL188803AB,ENJ049827d9fedbBR
PNL180045AB,ENJ3c1450e012b2BR
PNL923695AA,ENJ897947b8e1e9BR
PNL165443AA,505112369
PNL869490AA,698850133
PNL891671AA,ENJc460d43d3954BR
PNL204541AB,ENJ6cabe4de9fa3BR
PNL497403AA,ENJ0b7af544a4f1BR
PNL924220AA,ENJ23e3f3fcb3f3BR
PNL868015AA,ENJ9660320a7c4aBR
PNL150676AA,ENJc36878075644BR
PNL626911AA,ENJ2bb0bfd0fcfaBR
PNL524254AA,ENJfa965fa44cf2BR
PNL864139AA,ENJc27763b8602eBR
PNL686175AA,ENJa5d94c99f67aBR
PNL518202AA,ENJ91baec5ebc55BR
PNL167976AB,ENJ889af432e571BR
PNL907802AA,ENJefb0009ca764BR
PNL705611AA,ENJ9f98aac7ca68BR
PNL195947AA,ENJc83f94f84d91BR
PNL684812AA,ENJ1b204fbd82edBR
PNL705612AA,ENJaa5fa8105233BR
PNL664751AA,ENJb3a9bdd5c83dBR
PNL654541AA,ENJ30a48dc58533BR
PNL527383AA,ENJ76ef58150059BR
PNL654539AA,ENJb4238a1b97d1BR
PNL668303AA,ENJab5f964dbb6dBR
PNL896265AA,ENJf1c3f5a1cf74BR
PNL837614AA,ENJ2006e399a8cdBR
PNL851443AA,ENJe5029853253bBR
PNL914817AA,ENJ1c9ef0c16eb7BR
PNL380810AA,ENJ43325de00cf4BR
PNL151533AB,ENJ44be89df3efcBR
PNL920836AA,ENJ513dc9a90998BR
PNL188637AB,205879233
PNL527403AA,400000797
PNL424173AA,ENJ77775197f174BR
PNL590811AA,516458234
PNL435985AA,ENJb389f62b29cfBR
PNL731551AA,ENJ54f25af06bbfBR
PNL837763AA,ENJ9c0fdf6fa2e0BR
PNL649097AA,ENJf945f7a121f3BR
PNL463349AA,ENJ63b6386a5205BR
PNL206049AB,ENJ672449831b90BR
PNL202849AA,545757226
PNL622818AA,ENJce97067a45e6BR
PNL537355AA,ENJ8f96e32332e1BR
PNL100074AA,ENJ37646c015eeaBR
PNL626915AA,ENJ640374a8ade3BR
PNL206058AB,ENJc5e12b8b0974BR
PNL471844AA,ENJ5a4a5323f9abBR
PNL575262AA,ENJ71009d8326dfBR
PNL098434AA,ENJ5f9ad34d3dd4BR
PNL160659AB,55009330
PNL845766AA,ENJde1447983c89BR
PNL974412AA,ENJ7392cc8b5760BR
PNL887088AA,ENJ1316dda70b25BR
PNL809027AA,ENJb960aa97a8fbBR
PNL891254AA,277055725
PNL740592AA,650715782
PNL747484AA,ENJ5f870c4cc080BR
PNL869454AA,ENJebe7359922a0BR
PNL659111AA,ENJ8a057229f54fBR
PNL646038AA,ENJ087c56048dbcBR
PNL454138AA,ENJcc9a77b674f7BR
PNL845797AA,ENJ16e0d83e6b9eBR
PNL299271AA,ENJa6794f77ca83BR
PNL104083AA,ENJ815d086cdddeBR
PNL084055AA,ENJ8c201c8f6e25BR
PNL492846AA,ENJa2fe29058607BR
PNL683614AA,525315800
PNL876047AA,ENJ4235d1f29f84BR
PNL182126AB,ENJ314d5f1a152bBR
PNL880483AA,ENJ0f440fed5e38BR
PNL184644AB,ENJ9e36a7655996BR
PNL654565AA,ENJe471a3448f42BR
PNL664804AA,ENJ2b430e77c763BR
PNL545467AA,ENJ0d1290df7dffBR
PNL174771AB,ENJb62b1fe0be3aBR
PNL107075AA,ENJ67c6f99a623dBR
PNL661057AA,ENJ56f79526dc29BR
PNL188599AB,ENJfabf30315c67BR
PNL830959AA,ENJ4ae44ca12b24BR
PNL922191AA,ENJ2e82ff7527f9BR
PNL711259AA,780430977
PNL204543AB,ENJbd1709c436d3BR
PNL437385AA,ENJ42332e915317BR
PNL680164AA,ENJ51a1b22e7968BR
PNL184674AB,ENJ6a6b02898992BR
PNL151517AB,999210484
PNL678383AA,ENJ23b4dd2e2972BR
PNL851472AA,ENJdfba818344dfBR
PNL193805AA,ENJd58ad0c29120BR
PNL160676AB,ENJa9ea6f7adccaBR
PNL830960AA,ENJdad4cdc60179BR
PNL827536AA,ENJ5f681a8dfc65BR
PNL845779AA,ENJd68e8b48d17aBR
PNL683589AA,218168095
PNL630634AA,ENJ8a9caebdaac3BR
PNL921653AA,ENJa4a5b9d2c0eaBR
PNL710013AA,ENJ2c3a275a14f7BR
PNL619096AA,ENJd652526b7f85BR
PNL183627AB,ENJ4116fd133631BR
PNL546352AA,ENJdb6e1eefd348BR
PNL718037AA,ENJ82baed909ce9BR
PNL363639AA,ENJ9b4cb40c246fBR
PNL195948AA,802639816
PNL662002AA,ENJ0e6ddb7bd70cBR
PNL188652AB,ENJ306402a5d13bBR
PNL691063AA,ENJf1fc449403b7BR
PNL893034AA,ENJ10eaf0f9f786BR
PNL180041AB,ENJ04ee0d0eb200BR
PNL163074AA,ENJ1ef070aa44ffBR
PNL845825AA,ENJ6dabf1055e7fBR
PNL869453AA,ENJ17722f444d11BR
PNL913528AA,64684862
PNL542056AA,ENJd648d0de8470BR
PNL718039AA,303312919
PNL408438AA,ENJ896a72d1916cBR
PNL486098AA,ENJ961c80969fa6BR
PNL724607AA,ENJ213e77711605BR
PNL847379AA,ENJfd3c10341606BR
PNL668327AA,401675619
PNL921342AA,ENJc11366ecd6a7BR
PNL740727AA,ENJ44e274be9aabBR
PNL299261AA,ENJ339b8f0f6546BR
PNL527385AA,330623982
PNL160014AB,309132141
PNL619115AA,ENJb38ab2bf9068BR
PNL750465AA,ENJ68bf12448e81BR
PNL098441AA,ENJ18e903e6cc7cBR
PNL161690AB,586288363
PNL740723AA,ENJ3c7eb27b1164BR
PNL463345AA,ENJdb5b6b175651BR
PNL206086AB,ENJeb5bbd596f69BR
PNL837660AA,ENJ17ffa66eb615BR
PNL847864AA,ENJ0fd3d1f71aecBR
PNL160656AB,ENJ6944ebc65069BR
PNL742510AA,ENJb4cf591740daBR
PNL724302AA,ENJa978ebdc3c91BR
PNL837663AA,ENJ70cb2722b4c7BR
PNL747494AA,ENJ968df482bbe5BR
PNL726681AA,557246372
PNL664760AA,ENJ4f5cbd49c08eBR
PNL251694AA,ENJ6f4e1b7d0320BR
PNL586751AA,ENJd270281fd82cBR
PNL737996AA,80812342
PNL718061AA,ENJa339f7673b4aBR
PNL951581AA,ENJ74a25b59238bBR
PNL896276AA,585091501
PNL661881AA,ENJcd3f206be7d8BR
PNL183642AB,ENJa3e21898762bBR
PNL896285AA,9027884
PNL596140AA,ENJebbe0b554957BR
PNL737980AA,ENJ7c4fd662c69fBR
PNL668298AA,ENJ525fed858c97BR
PNL834024AA,ENJ2ea492f93f4dBR
PNL596138AA,138142165
PNL877611AA,ENJf0435d62de3fBR
PNL270320AA,ENJ4e5dae7d35e2BR
PNL098844AA,ENJ0a987ef9f5cfBR
PNL384652AA,ENJ70435e377198BR
PNL833989AA,ENJfca402f22aa9BR
PNL166119AA,905423389
PNL102210AA,ENJ4fb819600472BR
PNL628870AA,ENJaf4b5a2c7cfcBR
PNL877580AA,ENJb86d2e6c8065BR
PNL586738AA,300103924
PNL845718AA,ENJ836ad98cf03cBR
PNL237978AA,ENJ78ef2e0c85b1BR
PNL545440AA,ENJa2f6b98c8af8BR
PNL693647AA,ENJ5ff99e098b2bBR
PNL596152AA,ENJ9e554505ad3eBR
PNL184606AB,ENJdadfde61b36fBR
PNL877319AA,ENJc042a99dd5d0BR
PNL098825AA,ENJ23f7d4ac308aBR
PNL180016AB,308029249
PNL920830AA,ENJc69ce4fe44ccBR
PNL574869AA,ENJa5d7c1b9b30dBR
PNL869399AA,ENJa464657ecabbBR
PNL116727AA,ENJ2e8dc16d1122BR
PNL188740AB,ENJf7474f6fcbd2BR
PNL160632AB,ENJd0b064ab7c0bBR
PNL683528AA,ENJ0e9a85671962BR
PNL866991AA,ENJc228a96a960bBR
PNL915133AA,ENJb4c8bb0054f4BR
PNL649059AA,ENJ1e621895d126BR
PNL845715AA,ENJa65f0c2913d1BR
PNL167969AB,ENJ197940909129BR
PNL161669AB,ENJ7d50ff48341eBR
PNL699716AA,ENJd72160ae24e2BR
PNL740682AA,995954498
PNL747423AA,ENJe5e1b20ee1f9BR
PNL026602AA,ENJ07445284b4d2BR
PNL084021AA,ENJ98e530882d7bBR
PNL193796AA,ENJ32bfaa7f7778BR
PNL880473AA,ENJ92f467debad0BR
PNL563483AA,ENJac7a9ca5bc0fBR
PNL260154AA,ENJ42def3fb77ceBR
PNL747434AA,149796109
PNL911702AA,139511268
PNL689021AA,ENJead78e9ceb19BR
PNL869410AA,ENJde0cab6b403aBR
PNL382745AA,ENJf7599bcf39a8BR
PNL676274AA,989910086
PNL887092AA,ENJcd15ca9ea919BR
PNL896273AA,ENJ372415d38237BR
PNL869397AA,603417069
PNL106830AA,ENJf72321db04acBR
PNL373844AA,ENJ96b51a5532e1BR
PNL827525AA,ENJf33f31add3dcBR
PNL600441AA,ENJ9fdaeed3bfd6BR
PNL851440AA,789135379
PNL102212AA,ENJ61c79be1d41bBR
PNL537309AA,ENJ4063caf8e4c6BR
PNL869398AA,ENJ346ed92990c7BR
PNL180035AB,ENJ1003df371ed6BR
PNL827519AA,ENJb66dcd998a75BR
PNL458241AA,ENJ4fd658710e4aBR
PNL668286AA,293831600
PNL586736AA,66633460
PNL885794AA,ENJf72745927c30BR
PNL169362AA,ENJ74c4e2913051BR
PNL851469AA,ENJab9dcd7cd893BR
PNL026646AA,ENJ6c4be2219045BR
PNL122644AA,514527666
PNL868898AA,790440341
PNL684143AA,ENJ3e4bdfb713b8BR
PNL649096AA,ENJ40d95dac9dfbBR
PNL606332AA,ENJf0d7b465f985BR
PNL683564AA,ENJbebbb47a5c26BR
PNL664768AA,ENJ886f46dca51aBR
PNL644842AA,ENJb8ed9a149a6aBR
PNL851501AA,ENJ4a930af3a948BR
PNL638310AA,ENJc31a583bbfeaBR
PNL636630AA,ENJ348e8d482169BR
PNL851470AA,772608342
PNL645567AA,ENJ897a3fedb3ddBR
PNL691092AA,ENJ0af04485799bBR
PNL102682AA,ENJab17de90d84eBR
PNL664759AA,ENJafb4be5a2d6eBR
PNL438942AA,ENJ1f670e7b9acdBR
PNL204555AB,ENJe4ca4ac13085BR
PNL910766AA,ENJ989a06a57df9BR
PNL650637AA,201746279
PNL174778AB,140662457
PNL920839AA,ENJ0c095864bc60BR
PNL718058AA,ENJee6b435a12d7BR
PNL537345AA,ENJc09d49401443BR
PNL473793AA,ENJd32936f16196BR
PNL869423AA,ENJ41a1d6e107ecBR
PNL626916AA,ENJ571f9dbe9957BR
PNL527380AA,368056757
PNL622816AA,ENJc1a7f50898b1BR
PNL166152AA,ENJ2ecea64c03acBR
PNL630605AA,ENJ752e9639e4daBR
PNL515751AA,ENJf42549736884BR
PNL187389AA,ENJafcf6a4f957aBR
PNL855282AA,ENJc7d963ef0325BR
PNL622434AA,212309963
PNL408421AA,ENJdf0203c59b32BR
PNL731245AA,ENJ52357e2aefa6BR
PNL003460AA,817689150
PNL482590AA,ENJ290eeb1e8714BR
PNL218865AA,ENJ32aded1085caBR
PNL219184AA,ENJ0f31aacfa43eBR
PNL923214AA,56945620
PNL855259AA,ENJf67dc1fd264dBR
PNL172143AB,ENJ2411e4c36568BR
PNL435984AA,ENJ7fd06a064d26BR
PNL373853AA,ENJ931dec49d12aBR
PNL160683AB,ENJ7ff25354ee1fBR
PNL589872AA,ENJa516a6bc7366BR
PNL803738AA,ENJ81d81e66c677BR
PNL668304AA,ENJ77701e63ce5dBR
PNL193960AA,ENJf51b5dded3a2BR
PNL909445AA,ENJ3de0d089e54bBR
PNL661743AA,ENJcbc4fec3392cBR
PNL014717AA,ENJ7d3737e633f0BR
PNL906225AA,ENJ565efa39d46cBR
PNL809029AA,ENJ748233fe065cBR
PNL687300AA,ENJd27651749cb0BR
PNL907804AA,ENJ6c3cb01e03e9BR
PNL686170AA,ENJ357602a0fb4aBR
PNL870298AA,ENJdf5cc39235c0BR
PNL356380AA,ENJ000cdc7acd12BR
PNL251223AA,ENJ2ba6d9498b62BR
PNL837602AA,ENJ19c663c3f3afBR
PNL803734AA,ENJ9160b2ca016dBR
PNL515000AA,ENJdcf7f6ed8909BR
PNL661982AA,ENJd0d57a3a30ccBR
PNL260155AA,ENJ4d2465f2c6ceBR
PNL679587AA,ENJ5f7fb0f93489BR
PNL830950AA,ENJ1e5221edde31BR
PNL193961AA,ENJefae324121eeBR
PNL870296AA,ENJ5d984d7cddffBR
PNL661999AA,ENJ2ea06d88f7dfBR
PNL847365AA,ENJd972c5886470BR
PNL598965AA,ENJebc94d4c7c31BR
PNL350424AA,ENJ21d0b1c3e6b6BR
PNL718034AA,ENJ633c29453879BR
PNL861071AA,ENJb14a27f70eb7BR
PNL737994AA,ENJf5dd3343642eBR
PNL666751AA,ENJa420037747eaBR
PNL896678AA,ENJ73056c8a509eBR
PNL705685AA,ENJ02eb0a8520ceBR
PNL869477AA,695289382
PNL202873AA,ENJdd2a0bb26313BR
PNL855272AA,765770093
PNL299241AA,ENJ589b978c7d5eBR
PNL855257AA,ENJfb01b429a830BR
PNL731567AA,ENJ9e59fc8cc42bBR
PNL906238AA,584799983
PNL416940AA,ENJ0eaf8fc92599BR
PNL650660AA,ENJc5501369adbeBR
PNL661959AA,ENJ12ba884e80a2BR
PNL718044AA,800902893
PNL188742AB,ENJ5cb24e00e294BR
PNL188816AB,66878985
PNL693167AA,ENJ76ff605ad259BR
PNL486136AA,ENJ1f8e792d6df4BR
PNL897259AA,ENJddfca0dceb55BR
PNL892235AA,17643021
PNL877634AA,532567166
PNL630603AA,ENJ4f311d0d842fBR
PNL177070AB,851268420
PNL874516AA,ENJa2f8b2cd6157BR
PNL219181AA,ENJ0107a64f0d09BR
PNL628875AA,ENJf463a3219578BR
PNL869452AA,ENJ7317d92ce4d0BR
PNL393693AA,ENJ2f4aba81f09dBR
PNL661976AA,ENJb835c00951b5BR
PNL920845AA,897248387
PNL686218AA,ENJ233bbb86ea08BR
PNL869424AA,ENJca715ee91456BR
PNL909444AA,79900232
PNL868030AA,532501907
PNL913306AA,ENJ7d48ff1807c9BR
PNL830963AA,ENJece1ad5ebfafBR
PNL924194AA,ENJbfae8087510fBR
PNL664671AA,511420400
PNL868829AA,ENJ59ee59834d6eBR
PNL499820AA,ENJ74b509b71040BR
PNL180061AB,ENJ7f5eec225993BR
PNL869476AA,335065732
PNL845798AA,ENJf09719a7f33cBR
PNL896277AA,ENJed34b60b67bcBR
PNL680171AA,587659293
PNL421211AA,ENJ56a6197f579dBR
PNL718062AA,ENJd6b86ccc2974BR
PNL731249AA,724497326
PNL851471AA,ENJ62676ee7e3b6BR
PNL654551AA,ENJ30189dfe94a9BR
PNL165025AB,178816152
PNL913298AA,ENJf08a09dd154fBR
PNL435995AA,ENJf4422b9b215dBR
PNL683569AA,ENJ9ff36ebcfa1fBR
PNL673090AA,ENJa97a3f6886faBR
PNL876048AA,ENJ1dfd8fe7ac9fBR
PNL169371AA,13707118
PNL433817AA,ENJ3847484b97a5BR
PNL891301AA,ENJ5567efd19261BR
PNL104517AA,ENJd410b9959f37BR
PNL184667AB,ENJaa1ffa9800eeBR
PNL160038AB,58423988
PNL731564AA,604557369
PNL628920AA,ENJ785d76ce3becBR
PNL711260AA,ENJ81163bfd803bBR
PNL885816AA,ENJ2cfe6c54acefBR
PNL042830AA,382649077
PNL084065AA,ENJ4ba1e1435ef5BR
PNL180053AB,877099945
PNL838511AA,ENJd196a003027bBR
PNL951584AA,ENJ92ac05d38706BR
PNL868883AA,615504052
PNL206030AB,ENJce17f3ff1a2dBR
PNL678388AA,916527139
PNL836263AA,ENJcce9f661fe70BR
PNL729018AA,ENJade29f95c0ddBR
PNL693659AA,ENJa9dffcdeb457BR
PNL350426AA,ENJeaf36b1e70cbBR
PNL650655AA,ENJ209dfd19bbabBR
PNL837646AA,ENJd61102e4023aBR
PNL160666AB,766475752
PNL482593AA,ENJ6e7b016c6a3eBR
PNL184638AB,ENJ30e5f1354387BR
PNL179004AA,ENJcc424d61dbdcBR
PNL053728AA,ENJe9deff522b53BR
PNL836252AA,ENJ98fb0e715f04BR
PNL726663AA,ENJ42f45c763de9BR
PNL637630AA,ENJdeae41d2b379BR
PNL527421AA,ENJ9ec61db4135cBR
PNL696205AA,ENJb772fd0d63d4BR
PNL575264AA,910568895
PNL187513AB,499086972
PNL167981AB,ENJafa9693c6c2eBR
PNL160661AB,ENJb85f9efcf814BR
PNL218860AA,ENJ9c9ffa2bbdf6BR
PNL676300AA,ENJdea9fe49a8d7BR
PNL251228AA,ENJb4cc22d08016BR
PNL235408AA,ENJabd3454447bbBR
PNL705639AA,ENJe8dbdcbc11c7BR
PNL256971AA,273272065
PNL206072AB,ENJ1c6efdef604bBR
PNL524270AA,ENJf1678d61dd66BR
PNL084059AA,ENJ41de21f27343BR
PNL456005AA,ENJbd6cd4375f14BR
PNL184651AB,788108313
PNL845775AA,ENJ7a71056ea626BR
PNL650649AA,ENJbe45919c191cBR
PNL358583AA,ENJ43172f0c577dBR
PNL026637AA,ENJbff36e581d6eBR
PNL628913AA,ENJ16498cf914faBR
PNL644845AA,ENJ7d7008bdad8aBR
PNL559484AA,75958340
PNL911711AA,ENJ984f9d89de75BR
PNL859018AA,ENJb6aa3832aaa5BR
PNL847387AA,ENJa3f0f77bbe91BR
PNL905329AA,196650699
PNL680162AA,738884050
PNL084069AA,ENJ9ae138b66a6aBR
PNL913266AA,ENJ40b408f0e0a0BR
PNL354877AA,ENJ14225d7c1a05BR
PNL680680AA,ENJ26588caab512BR
PNL705601AA,ENJc0aad1f17ccfBR
PNL259847AA,ENJ4b9843c333f8BR
PNL454633AA,ENJee669e34ebe4BR
PNL559478AA,ENJ2063cbe7addfBR
PNL709464AA,ENJe722dda2abdbBR
PNL838308AA,ENJf6377bf02095BR
PNL385193AA,ENJ578b4158ed93BR
PNL711255AA,ENJ544e4a2d56a3BR
PNL147056AA,ENJ77660317869dBR
PNL206009AB,ENJacb3f868729fBR
PNL673779AA,ENJfb42e65c249aBR
PNL891266AA,ENJ4a80874b240fBR
PNL847354AA,ENJddb9ea308137BR
PNL405156AA,ENJfdf64a1c82dcBR
PNL650623AA,ENJ951a5f37de8eBR
PNL666724AA,515056433
PNL678357AA,43887000
PNL039628AA,ENJebf6316934f0BR
PNL497380AA,ENJ75164c4db1bdBR
PNL803735AA,ENJ4f12dbb21aa5BR
PNL705578AA,ENJ5180ed9c093eBR
PNL879162AA,ENJ8c7d38b3a65dBR
PNL661023AA,ENJ271c85e8044bBR
PNL726641AA,ENJe92caaea9011BR
PNL664721AA,ENJbb6528376114BR
PNL905301AA,315838631
PNL206014AB,ENJ6acba37c2556BR
PNL699727AA,ENJ72a57b236e2dBR
PNL915129AA,232241040
PNL750399AA,ENJb13b4ee108c6BR
PNL263780AA,ENJca9f76bf80adBR
PNL849688AA,ENJ24dc23575f16BR
PNL905312AA,ENJd6abfaed97efBR
PNL649544AA,ENJe4bedd2f1ee3BR
PNL920807AA,712602747
PNL870285AA,425242598
PNL678372AA,ENJff918e497486BR
PNL408391AA,ENJb0402eba25bcBR
PNL483238AA,ENJ6db5ea280438BR
PNL664686AA,913667774
PNL974494AA,ENJ341e02c499ebBR
PNL680689AA,ENJef4f65927a1eBR
PNL169466AA,ENJ2962c4803ec4BR
PNL724584AA,ENJebc27ab10915BR
PNL664730AA,ENJ1cf204b18516BR
PNL188744AB,ENJ4befcba7827eBR
PNL726633AA,ENJf0a64b78a9b7BR
PNL747418AA,ENJ326fee015ebbBR
PNL698745AA,943197250
PNL165433AA,ENJ319535f31438BR
PNL830932AA,ENJ2b4b3d022f0eBR
PNL705590AA,ENJ960c10283edcBR
PNL705584AA,ENJeff09357e557BR
PNL906985AA,ENJfce931fd8993BR
PNL172122AB,ENJe54edf39f6ffBR
PNL492835AA,ENJ7d2fb0323190BR
PNL705598AA,ENJ80f2a8d14727BR
PNL887090AA,978782933
PNL864138AA,ENJ7ff91b711a7bBR
PNL251683AA,ENJb92d096dfef6BR
PNL868009AA,ENJb215cb34fe27BR
PNL161655AB,ENJ5e1ea01831d4BR
PNL296575AA,ENJaebb9e0b9de8BR
PNL661981AA,ENJ747a0b2ac230BR
PNL299227AA,ENJ15f9f5e605a4BR
PNL105327AA,ENJe3fdd6deb1c1BR
PNL907807AA,ENJ0ea3e66dd980BR
PNL880499AA,ENJ0db0d3606275BR
PNL921636AA,483148564
PNL850325AA,ENJ7d8725575e13BR
PNL923691AA,843697775
PNL882621AA,ENJbf0053c15f9eBR
PNL206063AB,ENJ9d262d2369a8BR
PNL590821AA,ENJ1aca47b2ea8cBR
PNL705647AA,ENJ37c45bb25c87BR
PNL648268AA,ENJ2470740a4351BR
PNL750456AA,ENJ6f1f334b1343BR
PNL851452AA,ENJ513e82e4ef03BR
PNL151520AB,611246600
PNL683573AA,ENJ0f815dcb6806BR
PNL084053AA,ENJ8f3ab14d1565BR
PNL174774AB,ENJ92a9f86234f2BR
PNL885819AA,ENJa760e44d12fcBR
PNL133086AA,195509396
PNL180066AB,ENJ8896cf3d1a05BR
PNL664780AA,ENJ311a4c5659fbBR
PNL084536AA,ENJ3937c1409c25BR
PNL656268AA,ENJec068c3ecaddBR
PNL803746AA,ENJ5063cecab20fBR
PNL190578AB,484407266
PNL877627AA,787341626
PNL629661AA,ENJbb58fc093e78BR
PNL487502AA,ENJ44212fa93dbfBR
PNL543831AA,ENJa9d88dc665dfBR
PNL690681AA,228173221
PNL373851AA,ENJ891a9dca6a36BR
PNL921336AA,ENJ0d3170f57e4dBR
PNL497398AA,ENJd6815cc8e118BR
PNL082374AA,ENJf41ad0706aedBR
PNL473792AA,ENJ91620a82aa92BR
PNL619141AA,ENJ5750ebe53a61BR
PNL747456AA,835155937
PNL626926AA,ENJ9f5b1fb1d6edBR
PNL177089AB,ENJd0ecb108365eBR
PNL892244AA,ENJ81518ab2e9f7BR
PNL922192AA,928376110
PNL740686AA,875721838
PNL896267AA,ENJ5506a9aba1a7BR
PNL097996AA,ENJ1db189b9d548BR
PNL193955AA,ENJa7fbde99f22fBR
PNL740709AA,ENJ4a7178e7d489BR
PNL183612AB,ENJa639288ea8aeBR
PNL877315AA,ENJ925e56b4ad6bBR
PNL194002AB,147103997
PNL082363AA,ENJa8f364dae2c1BR
PNL102675AA,ENJ64bc52b524e7BR
PNL676283AA,ENJd0383c00458bBR
PNL847862AA,ENJ278b39d76f6dBR
PNL160029AB,ENJe968607b3b50BR
PNL127651AA,ENJ01e8cb5d855fBR
PNL691050AA,ENJ9e66380ea105BR
PNL193946AA,229994313
PNL905330AA,ENJ3550cc6969f0BR
PNL350423AA,ENJ43637caea06cBR
PNL179005AA,ENJa13cabf52167BR
PNL160030AB,ENJ03030ef4a14dBR
PNL606327AA,ENJc80ec8e28dc3BR
PNL148346AA,ENJ38c8b1fa7f21BR
PNL924224AA,94326019
PNL914825AA,ENJc1628767884cBR
PNL703000AA,ENJdf1fa4f007a0BR
PNL750425AA,905044112
PNL057936AA,777387563
PNL648280AA,ENJ2db1fc94561aBR
PNL449388AA,ENJbaaa31953d0cBR
PNL750439AA,ENJ9b78591272c0BR
PNL644831AA,ENJcd37f1f5ab2dBR
PNL644830AA,ENJc79fb46d6b3aBR
PNL497396AA,ENJ7b16f734420aBR
PNL187382AA,ENJ45e179cfc51cBR
PNL179042AA,ENJb0ba76fc43f6BR
PNL461138AA,ENJ62f2ebf7863aBR
PNL650633AA,ENJe22e31240a0eBR
PNL910770AA,ENJ17de94e5e76fBR
PNL107066AA,ENJ9639cb84bad8BR
PNL102233AA,ENJ0d6d772bc087BR
PNL179024AA,ENJ4e2b49a50deaBR
PNL887101AA,875474622
PNL880495AA,ENJc9fcabcd1950BR
PNL896676AA,329318084
PNL177092AB,548982559
PNL167991AB,ENJ87355dc91b91BR
PNL742504AA,ENJ0ad8bedafa56BR
PNL710017AA,ENJ0ceeff1deb7fBR
PNL654547AA,ENJf84c5a4ce240BR
PNL184659AB,305124234
PNL732567AA,930039828
PNL190563AB,104973839
PNL809021AA,ENJec536fdfbee1BR
PNL193550AA,126293512
PNL184579AB,ENJ31bdc26c7e87BR
PNL920264AA,839851852
PNL165442AA,ENJ21bcbd6fd2adBR
PNL162329AA,295622711
PNL458249AA,ENJ03b8a7dd4ca7BR
PNL672699AA,ENJ34fb67c0aea4BR
PNL629667AA,ENJac883a71df79BR
PNL449389AA,ENJe79a5bbc2aa9BR
PNL454663AA,ENJe63fd44bf2f5BR
PNL896681AA,ENJ892b7ca59b53BR
PNL666820AA,ENJ5cd39f28f8daBR
PNL487503AA,ENJ7ae6d317e199BR
PNL151554AB,ENJ2eced65b6ef5BR
PNL678391AA,ENJbb328a67e4beBR
PNL408432AA,ENJ1c5300700a7aBR
PNL518208AA,268030857
PNL385194AA,ENJ5b1b60f67a8fBR
PNL204550AB,ENJa49b14bc78b7BR
PNL851491AA,ENJ28ecd3ba52fcBR
PNL174777AB,ENJ53a40743b1b8BR
PNL648288AA,ENJ49eec1023331BR
PNL698776AA,443648156
PNL452498AA,ENJ2e31c18ac102BR
PNL649098AA,ENJ93cea12d4b2dBR
PNL920854AA,ENJ38ab503dd35eBR
PNL911718AA,805384957
PNL691068AA,ENJcd4b2c2461f3BR
PNL183076AB,ENJ8136e7e0d808BR
PNL859009AA,ENJfc3e47beb892BR
PNL692694AA,ENJ9f614f7d9f33BR
PNL106861AA,ENJe2ec8f1de771BR
PNL666792AA,ENJ51f84980d180BR
PNL724610AA,ENJf6b7cb411246BR
PNL456603AA,ENJ733b2ea1b3b5BR
PNL166158AA,ENJ7f05d0433000BR
PNL638293AA,ENJ51e6e4e535f6BR
PNL742507AA,ENJ85ccfc65a49aBR
PNL654567AA,324605624
PNL537364AA,ENJ2f7e8c4d214cBR
PNL256962AA,21033582
PNL299245AA,ENJb547bcbbf585BR
PNL803755AA,ENJ89ddd9188459BR
PNL057933AA,ENJd34710ce65f9BR
PNL098431AA,ENJ7db71155ce7bBR
PNL260158AA,ENJ0958af1da6c9BR
PNL845787AA,ENJ4be18a112092BR
PNL729022AA,ENJa805a03f3b26BR
PNL600465AA,ENJc7dbf0375a41BR
PNL537357AA,ENJ27b00601f38cBR
PNL913276AA,512236836
PNL112578AA,ENJb2c493024ab8BR
PNL524279AA,648170624
PNL165023AB,ENJ05775e92f476BR
PNL165024AB,ENJ8bf086f2e8a6BR
PNL184679AB,ENJ9ff693940024BR
PNL166166AA,172792
PNL628889AA,ENJ60fa6d53d759BR
PNL433819AA,ENJ87449864f255BR
PNL628928AA,ENJ8a3d3e9c0207BR
PNL690694AA,365998728
PNL845776AA,ENJe82f50468091BR
PNL598976AA,ENJ14ce85bc4c1cBR
PNL025402AA,ENJa2c9ed8126d8BR
PNL664816AA,ENJ76edc365099aBR
PNL847383AA,ENJ974faeb828e4BR
PNL606336AA,ENJ3247b052b695BR
PNL877325AA,ENJ3f49056d3a5bBR
PNL649581AA,ENJb76048f58538BR
PNL864159AA,603131760
PNL245110AA,ENJcbbc1effe57cBR
PNL256959AA,ENJ705c58252cc8BR
PNL649080AA,ENJb8c364d0f78fBR
PNL747485AA,ENJ81aa3d5eac77BR
PNL684142AA,ENJace007493387BR
PNL622820AA,ENJ7d7bf0111cb0BR
PNL897265AA,ENJe3c9703e288aBR
PNL974474AA,ENJ913d42beda29BR
PNL649049AA,ENJe13a0b75fb0fBR
PNL740694AA,ENJ8bb2a81e7bfaBR
PNL747424AA,ENJdfdbc72273beBR
PNL750417AA,ENJb540939261d9BR
PNL644822AA,ENJe2fffb01adb5BR
PNL869393AA,ENJ38f1513dc8cbBR
PNL737986AA,ENJee38d47c759aBR
PNL416937AA,ENJ9ab6cfe0a757BR
PNL678362AA,302519593
PNL885805AA,ENJ1c94b67495f6BR
PNL525974AA,ENJ7bbdba052520BR
PNL921634AA,ENJ667030c31ef1BR
PNL628843AA,ENJc974a1170582BR
PNL674512AA,268284368
PNL100808AA,ENJa091cfda04aaBR
PNL169357AA,ENJac087a8109f5BR
PNL686152AA,ENJffdfc7902d63BR
PNL745668AA,ENJ5f2b8f1a2522BR
PNL596146AA,ENJ3c2f3fab2959BR
PNL038254AA,ENJ932ea075e90dBR
PNL897202AA,ENJe64c45b749a1BR
PNL914799AA,ENJ5e6521125fabBR
PNL425398AA,ENJ9fbb5962e150BR
PNL166136AA,ENJ2198713c0f3bBR
PNL698762AA,ENJ9be1663803deBR
PNL025373AA,ENJab251d09839eBR
PNL740675AA,ENJ9cb80a634a77BR
PNL672681AA,606664480
PNL207334AA,ENJ4569fcbb76c3BR
PNL910755AA,764120241
PNL042826AA,ENJ41498366ef3dBR
PNL545436AA,ENJ730a7e39b63cBR
PNL666704AA,ENJ1463c94a7506BR
PNL845738AA,ENJ2ca2b1b215f7BR
PNL837543AA,ENJbe3b1f0134aaBR
PNL664755AA,ENJ3ce468c7f88dBR
PNL106816AA,ENJ8873810f6167BR
PNL684814AA,640258752
PNL887091AA,ENJa414a758631aBR
PNL648249AA,ENJ3cc8fb6e3084BR
PNL837544AA,ENJ074611539a98BR
PNL524238AA,ENJadf7a2bc1ea2BR
PNL698729AA,ENJ0f7e04799e0dBR
PNL906993AA,ENJ7b0e5d1f40fdBR
PNL497377AA,ENJ9b5c2e36f960BR
PNL187371AA,ENJ8477263a9fd1BR
PNL190558AB,ENJ3dca01f3b0d2BR
PNL724585AA,ENJ8c880b5d24b5BR
PNL838304AA,ENJ030aec4e9085BR
PNL167005AB,ENJ923a125b45c4BR
PNL495963AA,ENJf23456f00738BR
PNL852159AA,ENJ6f66a55895d2BR
PNL974451AA,ENJ177cd17dd77eBR
PNL543817AA,ENJ9ffd9c07915bBR
PNL974473AA,ENJ3400d02030abBR
PNL527352AA,ENJ06ef1647f5f6BR
PNL684110AA,ENJ570e2396165fBR
PNL838297AA,ENJf70eb9b73118BR
PNL920279AA,553258006
PNL628850AA,ENJb7ecadfada07BR
PNL867000AA,ENJ3d32679e1504BR
PNL704836AA,ENJb1625598a223BR
PNL879157AA,ENJ394ab4147bd4BR
PNL525984AA,788715156
PNL193943AA,ENJ9932f0a2e0a6BR
PNL160620AB,ENJ89e58fdcabb6BR
PNL852157AA,470091958
PNL686123AA,ENJd36173a476faBR
PNL827529AA,ENJf769179c2404BR
PNL182100AB,ENJ69ea46389237BR
PNL188616AB,ENJf448fe15209aBR
PNL713293AA,ENJ35df0bbbbdfeBR
PNL408383AA,ENJe30901f37fccBR
PNL098841AA,ENJaaf3779200d7BR
PNL167952AB,ENJe045444e851cBR
PNL851455AA,ENJ11c374495c0bBR
PNL458245AA,ENJb00ae1d1e898BR
PNL718027AA,520885812
PNL638290AA,ENJb7dfc2b76543BR
PNL160660AB,ENJ30c94ce28b00BR
PNL921642AA,ENJb2d19e02d911BR
PNL545473AA,ENJ322bafc77d76BR
PNL600794AA,799841159
PNL914837AA,ENJ009cf20c209bBR
PNL880487AA,ENJb740b305873aBR
PNL435992AA,ENJf25d93953cccBR
PNL599195AA,353197979
PNL193996AA,ENJ9e23115d95a7BR
PNL869493AA,ENJ80d9e7bbff1cBR
PNL855254AA,ENJde6c07c54b0fBR
PNL922626AA,ENJe23fcf59bc8aBR
PNL057941AA,787674487
PNL166146AA,891796567
PNL414159AA,ENJc6bec0259886BR
PNL432672AA,ENJ46e64b696c1dBR
PNL188639AB,ENJ99e4330eba66BR
PNL151526AB,ENJ1e32b2eb9e71BR
PNL150678AA,ENJd58e007af956BR
PNL204533AB,ENJb31be8546dbbBR
PNL182443AA,ENJ45ff41071f65BR
PNL906236AA,ENJb1d4e4c6b554BR
PNL705623AA,595759908
PNL628929AA,ENJa4ba5c2ac0cbBR
PNL415495AA,ENJ3d0e19805614BR
PNL645556AA,ENJc73911b2320aBR
PNL026632AA,ENJ62676a3acc66BR
PNL673809AA,ENJ243fa54fbad0BR
PNL666794AA,ENJ2c139dbf214eBR
PNL177076AB,303512497
PNL486127AA,ENJ0284580eba9bBR
PNL084058AA,ENJ42bbf99c64fcBR
PNL251224AA,718772779
PNL870311AA,ENJ87ebbbbae9f2BR
PNL666750AA,16785615
PNL869473AA,ENJ0223e31c12bbBR
PNL202842AA,ENJf5424480da74BR
PNL674520AA,ENJbc74fb4fbc63BR
PNL827530AA,ENJbe6f1e3d32d6BR
PNL097997AA,ENJ976e23e94997BR
PNL371462AA,ENJ40c0f5c02df6BR
PNL740703AA,ENJ88e6cca926e3BR
PNL694730AA,ENJab3085b9b299BR
PNL596160AA,ENJbca917c018d1BR
PNL206019AB,ENJa9c9f3a3e1ebBR
PNL537328AA,ENJ6a473a810cdaBR
PNL193952AA,ENJcedb388ceaa3BR
PNL206020AB,ENJbb8258af15a5BR
PNL563484AA,ENJca1cb13def35BR
PNL664753AA,ENJ9dab8e3fbf83BR
PNL537953AA,ENJfe5603827a0aBR
PNL679579AA,ENJ658ee37c447dBR
PNL845751AA,ENJ62756557ef0dBR
PNL666749AA,ENJ823a9882a578BR
PNL251686AA,ENJa3c39035abb5BR
PNL097998AA,ENJ0a175f9d2a6eBR
PNL834038AA,ENJ12c6bda60a8eBR
PNL666789AA,343288697
PNL151599AA,ENJ0477386dd942BR
PNL206123AB,ENJ501b9c22f096BR
PNL378287AA,ENJ6eecea666d36BR
PNL600469AA,ENJ3dba396c2b43BR
PNL892233AA,813198946
PNL845777AA,ENJf3c266758ebbBR
PNL193972AA,ENJ63baa0981c4eBR
PNL745676AA,574154261
PNL497395AA,ENJd54915ba6241BR
PNL432389AA,ENJ7b3cf07e6e07BR
PNL693654AA,ENJ19656119058dBR
PNL851454AA,ENJf4a95e1b43a6BR
PNL702999AA,ENJ3736ec5a31f7BR
PNL425407AA,ENJc80a146db286BR
PNL184682AB,ENJ5f2962e9e004BR
PNL183618AB,ENJ3493d4beabc4BR
PNL560326AA,ENJacde25a0b06aBR
PNL687322AA,128115497
PNL905351AA,ENJ411c7182b858BR
PNL649076AA,ENJ665360bfe95aBR
PNL193807AA,ENJa92a6d5004f3BR
PNL375146AA,ENJ763f3eb47bc6BR
PNL869417AA,898889354
PNL725261AA,ENJd300cac97404BR
PNL864136AA,52688040
PNL838331AA,ENJb2b1574820c3BR
PNL923213AA,933888823
PNL640660AA,ENJ056da5c92d6eBR
PNL619090AA,ENJ0dfc7c0fd578BR
PNL710074AA,ENJ84d52d0de803BR
PNL664803AA,ENJa0ba155c0bddBR
PNL545488AA,ENJ94835e48ad33BR
PNL644838AA,ENJ5be4756dad2dBR
PNL845784AA,ENJ98202f60bdb3BR
PNL884015AA,62897127
PNL622823AA,ENJ844ff27eb09aBR
PNL619118AA,618430747
PNL296589AA,ENJ336e44a4d72aBR
PNL803745AA,ENJ49fb7620ce89BR
PNL600783AA,497402525
PNL167988AB,323442968
PNL750447AA,ENJc19788f26392BR
PNL206075AB,ENJ3396a3ee213fBR
PNL852168AA,656109225
PNL392234AA,ENJ97b88e5950caBR
PNL747451AA,739502676
PNL924238AA,ENJc1ef58f01cf4BR
PNL590809AA,318746535
PNL698780AA,ENJd9e552502a05BR
PNL206115AB,ENJ42c48d6016f7BR
PNL599205AA,ENJ3e91dcc564d7BR
PNL107078AA,ENJ52a91bc37240BR
PNL438946AA,ENJ8f921c82cc2dBR
PNL710055AA,ENJe1f28a98c67bBR
PNL563698AA,ENJ6ff91c503c28BR
PNL463346AA,ENJc9a7a68474eeBR
PNL837722AA,ENJ8e60580c156cBR
PNL654553AA,575917772
PNL187388AA,ENJ71b9d914e6bcBR
PNL705665AA,ENJ2a5562b9d69aBR
PNL486139AA,ENJe7d9675d8999BR
PNL869446AA,ENJf9464e2dd610BR
PNL892259AA,ENJ2293788cae61BR
PNL381739AA,ENJef215d4fde6bBR
PNL180040AB,ENJ2857ea161ce5BR
PNL666784AA,ENJ4926272dbd46BR
PNL179020AA,ENJaccb21139262BR
PNL668323AA,121672407
PNL206093AB,ENJ8e5878de2cdeBR
PNL724307AA,ENJdad6a068421dBR
PNL104076AA,ENJb6f00372703fBR
PNL257381AA,220849429
PNL847372AA,ENJd86c7cd0fe4dBR
PNL084043AA,ENJb15d9ffe4bd7BR
PNL913275AA,ENJce4c27684e4cBR
PNL699743AA,ENJ0d77ca6ef837BR
PNL674528AA,ENJc284bdcdc7a3BR
PNL893021AA,ENJ66e20620e026BR
PNL184683AB,606153947
PNL885813AA,ENJd1007b6016bcBR
PNL160710AB,ENJd24b40d9290aBR
PNL911709AA,12745658
PNL705629AA,ENJ99bd4028f709BR
PNL837755AA,ENJ25b7cba420e2BR
PNL656282AA,ENJf8cd872486fbBR
PNL887111AA,ENJe1c85d74479cBR
PNL679592AA,ENJ60bfd24208a7BR
PNL837758AA,ENJfbf2794c7163BR
PNL599204AA,ENJ31adb901019bBR
PNL107079AA,ENJ07a59d928adfBR
PNL847870AA,ENJb5c55864916bBR
PNL172141AB,ENJ644d103c20f7BR
PNL605474AA,487012616
PNL664824AA,ENJ0f8e46a21056BR
PNL705649AA,365247477
PNL527442AA,ENJ80a184cb0b7dBR
PNL026649AA,453866079
PNL408411AA,ENJ082967895d0aBR
PNL955053AA,ENJd1c13d95ba2eBR
PNL454127AA,ENJ1c462368b6a9BR
PNL574879AA,44386402
PNL868874AA,708286495
PNL869400AA,245254676
PNL837531AA,ENJ5b2e969bb830BR
PNL698774AA,ENJefa4b052f2d8BR
PNL687291AA,ENJ6259d07e5127BR
PNL514993AA,ENJ564caf71c8d6BR
PNL974460AA,ENJfe28e49534a2BR
PNL698741AA,ENJ080a1ad4f2c2BR
PNL718028AA,ENJ86ee9954de92BR
PNL911704AA,ENJ44135c759a03BR
PNL184594AB,ENJ1d7f4014abcfBR
PNL683532AA,ENJ3d48ec2b706fBR
PNL910759AA,ENJ2d1d10dee3e2BR
PNL367761AA,ENJ997c7cfa83a2BR
PNL540277AA,ENJ3deafa8e203cBR
PNL668296AA,ENJd0b3856b193fBR
PNL864121AA,782490545
PNL877562AA,ENJ6b6296672a6fBR
PNL837582AA,ENJ703f4ba1301fBR
PNL892230AA,ENJdaaa3cbd82c8BR
PNL622428AA,ENJefba954f4371BR
PNL672669AA,ENJ60071337ef8fBR
PNL687288AA,ENJ21ccdbec9575BR
PNL098414AA,ENJ41909d2d2628BR
PNL188741AB,979497539
PNL955039AA,ENJ517e9d5ad325BR
PNL803725AA,ENJ5cba3143a431BR
PNL204528AB,ENJdd3d4f303b64BR
PNL165437AA,ENJ206001ff65d8BR
PNL524239AA,ENJ98a995509a1aBR
PNL877561AA,ENJ923ab3007ed6BR
PNL891275AA,209029896
PNL477345AA,ENJ21a0e0bb58d1BR
PNL628859AA,ENJ3cff3de0c87fBR
PNL691040AA,309453148
PNL686161AA,ENJ1b046c29cf64BR
PNL619068AA,805136523
PNL896247AA,ENJe9b34d3766cbBR
PNL273238AA,ENJ5f7caaf8c2beBR
PNL740693AA,ENJe787e84bd63eBR
PNL750433AA,ENJba9fc91d823cBR
PNL673787AA,865558671
PNL177068AB,ENJ3b9364d930edBR
PNL714854AA,ENJ7e5553dfe788BR
PNL100804AA,ENJac6782e3fb30BR
PNL102214AA,ENJ15882ab89521BR
PNL838302AA,ENJc1549abae2e8BR
PNL053165AA,ENJ3b0f5b116714BR
PNL165435AA,507505686
PNL174758AB,ENJ3f3e90ac2f69BR
PNL661745AA,ENJ02f43a97fdffBR
PNL837603AA,ENJ001d50694a4aBR
PNL100061AA,ENJ314f189a9282BR
PNL732545AA,ENJe1282038150eBR
PNL188660AB,336482018
PNL206017AB,ENJb4d20f45f6a6BR
PNL116722AA,511583397
PNL692686AA,193679975
PNL461136AA,ENJ77561e4e7696BR
PNL182101AB,ENJ00df714f8b76BR
PNL204527AB,ENJ38848ebf7478BR
PNL098425AA,ENJe6955f7ce4b6BR
PNL687284AA,733178509
PNL896263AA,ENJ01c9c7562db8BR
PNL684788AA,87624915
PNL537310AA,ENJ722fc04f8116BR
PNL648255AA,ENJ7d0ce84a5350BR
PNL707500AA,ENJe1fad9035728BR
PNL679556AA,61527545
PNL737972AA,ENJ0563c08c7423BR
PNL905305AA,ENJ7ac602a3b9d1BR
PNL637615AA,ENJ205cf08ef1abBR
PNL852161AA,ENJ4e9276297451BR
PNL713294AA,ENJddabe215a0ceBR
PNL664716AA,563033059
PNL525991AA,ENJf4386b19250bBR
PNL907803AA,ENJf4bf20b86fe0BR
PNL705613AA,996240242
PNL202850AA,ENJ1cc178deb7a9BR
PNL879191AA,276585878
PNL167008AB,ENJ2bfdffaeac05BR
PNL664756AA,ENJca42cf3f9967BR
PNL408410AA,ENJ951bd5a61ca0BR
PNL855126AA,ENJd9c7002c90b3BR
PNL679573AA,712612948
PNL705631AA,ENJb6fc12e6102aBR
PNL668297AA,ENJ1fb32327a1ebBR
PNL724592AA,360233892
PNL830964AA,ENJcc86d70d80f3BR
PNL251688AA,383004503
PNL179044AA,ENJ6867f293c6a5BR
PNL206051AB,ENJ098917360f72BR
PNL905360AA,ENJ4f167cac5041BR
PNL710011AA,ENJ9a128aa29cedBR
PNL680179AA,149705384
PNL630629AA,ENJ7ac33f69c4a7BR
PNL845762AA,ENJ1ad597b6b546BR
PNL855279AA,ENJ749b675801c0BR
PNL628877AA,ENJ8c6af649db36BR
PNL606330AA,190057440
PNL356383AA,ENJ233402a80fa5BR
PNL193978AA,829168076
PNL160650AB,ENJc1c9cd55193bBR
PNL628919AA,ENJ7e98c9e40fe2BR
PNL160649AB,ENJ959f6eaa32d6BR
PNL837732AA,ENJ11d4c6210458BR
PNL830958AA,ENJ19f1b2c9808bBR
PNL896272AA,19298572
PNL668325AA,44531902
PNL683571AA,382730213
PNL729021AA,ENJ31caf3c9999cBR
PNL686193AA,432331529
PNL654559AA,ENJa5f70de410c9BR
PNL105340AA,ENJfb4e3dc27a1eBR
PNL851464AA,ENJ676ff9c0c40fBR
PNL174762AB,529936168
PNL834046AA,ENJf2973d1c9949BR
PNL699769AA,ENJ421884e0b8afBR
PNL172165AB,ENJffaff3cd7a7bBR
PNL172137AB,ENJ8eacf9ec2660BR
PNL668305AA,ENJ0271b124d326BR
PNL661997AA,ENJedcdb58955a1BR
PNL880477AA,ENJb76677840da8BR
PNL661995AA,ENJee9a4b4e4401BR
PNL540284AA,ENJ0fde4796f9f8BR
PNL598967AA,ENJe05fa964f929BR
PNL622807AA,285663540
PNL216829AA,ENJ7d75ba8057d6BR
PNL698766AA,ENJb8c6aa558d17BR
PNL877617AA,ENJ519c5fb8f06bBR
PNL098838AA,ENJ5a4eb9a75a5dBR
PNL877613AA,ENJ2508044da956BR
PNL845739AA,ENJ1247cea9566aBR
PNL868018AA,ENJ8b3d79cd9521BR
PNL026611AA,ENJ3ce9cb788e3aBR
PNL150674AA,ENJ8bb1618d4740BR
PNL672685AA,ENJ371bc1edd5faBR
PNL877612AA,ENJb666a4554ad2BR
PNL837611AA,ENJ6aaba3b82a90BR
PNL834033AA,ENJf012bc030d92BR
PNL837580AA,ENJfae64b37e387BR
PNL683557AA,ENJ2a66a4e064e6BR
PNL649074AA,ENJ405c7aa4e729BR
PNL416941AA,ENJ25e65d6bc184BR
PNL923221AA,655305669
PNL838356AA,ENJ0c8c209c5ad1BR
PNL206071AB,ENJ98c2e42798e9BR
PNL299274AA,ENJ044642a50d94BR
PNL405165AA,ENJa5eba7994e3eBR
PNL689027AA,386526392
PNL868032AA,ENJ6b78d56b4691BR
PNL664801AA,ENJ06d8330b60deBR
PNL100068AA,ENJa5eaf4fd5db7BR
PNL697536AA,ENJ052fb4618515BR
PNL193963AA,652810830
PNL596166AA,ENJ328d424e0a6fBR
PNL540286AA,ENJedd036cc4115BR
PNL740710AA,ENJd0134791ae5fBR
PNL922190AA,ENJ6d4820a9b988BR
PNL834042AA,ENJ345a21d9050bBR
PNL151513AB,828369845
PNL259858AA,ENJ2306aec367e9BR
PNL438944AA,ENJ70e62ef95c5fBR
PNL877324AA,ENJ357b055368a7BR
PNL740726AA,ENJ6ba27cf08641BR
PNL150682AA,ENJ018d204b3476BR
PNL437372AA,ENJb0b0b2eca84dBR
PNL025400AA,ENJfd7029b5c646BR
PNL537957AA,ENJda158475af88BR
PNL193990AA,ENJ94a605bebda9BR
PNL680701AA,ENJe17d71279313BR
PNL628910AA,ENJb79b4ce44398BR
PNL687310AA,ENJcb61ff1b2c75BR
PNL698792AA,750917752
PNL896687AA,ENJec2d29417f6fBR
PNL699750AA,ENJae2f3afdc01dBR
PNL560337AA,ENJed80ebf4710cBR
PNL879184AA,ENJff3b1744ee54BR
PNL837751AA,ENJd0749b47a998BR
PNL847871AA,ENJf6bd0f1a4ccdBR
PNL740736AA,ENJf6cb56e5e0e1BR
PNL879194AA,ENJ21eb501174c6BR
PNL160713AB,ENJ4bbd9bd9bc54BR
PNL449387AA,ENJ7074633640c3BR
PNL922627AA,ENJe700c9c65f2cBR
PNL099383AA,ENJ43985787d7cfBR
PNL622825AA,ENJ8171b190ce7dBR
PNL648271AA,ENJae54214dc093BR
PNL666838AA,696132754
PNL296598AA,ENJc9cbbceb7f3eBR
PNL849711AA,ENJc55b703ebe5aBR
PNL160698AB,471527401
PNL880496AA,ENJ780940b8227eBR
PNL545486AA,ENJ698425d69907BR
PNL718046AA,ENJ36a6de1277d7BR
PNL905368AA,838655578
PNL847872AA,ENJ19b1981c4b73BR
PNL718059AA,596569889
PNL914828AA,ENJ76170664edceBR
PNL179032AA,ENJf798bd7058f1BR
PNL907818AA,ENJ222da634dfc5BR
PNL193994AA,ENJ6856c6107469BR
PNL884018AA,940607276
PNL162332AA,ENJfa5d1a031d85BR
PNL955052AA,ENJ3942021e49ecBR
PNL456605AA,ENJ989891926362BR
PNL151528AB,ENJedc48f5ab8ccBR
PNL740708AA,461007280
PNL850321AA,ENJfbc43283ddd2BR
PNL180042AB,ENJ37e2f616995fBR
PNL838338AA,ENJ1c7947b4d059BR
PNL861077AA,ENJ9174055861c8BR
PNL454664AA,ENJ01c85fdd410aBR
PNL202847AA,ENJebf980551833BR
PNL914823AA,ENJa34d622a65acBR
PNL679586AA,88838785
PNL172136AB,ENJ8b8e6a00e6c8BR
PNL838322AA,ENJ3d3263c2213cBR
PNL803739AA,ENJac1906a921edBR
PNL837550AA,ENJa97abd9e3d63BR
PNL636639AA,ENJ57792c851ed8BR
PNL628892AA,ENJ1892d4045a73BR
PNL897261AA,ENJ7930937f0e85BR
PNL100827AA,ENJ601b5e88e269BR
PNL106852AA,ENJ3389c381eba3BR
PNL425402AA,ENJa7b758df43e3BR
PNL649565AA,ENJ6f03bd524ec3BR
PNL296593AA,276160187
PNL202854AA,ENJbf2eef1a0789BR
PNL705669AA,ENJ355237bc3f6cBR
PNL830981AA,ENJa6533fa2c2e3BR
PNL917130AA,660825029
PNL515753AA,ENJ02578f0f9767BR
PNL638291AA,ENJ3f6fddd83099BR
PNL151601AA,ENJ294e5e7cedefBR
PNL910028AA,ENJ792b3f75d946BR
PNL877635AA,ENJ006cedac7100BR
PNL683613AA,ENJ9a2f42724fdcBR
PNL676303AA,ENJb2262ae4bd38BR
PNL527397AA,ENJ27e3bb3a0be8BR
PNL910776AA,ENJ4435d0f94620BR
PNL683582AA,362478276
PNL038262AA,ENJ61b1e7323e0fBR
PNL847888AA,ENJ02cd8d5e6886BR
PNL834047AA,ENJ0415723abe2aBR
PNL545476AA,ENJb5532e968d3fBR
PNL619101AA,ENJ897d0c2398dbBR
PNL686183AA,ENJ9efce931f907BR
PNL710056AA,ENJ0ec8a37989f6BR
PNL410998AA,ENJd90229ebe28dBR
PNL870324AA,ENJ9b0dc45f0297BR
PNL586755AA,ENJf9e71a49b816BR
PNL852148AA,ENJ0cd67a3ae4d2BR
PNL855256AA,468073997
PNL160647AB,ENJ6476302a3255BR
PNL673816AA,ENJff395ff95dd8BR
PNL182118AB,390793299
PNL524258AA,168663023
PNL882620AA,ENJ9f5dbe93a29cBR
PNL869407AA,676396899
PNL167006AB,844601196
PNL514975AA,ENJddcb890d768aBR
PNL452494AA,ENJ3b93f6498538BR
PNL891282AA,ENJ3a77a25c86c6BR
PNL537948AA,ENJe68d2cca4fc6BR
PNL184609AB,ENJc8403eb4079bBR
PNL686132AA,ENJdc2aa183281dBR
PNL458238AA,ENJf1ab1e49e132BR
PNL747427AA,ENJ3792e049e794BR
PNL596161AA,ENJb1501d124b3eBR
PNL913523AA,ENJ44cb918e3da1BR
PNL650625AA,ENJ88387467a70aBR
PNL487488AA,ENJba171761fd64BR
PNL845733AA,ENJ257c074e407aBR
PNL174741AB,ENJ999d85cd80c8BR
PNL204517AB,ENJ9a1054e05665BR
PNL869405AA,ENJ55188bc1d31aBR
PNL830926AA,ENJf4373fd31c78BR
PNL707502AA,ENJ71595199feffBR
PNL837571AA,ENJ1712a9499130BR
PNL053725AA,ENJ21b4b9bc286eBR
PNL847843AA,ENJe9c5c6d70a8eBR
PNL084528AA,ENJd71ac92f66beBR
PNL868854AA,516343899
PNL454634AA,ENJf27ac222d576BR
PNL666726AA,ENJcbfdc9e6435cBR
PNL877302AA,338352802
PNL974466AA,ENJ6f0cc3bc06eeBR
PNL922163AA,369675468
PNL877313AA,ENJa9e2e8201049BR
PNL837512AA,ENJbad2ad377cf7BR
PNL408385AA,ENJce6bc8875016BR
PNL100806AA,ENJa8fdb9fd047cBR
PNL866983AA,644550945
PNL750410AA,863797311
PNL845747AA,ENJeb8de650f928BR
PNL694063AA,ENJ5f9ee0f1fc58BR
PNL891273AA,18619536
PNL165434AA,989457267
PNL645535AA,ENJ93708fdec8e1BR
PNL515722AA,936119813
PNL256958AA,ENJ819c69df2f4bBR
PNL709483AA,ENJe9d34e6ff825BR
PNL598961AA,ENJd5a7db3ba643BR
PNL057930AA,ENJf3fda75563ddBR
PNL922173AA,ENJ66788e836d77BR
PNL837522AA,ENJ0329ca1d3d72BR
PNL914815AA,ENJc760324252c4BR
PNL107047AA,ENJ5a29ae506621BR
PNL672664AA,ENJdb1c682fcc73BR
PNL650622AA,ENJb32422f40adcBR
PNL674524AA,ENJ1bc42443fe6eBR
PNL849697AA,ENJ744927c70befBR
PNL055112AA,ENJ48043a5fb9adBR
PNL747408AA,ENJa85f5d71bb23BR
PNL100819AA,ENJ513314e5add7BR
PNL538863AA,ENJ02f0dacf577cBR
PNL679550AA,769123518
PNL834032AA,ENJ910e301adbb4BR
PNL882377AA,ENJac46cc3cbfceBR
PNL600440AA,ENJb13e7afcb34aBR
PNL661946AA,ENJa9782d30597bBR
PNL845723AA,ENJec07b0b291f5BR
PNL845679AA,ENJ667f9c3f6323BR
PNL718012AA,888972826
PNL705560AA,ENJa97129baa75aBR
PNL686137AA,ENJ8ec1ac09cdbfBR
PNL188739AB,ENJe1b82e1b6f9fBR
PNL626903AA,ENJ67d583432538BR
PNL107046AA,ENJ518ff33b494fBR
PNL679597AA,ENJc31d6f70b37fBR
PNL487501AA,ENJ4464759576acBR
PNL896286AA,ENJd16d384ada2fBR
PNL725263AA,ENJ10567029b604BR
PNL377835AA,ENJcc88c1a8f71aBR
PNL905341AA,ENJ99276dc1a88dBR
PNL537332AA,ENJa2ac8230c8a8BR
PNL630615AA,ENJ19a7a675d835BR
PNL664742AA,238797196
PNL494384AA,ENJbd427c388317BR
PNL837623AA,ENJ37441b49b6b4BR
PNL202851AA,ENJ579fadbafd5eBR
PNL640670AA,ENJ64fd79a29958BR
PNL666748AA,111762485
PNL299246AA,ENJ79c91e5aec7aBR
PNL414160AA,ENJ583b3af6e6e7BR
PNL499823AA,ENJc375a43b1276BR
PNL850309AA,802346580
PNL098439AA,ENJ52c96e5d8688BR
PNL896298AA,ENJd85da05e371fBR
PNL891281AA,416745659
PNL738001AA,795863873
PNL705663AA,ENJd9c3d72568d0BR
PNL151530AB,ENJ434c190ab27fBR
PNL630614AA,ENJc388e87948b9BR
PNL454123AA,ENJf555313cdfc5BR
PNL003462AA,ENJ23edda1f8c66BR
PNL914836AA,217211235
PNL680695AA,ENJe3edc19543f2BR
PNL892250AA,608214965
PNL747470AA,ENJ7a1929414709BR
PNL666757AA,73531078
PNL920835AA,ENJ003bd20af8d4BR
PNL628941AA,ENJ63f90ab5884eBR
PNL674547AA,ENJ7eab49431343BR
PNL184649AB,298018545
PNL803740AA,ENJ21c915134317BR
PNL216833AA,ENJ20b614045c75BR
PNL151598AA,ENJ286aee6989edBR
PNL861076AA,451191215
PNL714874AA,ENJf22ff7a52c10BR
PNL847877AA,ENJ58b7b1ff7bdaBR
PNL161682AB,ENJ61a8826ac17eBR
PNL920291AA,518852113
PNL693652AA,ENJa9a96dff5b93BR
PNL188654AB,ENJ9380754f374cBR
PNL694064AA,ENJ754b5d32f9a2BR
PNL895901AA,ENJ4d492e040f47BR
PNL166147AA,ENJf7dbc99789fcBR
PNL026621AA,ENJfb9bd87ac7dcBR
PNL896270AA,ENJ7d26de1da6edBR
PNL672693AA,ENJ2013ee216723BR
PNL699730AA,ENJ357150499bb8BR
PNL913274AA,ENJc54fd1d3e6f6BR
PNL896264AA,ENJ5d3cb64a1671BR
PNL664748AA,ENJ143a871f5f57BR
PNL546349AA,ENJ7de2746f33dcBR
PNL696197AA,ENJacb946d1cc40BR
PNL172128AB,ENJ0b5370dbeffbBR
PNL845756AA,ENJe3138d46d32eBR
PNL619081AA,ENJ3a8c6e4a95dcBR
PNL263781AA,ENJ3f2cacd9b805BR
PNL897219AA,ENJadf930e9ce90BR
PNL661998AA,ENJ6d55506d16d8BR
PNL879181AA,ENJ21245c617f36BR
PNL809028AA,ENJc57cb14fe2aeBR
PNL452495AA,ENJc404cd6b2385BR
PNL909433AA,569406894
PNL182104AB,ENJf79c12ff3ff2BR
PNL684822AA,ENJdb1cb68ca79aBR
PNL696199AA,ENJc977892e4096BR
PNL924212AA,ENJfc02caddc401BR
PNL877609AA,ENJe48585c95411BR
PNL838507AA,ENJc9d1c7ec5c40BR
PNL184637AB,ENJaffca5247c80BR
PNL686632AA,ENJde3acb6732acBR
PNL684824AA,ENJ50d5eed0cb0cBR
PNL183613AB,176312581
PNL169365AA,ENJeaf94dabf7b7BR
PNL729019AA,ENJ68beeb83a26dBR
PNL917127AA,82525831
PNL151532AB,ENJ09219ce995b4BR
PNL645555AA,ENJc8768ec3ed1dBR
PNL830990AA,ENJ2b47bd7f9042BR
PNL868024AA,ENJ5f522542c683BR
PNL750451AA,ENJ99b5f807dab1BR
PNL661036AA,ENJa0d89199861aBR
PNL859026AA,ENJad33016eb20aBR
PNL518205AA,613897118
PNL893017AA,418442929
PNL381741AA,ENJ9c7ef530197aBR
PNL003466AA,ENJ250e0bfa782aBR
PNL913283AA,ENJad91f1250d6aBR
PNL245108AA,928564135
PNL740744AA,474642970
PNL868047AA,ENJefcc38cd2b03BR
PNL870306AA,382859651
PNL524272AA,733551194
PNL270326AA,ENJ0770a9b67613BR
PNL590824AA,ENJ4d7387f6c801BR
PNL174765AB,312738700
PNL106837AA,ENJcf9b9dad3680BR
PNL545503AA,ENJc9c9c1cfa44dBR
PNL187387AA,ENJc386195a9349BR
PNL193958AA,ENJ670a369f0394BR
PNL408417AA,ENJ57571cd27156BR
PNL747473AA,659485247
PNL644826AA,ENJc2e3beda1f19BR
PNL692709AA,402719697
PNL668311AA,273625232
PNL868046AA,ENJd4bc5cd81bc6BR
PNL879193AA,ENJa0461aca7d2eBR
PNL116726AA,920421507
PNL880443AA,ENJ416cf7cff3c3BR
PNL193941AA,ENJ3b9fed1b44e7BR
PNL834064AA,ENJ763c868e4406BR
PNL692713AA,ENJc58984efca9dBR
PNL705666AA,769101159
PNL837682AA,ENJ7fd07ed86739BR
PNL363431AA,ENJ5d35a1bc8a0eBR
PNL693158AA,ENJcbf33293641cBR
PNL025407AA,492832895
PNL673086AA,ENJb37b336fd5d4BR
PNL174767AB,ENJf48447e6283eBR
PNL913281AA,ENJcbbfc3c756cdBR
PNL204536AB,ENJ1328f1b86199BR
PNL499098AA,ENJe660904a2ce3BR
PNL140583AA,ENJ1ee14ebcca10BR
PNL896292AA,ENJcb05edb32b7bBR
PNL710058AA,ENJfebf8d6e78c4BR
PNL661966AA,ENJ8fc7339fa9c9BR
PNL705621AA,446129255
PNL713305AA,ENJ3bef731f7a24BR
PNL202853AA,174638418
PNL354163AA,ENJ3f12e64bbcefBR
PNL921654AA,731927852
PNL808008AA,ENJ26a379383903BR
PNL666791AA,555958659
PNL629670AA,ENJ055e8ef1999aBR
PNL661907AA,ENJ3a91c4030cbdBR
PNL219199AA,ENJ565e8b0cbd44BR
PNL515745AA,ENJfc255459f2adBR
PNL099382AA,ENJ9e4e9be43605BR
PNL909451AA,659067507
PNL699742AA,809053948
PNL515742AA,ENJdb95c9de4d0aBR
PNL837685AA,ENJc04050efd68eBR
PNL709499AA,ENJ2c7a25f78b8aBR
PNL705646AA,ENJ1c7a94904f2cBR
PNL851463AA,ENJ75b37b3dff0eBR
PNL861075AA,272086453
PNL705682AA,ENJ3faf2e34f023BR
PNL299278AA,ENJ319071da31b1BR
PNL724597AA,ENJb84cb43b753dBR
PNL251692AA,ENJc80013f17b8cBR
PNL951578AA,ENJ9dbcbf6b05b1BR
PNL836251AA,ENJ37e96f705d17BR
PNL661994AA,ENJb270d1f261c3BR
PNL887112AA,736214742
PNL845819AA,ENJdcf16d43e572BR
PNL524277AA,ENJ968fd1d5a92aBR
PNL869428AA,175397574
PNL435991AA,ENJe171e9aee0edBR
PNL732576AA,ENJbfd882b3336cBR
PNL923698AA,ENJ6bb5baffa593BR
PNL696212AA,ENJa689d5fc950eBR
PNL619111AA,644927377
PNL837748AA,ENJf198ddeeeb8cBR
PNL827548AA,ENJeff76c360c36BR
PNL649566AA,ENJ193b0fb1540eBR
PNL905369AA,ENJf3e1841e5651BR
PNL892241AA,666450382
PNL731550AA,ENJc642651f9e48BR
PNL683561AA,ENJ8ffb81560d3eBR
PNL920300AA,ENJ7a7dceaf6dd1BR
PNL179016AA,ENJ2571c8aa83e8BR
PNL920848AA,ENJ5d7ba64c3165BR
PNL527418AA,ENJb0d8a727b69cBR
PNL683584AA,ENJ6da218f7b4b9BR
PNL673814AA,ENJ2311a6faed42BR
PNL661033AA,ENJd95bf84efc76BR
PNL699755AA,48348336
PNL202870AA,265330240
PNL606333AA,5335519
PNL563489AA,ENJae3c00a564c6BR
PNL206074AB,ENJdfb4f499dcb0BR
PNL877317AA,245123420
PNL674530AA,ENJ20c516b08d7dBR
PNL159743AA,ENJ6a35e64819e8BR
PNL540290AA,ENJf709666c7a88BR
PNL664767AA,167604698
PNL740714AA,ENJd305870d18baBR
PNL750434AA,413154178
PNL649555AA,ENJ2d8da44f5365BR
PNL887095AA,ENJ4db43c4d285dBR
PNL836242AA,ENJac3e1d7264feBR
PNL921628AA,ENJdc9227fd2066BR
PNL666718AA,ENJ1d01af0a7c07BR
PNL546340AA,ENJ55ba0f422022BR
PNL838306AA,ENJ20267bb93418BR
PNL693144AA,ENJ2fff9648fa23BR
PNL167959AB,ENJbad41209c81fBR
PNL106820AA,ENJ88126fa9e4bbBR
PNL885797AA,ENJd6bcb7d8cd86BR
PNL524234AA,ENJf26d400fa464BR
PNL590791AA,221191062
PNL105332AA,ENJf85024587c78BR
PNL718009AA,ENJda627210a299BR
PNL180012AB,ENJ827d4dbe3d35BR
PNL726632AA,ENJ263305cf6edfBR
PNL838296AA,ENJ8f50a9eb8599BR
PNL628829AA,ENJ0cc3d2244c2bBR
PNL920820AA,ENJb8b1ad6f9dd1BR
PNL600439AA,ENJ54225fa4d57eBR
PNL483252AA,ENJ6476f54add63BR
PNL664720AA,ENJ3feabaacca40BR
PNL803727AA,ENJ223a4955ae70BR
PNL514974AA,ENJ03fc5947b54dBR
PNL630588AA,ENJ4940916aa741BR
PNL837616AA,ENJ5a2789c605afBR
PNL410976AA,ENJf18ab7549c24BR
PNL683533AA,ENJ5dacf12836c3BR
PNL540273AA,ENJf0be3413aa1dBR
PNL664707AA,ENJ2107c3b2611bBR
PNL680685AA,ENJ775a0c7ed9b9BR
PNL837539AA,ENJa3d6c8414faeBR
PNL097988AA,ENJ0a9180916bb3BR
PNL499096AA,ENJec85794953bfBR
PNL687278AA,892438762
PNL099370AA,ENJf4d7933d1044BR
PNL574872AA,ENJ85440537685aBR
PNL537942AA,ENJfea175828c2aBR
PNL672668AA,ENJb885b623b320BR
PNL686162AA,ENJ3efac79d5305BR
PNL919747AA,ENJecc8b97a1094BR
PNL864120AA,ENJ0fae4ce689b8BR
PNL951576AA,ENJe42d8fcd8182BR
PNL527377AA,ENJ3e2ecc597238BR
PNL691036AA,ENJ307abfb3dc3aBR
PNL649546AA,ENJ24b113befc25BR
PNL849691AA,ENJe2360d9d099eBR
PNL731544AA,280776984
PNL726644AA,ENJ78ac7237703dBR
PNL682605AA,ENJ23838fd31f30BR
PNL684819AA,ENJb21744707014BR
PNL545448AA,ENJ273bce6dc438BR
PNL664690AA,ENJ44f6fdea90eeBR
PNL497385AA,ENJ141a88bc18f9BR
PNL847847AA,ENJ9b7e7376592fBR
PNL705557AA,ENJ44d87b20d755BR
PNL845732AA,ENJ3ac204db7ec0BR
PNL251675AA,ENJcfe10ff9960aBR
PNL664708AA,ENJ07f3c9a95a0fBR
PNL687287AA,ENJ89e3fc874d3dBR
PNL003455AA,218383127
PNL694726AA,ENJb693d1f6cde2BR
PNL351400AA,ENJ33c591a6683bBR
PNL605462AA,ENJ0f0a4a7d0f21BR
PNL161667AB,ENJ494526f9323eBR
PNL526003AA,ENJea4721564e35BR
PNL600458AA,ENJ3f2fb8a85a92BR
PNL693148AA,ENJ0b65bb94f684BR
PNL159741AA,ENJ0d975e6e70ecBR
PNL180018AB,12742174
PNL590805AA,ENJeac9f35b7cfcBR
PNL648258AA,ENJ1f4f0efd3763BR
PNL590785AA,ENJ526b5511039dBR
PNL173010AB,ENJ33a7b74dc084BR
PNL684112AA,163978959
PNL837535AA,ENJ7809b7fcf441BR
PNL387223AA,ENJf92e9420106aBR
PNL351401AA,ENJ895b662c4f80BR
PNL184621AB,315700439
PNL699721AA,ENJc91364de325bBR
PNL232591AA,ENJce29ef8df2fdBR
PNL295698AA,ENJd48cdc4e41f1BR
PNL847852AA,ENJ73497004bcf4BR
PNL869427AA,ENJ070a79c75fd7BR
PNL836253AA,ENJd3e3405a535dBR
PNL704844AA,ENJ346edd2e07afBR
PNL726686AA,704835921
PNL864156AA,ENJfe2c454045d5BR
PNL686180AA,ENJ56fe216cfc49BR
PNL405160AA,ENJ5934f05c0dd3BR
PNL742508AA,242042300
PNL837711AA,ENJ614d8a37ba3bBR
PNL183636AB,ENJ99e2644e941eBR
PNL410990AA,ENJ3f2d30585dadBR
PNL837723AA,ENJ959b3cd6b6a7BR
PNL462929AA,ENJ5cf469dceaa7BR
PNL003464AA,ENJaebed6e3a2e3BR
PNL649103AA,ENJf788f03001c1BR
PNL414162AA,ENJ38b40b9ed52cBR
PNL868029AA,316762699
PNL545465AA,ENJ84ba5ee3dc23BR
PNL122643AA,741535987
PNL605468AA,ENJ2b199c27e063BR
PNL628890AA,ENJa61fed1bb73fBR
PNL921646AA,ENJ2f5008d731bfBR
PNL167007AB,ENJ2d9669cb366bBR
PNL160658AB,613505014
PNL184628AB,940905864
PNL920837AA,685651844
PNL851460AA,ENJe683dd0d0716BR
PNL622440AA,245354827
PNL869422AA,976555346
PNL180044AB,ENJ2ecf80a46d8dBR
PNL686163AA,461202166
PNL921334AA,788739975
PNL837707AA,ENJdb434d470b46BR
PNL678389AA,ENJ7c72d8d13b47BR
PNL184640AB,513146566
PNL637621AA,ENJ0d6013b62623BR
PNL435983AA,ENJ2c636d9ddde2BR
PNL628879AA,ENJ6088221c4280BR
PNL574888AA,ENJ17780b11c9c5BR
PNL630618AA,ENJf670dfc20f86BR
PNL111478AA,ENJ47d7577e3dd4BR
PNL924223AA,ENJ142ca1e83eaeBR
PNL161660AB,489854464
PNL179001AA,ENJ51915e0e0c1eBR
PNL543818AA,ENJ1db774ad6c34BR
PNL242303AA,ENJ8d402bd5855fBR
PNL905335AA,ENJf8d45b00e7d9BR
PNL358083AA,ENJ4a9112412834BR
PNL845742AA,ENJd93f25116573BR
PNL834031AA,ENJ057ad4e1b4c4BR
PNL924215AA,ENJe96c2b745f92BR
PNL676281AA,ENJ5e23f18aaf2fBR
PNL575257AA,ENJf4dd6a1ec8d7BR
PNL598966AA,ENJ1b818eae93d3BR
PNL384653AA,ENJ5957070a9179BR
PNL847370AA,ENJ7be74c915838BR
PNL680691AA,ENJc737f1f9d5f5BR
PNL852162AA,ENJb8b2bff49736BR
PNL731548AA,ENJ612b5d9e87d3BR
PNL847860AA,ENJccf22cd7d5adBR
PNL687293AA,ENJf2943787025dBR
PNL830952AA,ENJ60bfc0a99d98BR
PNL165018AB,ENJa4fe1e81f87eBR
PNL189377AA,ENJ8813044179a6BR
PNL837613AA,ENJ68a86eb7dd81BR
PNL193959AA,ENJf45698308f62BR
PNL924217AA,ENJ42b3c290962dBR
PNL922623AA,ENJc53c0aed21bbBR
PNL699735AA,ENJbb307939ba68BR
PNL151510AB,ENJ46ba5d5fbd9eBR
PNL193998AA,ENJa4ec7ee4da2dBR
PNL383357AA,ENJf8163b051835BR
PNL713299AA,ENJf9c37783892aBR
PNL911717AA,ENJddb5adaa581bBR
PNL726665AA,ENJ6c50d591427cBR
PNL892245AA,ENJ37dcc13787c3BR
PNL837597AA,ENJ7bfc1968a607BR
PNL632910AA,ENJd73e3ff0f9caBR
PNL697526AA,ENJ605a55d6c5b0BR
PNL492848AA,ENJ7d101d7e43b9BR
PNL731554AA,ENJb297850dbacbBR
PNL151549AB,ENJeb25dfa37e7aBR
PNL922187AA,ENJ0e9203978ab1BR
PNL193806AA,ENJ1fe6c909605cBR
PNL909465AA,931256431
PNL629660AA,ENJb4c7461e0c08BR
PNL487493AA,ENJ60318d9c330bBR
PNL704848AA,ENJ79e345f4bc59BR
PNL454132AA,ENJ56f43c9c9b72BR
PNL296588AA,ENJ75ff7e5dc891BR
PNL439325AA,ENJ33fa2d0fc494BR
PNL664814AA,ENJdc96c0062e94BR
PNL726693AA,ENJc8dbc00869d9BR
PNL184650AB,174291000
PNL206033AB,ENJaa715b60e040BR
PNL666801AA,910933648
PNL830977AA,ENJeffeb1ca0dcaBR
PNL180056AB,ENJcd89e62b0d98BR
PNL750440AA,ENJa15374c0f5e5BR
PNL683562AA,ENJbf761882db95BR
PNL845765AA,ENJ24f0a7696e80BR
PNL527392AA,ENJ6a8dc79600a9BR
PNL661915AA,822892381
PNL425405AA,ENJ7452442dff73BR
PNL698706AA,ENJ3a89b59fa633BR
PNL887098AA,ENJ20c0dd6340c5BR
PNL527374AA,ENJ733c5b964271BR
PNL691053AA,ENJ289b05214e28BR
PNL518206AA,ENJ84b3f9035c6bBR
PNL151516AB,ENJ19e62e67bad7BR
PNL600780AA,ENJ8db9ace88637BR
PNL167985AB,ENJ4fa117512f91BR
PNL683599AA,ENJ7637eb0ed1a2BR
PNL697539AA,ENJ4c4014587f96BR
PNL574878AA,415420952
PNL731243AA,ENJ6dd3c80f7e0dBR
PNL414161AA,ENJf58c36181daaBR
PNL251698AA,ENJe9ef8e978ce7BR
PNL868882AA,ENJ4a39c116ac63BR
PNL885812AA,ENJ8949390f94c6BR
PNL416949AA,ENJ27b070692155BR
PNL600777AA,ENJ0011f1b03621BR
PNL630620AA,ENJ95fccce48e58BR
PNL405162AA,ENJa78ce01dee23BR
PNL206084AB,ENJad09b72fa231BR
PNL105352AA,ENJ2f7ef5ada9f8BR
PNL692706AA,61436627
PNL251229AA,ENJ93e8666571b6BR
PNL837676AA,ENJ18c5bd12648eBR
PNL910772AA,ENJdca34b48f414BR
PNL299248AA,805392725
PNL619112AA,157399039
PNL180052AB,ENJ8b62c024bf01BR
PNL527394AA,ENJ3bb1f6e21fa0BR
PNL905377AA,ENJ883a25870c82BR
PNL383356AA,ENJa9f59066220eBR
PNL855271AA,ENJ2938590f5696BR
PNL098456AA,ENJ5bdd9c61710bBR
PNL107071AA,ENJ590c576c6acbBR
PNL179030AA,ENJa3914eaf3e18BR
PNL681017AA,ENJ4f90e032753eBR
PNL038265AA,ENJ4ff39255c06dBR
PNL174795AB,ENJ732f2d4b8c1aBR
PNL679591AA,257047448
PNL714880AA,ENJe5a2e0c3c82eBR
PNL914841AA,ENJf8b5e485292bBR
PNL187509AB,547021713
PNL515754AA,ENJb3095e068f34BR
PNL098436AA,ENJe1e789829a43BR
PNL690683AA,328957881
PNL084545AA,ENJ8962135d2285BR
PNL654566AA,ENJ3ba57eae4ee8BR
PNL705634AA,ENJ4a3b5bb3340aBR
PNL174768AB,91229324
PNL469064AA,ENJdb98d4c6f91dBR
PNL955054AA,ENJc1723b39fe67BR
PNL689029AA,ENJcefa304971ccBR
PNL809030AA,ENJb13cc508a318BR
PNL098430AA,ENJ5d7b1eaaf199BR
PNL084534AA,ENJ66d3403c35eaBR
PNL184643AB,ENJ1b067617cecdBR
PNL885806AA,ENJ4f44b16b56ceBR
PNL682611AA,ENJ975c89265efcBR
PNL870313AA,469123725
PNL174776AB,ENJed508d2f761cBR
PNL692700AA,720321353
PNL837652AA,ENJ6928ba7b64e2BR
PNL868038AA,ENJ7e8ea9f7432bBR
PNL693163AA,164917579
PNL486132AA,ENJ59a8d533b4e7BR
PNL729025AA,965480891
PNL180043AB,862409635
PNL705653AA,769181590
PNL254826AA,ENJ1b60b797f8e5BR
PNL868037AA,ENJ39ccdacffb77BR
PNL183074AB,968663010
PNL188600AB,495287039
PNL184677AB,ENJ0ea17439e528BR
PNL849712AA,ENJ5c75b7072b02BR
PNL515757AA,ENJb8989f854fb0BR
PNL171800AA,ENJ3d6564ee44fcBR
PNL851487AA,ENJ48f9a2e21ffcBR
PNL183629AB,282752955
PNL726702AA,ENJb2945317906cBR
PNL896295AA,ENJ9e9bd5aa4ebcBR
PNL726673AA,445880768
PNL203174AA,ENJ3c4d2ec4621dBR
PNL408423AA,ENJ58cf2901307fBR
PNL661045AA,ENJ47da3d491390BR
PNL628932AA,ENJ12c8b2c6f251BR
PNL917119AA,ENJ5a4accbf3071BR
PNL648264AA,ENJ266ec659e365BR
PNL909416AA,591611399
PNL632908AA,ENJ411e1a68a8cfBR
PNL920827AA,ENJd06cfa5eaf68BR
PNL830948AA,ENJ19b3dc257cb1BR
PNL600457AA,ENJ57726b5da7bcBR
PNL084020AA,ENJ7028570a2d54BR
PNL951569AA,ENJ506e86dbfc10BR
PNL193914AA,ENJ5175d7c93dd6BR
PNL645541AA,ENJ75cdd604d1bfBR
PNL896673AA,ENJ08df8580dba1BR
PNL188735AB,ENJ85d1deee0f91BR
PNL731220AA,ENJb0c4dce79ed5BR
PNL251682AA,ENJd6491444c763BR
PNL437378AA,ENJb0011bfbb511BR
PNL188738AB,ENJ5ad99d60a9a2BR
PNL664692AA,ENJ6064a40c4a2eBR
PNL885784AA,ENJ30b2b46c7d6aBR
PNL638279AA,ENJ3990d238a567BR
PNL704829AA,ENJ49840885c709BR
PNL661746AA,ENJ14d297232b92BR
PNL540281AA,ENJc16678ca2cdfBR
PNL626901AA,ENJ94aefff838abBR
PNL664727AA,ENJe81410919d01BR
PNL714859AA,ENJ5733a30d0233BR
PNL384655AA,ENJfef3f4102625BR
PNL514979AA,ENJd2dabc1eaba9BR
PNL906986AA,ENJd8dfb444e981BR
PNL891269AA,977641886
PNL896244AA,ENJ00a51ae0b02aBR
PNL674523AA,ENJe716ff887efcBR
PNL542038AA,ENJf143da06edc4BR
PNL638276AA,ENJd343ca0e9ec9BR
PNL851428AA,ENJ339da7403496BR
PNL105324AA,ENJ369523bbbd3aBR
PNL747426AA,ENJ997bd66e4878BR
PNL600432AA,ENJ41c08d61154cBR
PNL747430AA,538084943
PNL454629AA,ENJbfd2d56fed92BR
PNL909432AA,88057307
PNL495968AA,ENJ208fc00872fdBR
PNL084044AA,ENJb880b82793a4BR
PNL628847AA,ENJe5aecb7b7e11BR
PNL648254AA,ENJe06d9c142f32BR
PNL920270AA,378866547
PNL188551AA,ENJ8bc4d2b8bb29BR
PNL694061AA,ENJc5aa42125647BR
PNL454643AA,ENJ0a3a6d717b09BR
PNL039629AA,635701411
PNL837555AA,ENJd1e24fbf7a41BR
PNL206010AB,ENJ00d61d7bd1b2BR
PNL868006AA,621799617
PNL470888AA,ENJd86c3c60a6d9BR
PNL664736AA,ENJ9d59925f4d8dBR
PNL563480AA,ENJe36bf2c1fc57BR
PNL847362AA,ENJa92f78d582d6BR
PNL687302AA,ENJ32c5686b777bBR
PNL574873AA,ENJ886820b4f365BR
PNL740679AA,ENJb835aff039f9BR
PNL687280AA,ENJf9493ed03331BR
PNL686141AA,ENJ84018c372f61BR
PNL514977AA,968034984
PNL525993AA,503681768
PNL542047AA,ENJf3f98a7fa536BR
PNL745675AA,701776642
PNL740715AA,ENJc85cefed569fBR
PNL868026AA,ENJ21d97764052dBR
PNL408404AA,ENJ1c9ef831109dBR
PNL906232AA,ENJc828029d2c6cBR
PNL906227AA,ENJc48f9b3ebd58BR
PNL837642AA,ENJ0ae9035c3393BR
PNL151531AB,491515992
PNL724300AA,ENJfa7aa5502951BR
PNL167986AB,ENJ79b3205ac7ceBR
PNL191150AA,ENJb4972943defdBR
PNL263789AA,755320871
PNL880489AA,ENJ44821f9b12b2BR
PNL628888AA,ENJa29be749d6fdBR
PNL273240AA,ENJca29d20248e5BR
PNL891300AA,ENJaf2685490019BR
PNL574882AA,ENJ304c0506c4d7BR
PNL731547AA,ENJ730ebd406319BR
PNL666785AA,52502499
PNL648269AA,ENJ9ccf68b55ea4BR
PNL636631AA,ENJa044ebeafb2dBR
PNL410989AA,ENJ1c46a3588c6fBR
PNL626919AA,ENJee368aa10befBR
PNL847868AA,ENJa029b63f43caBR
PNL645550AA,ENJ7f40fd0c79b4BR
PNL747488AA,238240775
PNL645560AA,ENJ7e266c417875BR
PNL845824AA,ENJ52606b946422BR
PNL363430AA,ENJ259490381484BR
PNL454672AA,ENJa3e6a5cf8916BR
PNL183640AB,ENJb3e0a6798465BR
PNL668313AA,ENJ1fc6618ef245BR
PNL698795AA,ENJb8640f2309d3BR
PNL626923AA,ENJc11cc2389f8eBR
PNL375149AA,ENJbc581b2c1f86BR
PNL684825AA,335452054
PNL924219AA,715746506
PNL870314AA,ENJ7d20d217acaaBR
PNL680703AA,426439550
PNL680694AA,ENJ2227c0429219BR
PNL750461AA,ENJbd9aac08530bBR
PNL477355AA,ENJ31a1def586beBR
PNL693157AA,56506434
PNL870309AA,500760134
PNL102219AA,ENJ08097307fda6BR
PNL877622AA,293735983
PNL628867AA,ENJ3f63afe92dc5BR
PNL847855AA,ENJ9b0ad5a12026BR
PNL868021AA,ENJ219f1053f980BR
PNL174760AB,ENJ671ca8ea5acfBR
PNL845746AA,ENJ90820371485eBR
PNL906999AA,ENJ4faea0981bb4BR
PNL084535AA,ENJ55ca19288f6cBR
PNL216826AA,ENJ348aaeb5a1a9BR
PNL731546AA,ENJ36638ac19e10BR
PNL299224AA,ENJ123c135fc82cBR
PNL834040AA,ENJ292e9016c863BR
PNL160633AB,ENJ05f9b9007c3fBR
PNL830955AA,ENJf810d30a7af9BR
PNL097994AA,ENJ54cc7d269accBR
PNL724593AA,ENJ349d6dd7aeb7BR
PNL161671AB,ENJc2bbd9ffa4edBR
PNL590804AA,ENJfa5296b09004BR
PNL206018AB,ENJ2e6231f56cb5BR
PNL906221AA,ENJ263f033dd62bBR
PNL687635AA,ENJ97da42dfd56fBR
PNL242304AA,ENJ13410440a814BR
PNL868020AA,ENJ518f8bba8306BR
PNL687299AA,ENJ940240a3bdc2BR
PNL172130AB,ENJ96e7771a7316BR
PNL672690AA,ENJ0e81a742ea3fBR
PNL868054AA,970843759
PNL910773AA,939942104
PNL600793AA,ENJf0abd58c9831BR
PNL705681AA,994170957
PNL180033AB,582991584
PNL628898AA,ENJ1fc53e96e26fBR
PNL893023AA,ENJ752e757f05d2BR
PNL686637AA,ENJ25d5bbae02cfBR
PNL661957AA,ENJ375f1437035dBR
PNL664781AA,ENJd97c68735079BR
PNL724598AA,151830783
PNL182134AB,ENJ346fabff6804BR
PNL837645AA,ENJ03eff83382d1BR
PNL167009AB,ENJ088013a77094BR
PNL914830AA,ENJ033c65d922f6BR
PNL469063AA,ENJf0664cc529e9BR
PNL649075AA,ENJ0037da8b95a5BR
PNL683552AA,302850649
PNL619104AA,ENJ83b170ef9774BR
PNL691072AA,ENJ43218c899cd6BR
PNL911712AA,ENJ263936299fc8BR
PNL732569AA,674840274
PNL619092AA,ENJ5314d90ba99eBR
PNL709489AA,83924386
PNL678385AA,ENJ715a35611362BR
PNL600459AA,ENJ89f56d24b10eBR
PNL563492AA,ENJ5d44e558b6bfBR
PNL630607AA,ENJ069cd800058aBR
PNL859013AA,ENJa1a7eb491d56BR
PNL545491AA,ENJ6a1b2c32c90bBR
PNL104074AA,ENJ1a4e651753e9BR
PNL698704AA,138611432
PNL098423AA,ENJ14ebaa27670aBR
PNL461134AA,ENJcec5cdec2e34BR
PNL106806AA,ENJ47736f8145ddBR
PNL855180AA,ENJba8c74b114cbBR
PNL598945AA,ENJd93e521b4a67BR
PNL855204AA,153304076
PNL693676AA,541835971
PNL166169AA,ENJ9c092626c669BR
PNL750466AA,ENJe8f414a500e6BR
PNL913282AA,ENJc11493a2f087BR
PNL845767AA,ENJ10bc169adf52BR
PNL405170AA,ENJ9ec23bf69177BR
PNL747503AA,ENJa24e4c644737BR
PNL684128AA,ENJe3d96b68a4d7BR
PNL845768AA,ENJ1ceb1d15c9eeBR
PNL527387AA,104302402
PNL162328AA,762999640
PNL920834AA,44808592
PNL683610AA,ENJ07a3e988e151BR
PNL718045AA,ENJdedcf5fd9e38BR
PNL911714AA,613281464
PNL845791AA,ENJ07e1b5fa260cBR
PNL868057AA,ENJd5464f4ff10dBR
PNL845772AA,ENJ8f15b2040922BR
PNL896287AA,852062441
PNL179008AA,261779431
PNL405637AA,ENJe1ae6346ebdaBR
PNL102221AA,ENJ494d37d7c321BR
PNL718063AA,ENJd3c0ebee7fefBR
PNL160044AB,124868603
PNL750458AA,ENJ2b4e4635d8f4BR
PNL923227AA,ENJaaad9cc9bc7eBR
PNL206069AB,ENJ677d41b4ac74BR
PNL606340AA,867788604
PNL868019AA,ENJ49b8e5957869BR
PNL698772AA,ENJ81f2ac435cbcBR
PNL626929AA,ENJ1e503b936f9fBR
PNL487499AA,ENJ58dc400f8b38BR
PNL845821AA,ENJ3d5886a19f20BR
PNL676295AA,ENJd01a4f0be93bBR
PNL868052AA,ENJ79034f8a6e41BR
PNL630651AA,ENJ717cc7b34eb9BR
PNL666802AA,ENJ93b3e52fcd4fBR
PNL454666AA,ENJ0ef1c64eee4eBR
PNL851496AA,ENJ6beff7e5b8f1BR
PNL656270AA,562389066
PNL454659AA,ENJ41002ffcce30BR
PNL729009AA,105574209
PNL906229AA,ENJec6449d89478BR
PNL640671AA,ENJ107955666720BR
PNL497413AA,ENJ72d1c4cf73bfBR
PNL299263AA,ENJ67feaeb9c745BR
PNL861081AA,784570941
PNL600483AA,ENJ64560b509e64BR
PNL638295AA,ENJb1294b1dc846BR
PNL915146AA,397802097
PNL922630AA,ENJf6f001da0f22BR
PNL626934AA,ENJbe4e6125af65BR
PNL251699AA,ENJee4f81d01e60BR
PNL920857AA,ENJa0aa1d80c486BR
PNL053729AA,ENJcd2892408aebBR
PNL637624AA,ENJ7ff7a987a8caBR
PNL174779AB,ENJf58ee6ddfabdBR
PNL687314AA,ENJ4ee4450d5980BR
PNL693160AA,ENJa8ec80856c9fBR
PNL193997AA,ENJ6aaea116d643BR
PNL650018AA,83784277
PNL698803AA,571098343
PNL705632AA,ENJ2d0e53ffa172BR
PNL127650AA,ENJ242a5a2e4f2eBR
PNL193876AA,ENJa8626231d9f7BR
PNL855243AA,ENJd54d1c458459BR
PNL188737AB,ENJ40611b8d3e0aBR
PNL740754AA,ENJ93d818a8d97eBR
PNL654548AA,ENJ503cf7e6880cBR
PNL661960AA,ENJe6a1f5c7a98aBR
PNL830985AA,ENJd4ca257e7986BR
PNL676282AA,515422541
PNL188719AB,183915514
PNL864105AA,ENJdd896e23de0cBR
PNL713291AA,ENJ2601e98ce9feBR
PNL172117AB,ENJ0064f9a21ae8BR
PNL704832AA,ENJ792493d614b8BR
PNL709488AA,ENJ36b8a21c4f66BR
PNL921329AA,ENJcfe1360469dbBR
PNL559481AA,ENJ4f5d26521265BR
PNL098812AA,ENJ402da8198c57BR
PNL852153AA,88850670
PNL257375AA,ENJb52142ecf4b2BR
PNL664705AA,ENJee76693d4b58BR
PNL922619AA,ENJ799a3f074334BR
PNL622800AA,ENJ24621d00536aBR
PNL492840AA,ENJ297226197147BR
PNL167974AB,ENJc4507142674dBR
PNL160641AB,ENJ61a90158d357BR
PNL834003AA,ENJ9e77bea43697BR
PNL039623AA,ENJ88db7d208628BR
PNL473786AA,ENJ0e2cb73cf790BR
PNL526001AA,89071033
PNL924203AA,190723507
PNL750392AA,ENJd0c086d4d6b5BR
PNL740661AA,535744155
PNL847361AA,ENJc216df48e6f9BR
PNL833996AA,ENJa92258f438d5BR
PNL876041AA,ENJb0233761d303BR
PNL740662AA,ENJ9577d1090782BR
PNL628848AA,ENJ8d133ff4c658BR
PNL877568AA,ENJad33a1f89685BR
PNL836240AA,ENJ514e345123baBR
PNL686171AA,ENJ59fc05b2c954BR
PNL974457AA,ENJ9eb3951dd5edBR
PNL680156AA,ENJ26ca80a57cf4BR
PNL619064AA,ENJ59fd7810bf34BR
PNL838312AA,ENJe0ee237cb24aBR
PNL527363AA,ENJ71ba53b9436fBR
PNL180022AB,ENJ641a43d3f4cfBR
PNL809025AA,ENJe80a5fe94bf4BR
PNL896239AA,ENJ53b967351818BR
PNL098417AA,ENJd68b0b865864BR
PNL683541AA,ENJc6add7efef46BR
PNL686129AA,ENJa10ae0e2bb1fBR
PNL256953AA,ENJ6db0b66ba4ddBR
PNL737955AA,502191393
PNL039624AA,ENJdd1531e70ec8BR
PNL545451AA,ENJ9b504abb2579BR
PNL111481AA,ENJ1bd00c499dc7BR
PNL104071AA,ENJcdc3c26f5158BR
PNL747425AA,ENJ24636555aa8cBR
PNL098420AA,ENJ689111781963BR
PNL661032AA,ENJ80200ea9a93bBR
PNL922171AA,912513377
PNL731541AA,265352929
PNL664689AA,ENJb08d6df1b67aBR
PNL666722AA,659936070
PNL673786AA,ENJ0caa96e942f6BR
PNL924208AA,ENJb7ff943a4567BR
PNL632906AA,ENJ480e90a67650BR
PNL891267AA,ENJ1468c770a4c4BR
PNL097993AA,ENJff0f03d0d987BR
PNL381486AA,ENJ5163425980beBR
PNL687313AA,ENJe6e72087392dBR
PNL905337AA,257196654
PNL177073AB,ENJdc9179b9b6e8BR
PNL868033AA,ENJ32cb429cd9fbBR
PNL644840AA,ENJ274f8c879598BR
PNL740738AA,ENJfa7dafcd32cdBR
PNL159742AA,ENJaa2a77374ec3BR
PNL914821AA,231646797
PNL864169AA,657457805
PNL183624AB,500927865
PNL098443AA,ENJd22932df7088BR
PNL527409AA,ENJa741c4c82994BR
PNL678382AA,ENJ9435108be085BR
PNL102220AA,ENJba31b9fbdb33BR
PNL456598AA,ENJ8305814e3c9bBR
PNL636643AA,ENJ7cc3e5dd62e2BR
PNL678379AA,ENJd0c3677ea284BR
PNL299250AA,ENJ4621e62d8673BR
PNL057939AA,ENJb6e7bde48b0bBR
PNL644829AA,ENJ6af002c14544BR
PNL256968AA,ENJe0689581baa4BR
PNL438943AA,ENJea9ed35797acBR
PNL694745AA,ENJ1cc90b1ed5d6BR
PNL855268AA,ENJ7af9112aae4fBR
PNL834045AA,ENJ1447b86d771dBR
PNL102231AA,ENJ2a8513919838BR
PNL082376AA,ENJ2e55fb53fe7eBR
PNL864143AA,ENJ5b44528b98d4BR
PNL626917AA,ENJ6e254e1aeb2aBR
PNL750448AA,ENJ81173a00d7daBR
PNL408413AA,ENJ686861f9b300BR
PNL188831AB,ENJ970c10dee00aBR
PNL876052AA,ENJ09d56a944500BR
PNL691056AA,ENJfd2547e7ea9aBR
PNL160652AB,ENJ929263ebd901BR
PNL879182AA,ENJ085e3f9a2c2fBR
PNL590807AA,73908996
PNL180048AB,ENJ04d54c0bf7f5BR
PNL877640AA,ENJ80a6c55ff954BR
PNL910024AA,ENJfd579026cd4fBR
PNL690688AA,ENJ582a5c188748BR
PNL884022AA,157708365
PNL837644AA,ENJd21785fdf046BR
PNL003459AA,ENJ465a491f70a5BR
PNL710005AA,ENJa691ce87ad82BR
PNL540282AA,ENJee2c45c449b8BR
PNL622435AA,ENJ6388f4085caaBR
PNL714866AA,ENJe395afecf2acBR
PNL026625AA,ENJ0773920af0f5BR
PNL202844AA,ENJe0b6f07611c1BR
PNL161663AB,ENJ3d41215b3a5fBR
PNL600775AA,ENJ0f55dfa751e0BR
PNL105333AA,ENJ90677380f9d3BR
PNL680159AA,ENJea90435ca103BR
PNL714865AA,ENJe27f16b2b95bBR
PNL892231AA,ENJf2bf8a407b61BR
PNL527371AA,ENJ8f5b17a8f30eBR
PNL606326AA,ENJb37d52802ac8BR
PNL161673AB,ENJeb636a0ef0f0BR
PNL838317AA,ENJ0c5e4bc3c8fbBR
PNL099374AA,ENJee04d0b2ebb2BR
PNL699731AA,ENJ96cee2dc09bcBR
PNL107054AA,ENJ3ba8d638a47bBR
PNL877330AA,ENJd1d6845245e2BR
PNL619075AA,724029229
PNL880493AA,ENJ9674a4b807e6BR
PNL648287AA,ENJ72bdd9245133BR
PNL855260AA,707160686
PNL632919AA,ENJ1276cd50883aBR
PNL694736AA,ENJcb2636eddabfBR
PNL190582AB,ENJd332712a26e7BR
PNL151539AB,ENJ9bfede708246BR
PNL679575AA,285484013
PNL847377AA,ENJ2c344332a120BR
PNL486099AA,ENJ05f985940fd7BR
PNL693175AA,ENJ6a13583acd7aBR
PNL542057AA,ENJ635f3813f6dbBR
PNL193971AA,515058007
PNL260159AA,ENJ8d97c4646cd5BR
PNL693661AA,ENJb4506dba9273BR
PNL837599AA,ENJe29db57fa557BR
PNL454671AA,ENJ7a80e3c252faBR
PNL630617AA,ENJdb28ee1563f2BR
PNL709491AA,247185261
PNL905343AA,ENJfd93093d3934BR
PNL025396AA,ENJ7c381b2bfd2bBR
PNL740752AA,933352224
PNL666818AA,ENJ362af63a598aBR
PNL920308AA,ENJb268db5334b6BR
PNL849707AA,ENJ909c29e4390eBR
PNL666836AA,ENJ7c89d272c694BR
PNL834065AA,ENJb9dc72a318c4BR
PNL859016AA,ENJbcabda7ca128BR
PNL600473AA,ENJ361c61b97922BR
PNL628883AA,ENJ3c19e3c04075BR
PNL868045AA,ENJ132c76b39f27BR
PNL188716AB,ENJ70fe2a7dabfcBR
PNL629637AA,ENJ764e328f9850BR
PNL684778AA,ENJ3a16784624d9BR
PNL438948AA,ENJ5df174ca4bcaBR
PNL686184AA,ENJ409c13bf9e1eBR
PNL193984AA,ENJ5e589b1ecc62BR
PNL177078AB,ENJf08e20286219BR
PNL920838AA,ENJ5d13f5f8a27cBR
PNL590816AA,ENJ2d0a60a5ae91BR
PNL666783AA,ENJ5c2fe524835fBR
PNL638299AA,ENJee32fef3f6b0BR
PNL161694AB,ENJf8ceb1380e22BR
PNL870308AA,816921076
PNL887106AA,ENJ003c0cd3dc0dBR
PNL868053AA,1766565
PNL218863AA,ENJ3b38a7df961aBR
PNL545468AA,ENJdf0f83aeae14BR
PNL183626AB,ENJ971a52551de7BR
PNL299243AA,ENJ27a45a663f9cBR
PNL830967AA,ENJ96b2536e16e1BR
PNL206082AB,ENJff0fd60f172aBR
PNL172160AB,791775436
PNL879175AA,421211158
PNL408422AA,ENJb5f3b88253f4BR
PNL600486AA,511699929
PNL179021AA,ENJ6af3ab912fe9BR
PNL174793AB,433408311
PNL803752AA,ENJ5a85a356064fBR
PNL869449AA,ENJ01b7d457422cBR
PNL674536AA,ENJ371c2eb6509aBR
PNL160654AB,ENJd085213a3eedBR
PNL160706AB,ENJce605a8049bdBR
PNL183637AB,ENJ742cc5735b88BR
PNL153974AA,ENJ2e5eff17806dBR
PNL174781AB,ENJ335b854e9647BR
PNL356386AA,ENJcd4b39e41cd9BR
PNL837650AA,ENJ437b812ff5a3BR
PNL600472AA,ENJ5772ce7e7e65BR
PNL855267AA,ENJf31004dd5ac5BR
PNL494389AA,ENJ47517ccfabceBR
PNL913529AA,226494010
PNL750482AA,ENJ6c4eeb09ea6fBR
PNL664763AA,ENJe7c786104360BR
PNL188805AB,ENJdb39f5a4e9caBR
PNL683631AA,ENJ9fdfa6d5fd09BR
PNL917129AA,ENJ0e8b720af468BR
PNL666832AA,721620470
PNL161692AB,256583108
PNL172144AB,120798438
PNL202867AA,ENJ84db3aca3e31BR
PNL750428AA,ENJ0aebf864d3c4BR
PNL897079AA,ENJ3e9a9b29c03eBR
PNL161676AB,ENJ03050cf025e7BR
PNL693154AA,ENJ62803bbd4a70BR
PNL693176AA,659430593
PNL693665AA,ENJ370f95bd2eabBR
PNL160668AB,ENJ21f6557dc3feBR
PNL837677AA,ENJ3b3b61f6dd1fBR
PNL038257AA,849255818
PNL628880AA,ENJ200cdc187b60BR
PNL545469AA,ENJf8ee1b08485eBR
PNL206087AB,ENJ15bf58e6c932BR
PNL629676AA,ENJbf637ad3e7dbBR
PNL714884AA,ENJc431f77b4b41BR
PNL869472AA,ENJ005874046a73BR
PNL105345AA,ENJ702d92ce13aaBR
PNL836255AA,ENJ880bbee97b7eBR
PNL296597AA,ENJ57835a361075BR
PNL847865AA,ENJ904a231b43e0BR
PNL711264AA,ENJ4ddc468d9b42BR
PNL718035AA,ENJ93d1b6606414BR
PNL385197AA,ENJ3fafd65e0f90BR
PNL172155AB,ENJ0c2975b324cbBR
PNL924235AA,822738022
PNL877633AA,ENJ4238b50043fcBR
PNL645562AA,ENJ47bb287025edBR
PNL454675AA,ENJ5ff1ffd83db9BR
PNL683593AA,ENJ1ac3a90867c8BR
PNL879209AA,ENJ3fb6b1a55ff5BR
PNL718060AA,53823838
PNL596176AA,ENJ27cbe7da7bd8BR
PNL183647AB,ENJ7bc127e3be10BR
PNL696213AA,718575691
PNL847389AA,ENJ03b26e91746cBR
PNL922207AA,ENJ4c0cb7d0939fBR
PNL038266AA,84713324
PNL909474AA,500414650
PNL433818AA,ENJ474fdbc4870cBR
PNL750475AA,539452438
PNL171806AA,ENJ28b3c88509f1BR
PNL896308AA,ENJd19bcc5b8a45BR
PNL919764AA,415774190
PNL921650AA,ENJec343dd77ad7BR
PNL855118AA,ENJ1f471afcf3f7BR
PNL713278AA,ENJ27164836eaaeBR
PNL974400AA,ENJebc6a6590382BR
PNL740609AA,ENJ2a18c6fa80f5BR
PNL682599AA,ENJ8ee2e2afa8a6BR
PNL869350AA,511423002
PNL251230AA,ENJf182831dd300BR
PNL691093AA,ENJ2c0077b4b40bBR
PNL524290AA,ENJc0a4a220f234BR
PNL924245AA,515368309
PNL560346AA,ENJffebb93ab3a4BR
PNL098450AA,ENJ1731055a5837BR
PNL874514AA,ENJ4cb3b7a00601BR
PNL922203AA,ENJd3e6588af35eBR
PNL893030AA,ENJ2707a82df018BR
PNL438949AA,ENJ20dd2eed2ab4BR
PNL107083AA,ENJ208d5893e571BR
PNL380812AA,ENJ1f894486b621BR
PNL849715AA,ENJb1da294c5c3bBR
PNL834076AA,ENJa3dcc3ecb315BR
PNL424174AA,ENJ9345301649ceBR
PNL486137AA,ENJ68fea9a5c582BR
PNL106863AA,ENJ483959c56d25BR
PNL837759AA,ENJf24ec5600d76BR
PNL559485AA,106920891
PNL378286AA,ENJb7bc687b3f6fBR
PNL747483AA,943748174
PNL740611AA,688139113
PNL187361AA,122366956
PNL042810AA,ENJ0494739e3adfBR
PNL881996AA,ENJ430703fc87d1BR
PNL833972AA,ENJ556a9e2b55c3BR
PNL666681AA,ENJ174026c23148BR
PNL664638AA,ENJ3328f1985877BR
PNL589866AA,ENJ493a5228e51aBR
PNL354874AA,ENJe8fe199fc25aBR
PNL729024AA,ENJ4e69bfad1a22BR
PNL160694AB,538077979
PNL879207AA,929519556
PNL693674AA,ENJbde8aeb46914BR
PNL909479AA,ENJ5aa79605ebaaBR
PNL098451AA,ENJe3c925489e86BR
PNL683635AA,ENJ7f0df10c2401BR
PNL664822AA,ENJ5797543ed3b1BR
PNL914849AA,ENJaff786dfccf0BR
PNL180073AB,ENJb83cbf88d4efBR
PNL698819AA,562611264
PNL834066AA,ENJd0489f68223cBR
PNL354164AA,ENJ009fa5e48469BR
PNL845827AA,ENJ286d2302a966BR
PNL449394AA,ENJcf174115d5beBR
PNL172170AB,ENJa10c536c8938BR
PNL632925AA,ENJ99f87efc8a22BR
PNL740766AA,ENJ1b9bdaa01292BR
PNL803716AA,ENJ6071f8314453BR
PNL207332AA,ENJ1925a81ad89aBR
PNL525948AA,622190108
PNL893012AA,ENJ6c28f5fa5e55BR
PNL470883AA,ENJ89effb54fa5bBR
PNL666693AA,ENJf24d39573b55BR
PNL866968AA,ENJ9c0182c80622BR
PNL845816AA,ENJc7f8a098a43bBR
PNL206131AB,ENJ7290fa416b69BR
PNL439328AA,ENJ98a3a4562c2dBR
PNL454144AA,ENJ1df7dbcc5749BR
PNL920318AA,ENJ881f959c7e62BR
PNL726697AA,ENJe38379ec5d9aBR
PNL216842AA,ENJ5b6ecc17e135BR
PNL911723AA,ENJ19fb0df7234bBR
PNL884026AA,ENJ76345d8cf7d5BR
PNL698820AA,719324044
PNL356387AA,ENJ5b2474fd586dBR
PNL256976AA,ENJ2e37d32b4234BR
PNL381478AA,ENJc0966032093cBR
PNL299207AA,ENJ7a3f18c059f5BR
PNL626887AA,ENJ98672a338e43BR
PNL057929AA,924667196
PNL559467AA,ENJd3dd1c487c15BR
PNL600429AA,ENJ24f965c05b59BR
PNL709476AA,ENJ1af0214cf153BR
PNL694715AA,ENJ209211acf8e3BR
PNL729020AA,ENJ1f9f3f4732ebBR
PNL042832AA,ENJb7da1765f643BR
PNL869486AA,ENJf0b319146696BR
PNL750484AA,ENJfb24cd5f1bbaBR
PNL632935AA,ENJcf5882f1bf01BR
PNL289384AA,ENJ54ee6aff970dBR
PNL830986AA,ENJd73e5ec8b922BR
PNL381488AA,ENJc581e292681dBR
PNL527438AA,ENJf641cecc09a1BR
PNL879206AA,ENJ9c56ea9d4e28BR
PNL698821AA,ENJ3201650f6978BR
PNL204551AB,ENJ044e4f42ec43BR
PNL740769AA,59851369
PNL160036AB,ENJc365675d845cBR
PNL638306AA,ENJ280f4d7f29e1BR
PNL151558AB,ENJ61e2f21f883fBR
PNL697532AA,ENJ2c5a50782cebBR
PNL880498AA,87705105
PNL668308AA,ENJ5808665c14a2BR
PNL698695AA,ENJ8c2e37117710BR
PNL830448AA,ENJbc78a7f986c6BR
PNL628799AA,ENJffe71cb6376aBR
PNL661928AA,356344538
PNL364710AA,ENJ98e42b7bdf38BR
PNL188820AB,ENJadab9840a3cfBR
PNL169380AA,ENJ9ef3195a45f6BR
PNL911722AA,ENJ929e592a9dbdBR
PNL174800AB,ENJ9aa20a0a4b87BR
PNL537967AA,ENJ87c633d768d4BR
PNL838363AA,ENJ1f9500f76873BR
PNL920317AA,ENJa0ab5b5d0924BR
PNL235410AA,ENJa6fcb7568367BR
PNL849716AA,ENJ0b6b33a319e9BR
PNL645570AA,ENJ2f114f2b1bf7BR
PNL740751AA,ENJ8b9ac0c5d458BR
PNL694754AA,ENJ164d9f7c542aBR
PNL527439AA,ENJa6eb7cc560b2BR
PNL160042AB,ENJb3d2eb6adc3bBR
PNL296601AA,ENJadb1dae3bbadBR
PNL683622AA,ENJ518d5779fc53BR
PNL682619AA,ENJ247ec65aeef8BR
PNL921338AA,ENJ6d779cb69996BR
PNL668301AA,ENJc375981bc766BR
PNL923206AA,652834958
PNL188979AB,ENJb121cc7b1f94BR
PNL747403AA,ENJ9fbc1f29ccaeBR
PNL193879AA,ENJ1a08067ab2afBR
PNL414148AA,ENJ99c727e024d7BR
PNL684840AA,91117658
PNL100072AA,ENJ82ac784752dfBR
PNL661877AA,ENJf7a5a4c40b38BR
PNL527436AA,ENJ73729c4af00fBR
PNL680190AA,ENJ11cb34945333BR
PNL600798AA,ENJdf8b56ff6381BR
PNL206110AB,ENJb74cca433e8fBR
PNL896306AA,ENJf8017b1101d2BR
PNL025409AA,237001601
PNL025408AA,ENJ316d9ddb8f58BR
PNL921659AA,446186807
PNL732577AA,ENJ94ea3ed5843eBR
PNL691006AA,ENJ8c36b7710a11BR
PNL649019AA,ENJ611eeb7a107cBR
PNL025375AA,ENJ0a0331467b2bBR
PNL869341AA,582933592
PNL692662AA,ENJc9d2268892f5BR
PNL473784AA,ENJc1e81a0372fdBR
PNL897195AA,ENJ23568ff4056eBR
PNL869354AA,48116761
PNL664696AA,ENJef72b2061e28BR
PNL686100AA,ENJec937f5b718aBR
PNL896660AA,ENJ8bdcd6a514e1BR
PNL092055AA,ENJb49bb65aa5c6BR
PNL299283AA,ENJbad0a33b4c01BR
PNL193798AA,ENJabf6d2deffefBR
PNL837753AA,ENJc62d9ce62129BR
PNL864185AA,40330226
PNL160045AB,121909559
PNL165028AB,ENJed19f19bb0e4BR
PNL638307AA,ENJ471b738f6c03BR
PNL622833AA,ENJf26d6ad3731aBR
PNL057945AA,ENJf293979d4cfeBR
PNL920312AA,805740423
PNL537370AA,ENJc6c4e2ac377eBR
PNL891322AA,ENJ541c02365509BR
PNL206125AB,ENJ865c6e77cd8aBR
PNL133089AA,ENJe5d0a3a97dfeBR
PNL718073AA,ENJ0b482221eb5fBR
PNL855221AA,ENJ453e9ef55ea6BR
PNL702974AA,ENJ273e0445f35bBR
PNL747345AA,ENJf7af1989af0fBR
PNL684800AA,ENJae18ddf30c92BR
PNL698711AA,ENJe7caf73d2764BR
PNL922148AA,ENJ2c25df1b6276BR
PNL974397AA,ENJe02c30fdc5c4BR
PNL709463AA,774945163
PNL382261AA,ENJ996b82b56da5BR
PNL664817AA,335684611
PNL184689AB,ENJ6455b237aab6BR
PNL699771AA,ENJ846eb509c25eBR
PNL874523AA,ENJ076d320b0488BR
PNL167012AB,ENJ84f042029709BR
PNL408443AA,ENJade5ac6737fbBR
PNL628937AA,ENJc9bc336465b1BR
PNL656277AA,ENJe79e8d08282fBR
PNL640675AA,ENJ754ac1320972BR
PNL687317AA,523948942
PNL166172AA,ENJ18cabcb468cfBR
PNL188819AB,ENJ309b6c328493BR
PNL173017AB,898086489
PNL630645AA,ENJc4f27bba1406BR
PNL172099AB,ENJ15c3978fab13BR
PNL803715AA,ENJ1270645e64a0BR
PNL709466AA,ENJe7b2f58c4a38BR
PNL629639AA,ENJccad4c3f7614BR
PNL713289AA,ENJ4639618722a5BR
PNL666660AA,ENJea052d418dd1BR
PNL183067AB,ENJee6eb55bd6d0BR
PNL600763AA,ENJ01cb70af3bd7BR
PNL545425AA,ENJbb6f66183609BR
PNL172108AB,ENJ8a72574d332bBR
PNL896208AA,ENJ88628756a918BR
PNL869419AA,ENJbdb3d7be3d07BR
PNL188630AB,ENJad8e9aba347aBR
PNL887089AA,ENJ52159fbffe83BR
PNL726708AA,835976066
PNL527433AA,222431118
PNL648294AA,ENJ18781bd7e72cBR
PNL598980AA,ENJfc7b5c204dffBR
PNL166173AA,ENJf2c4da4cfd5cBR
PNL905373AA,ENJf142a701b0a9BR
PNL803757AA,ENJa1ffef7ca38fBR
PNL704849AA,ENJ98c8d9c9d8b5BR
PNL687641AA,ENJ4b94e0af6245BR
PNL726696AA,874906737
PNL710073AA,ENJ739c3d1dc3a1BR
PNL711265AA,ENJb31cb5b91fbfBR
PNL193802AA,315546037
PNL921656AA,ENJ1c5c414baf38BR
PNL705661AA,ENJ52fdef640466BR
PNL896235AA,ENJ0f936f49a32fBR
PNL112567AA,ENJ0458eb58767eBR
PNL437375AA,ENJd15d50c8d915BR
PNL699680AA,ENJ20ac1d510edaBR
PNL104068AA,ENJabdc07636fa6BR
PNL666738AA,739193791
PNL921617AA,ENJ54626a5b1cc1BR
PNL600428AA,ENJ17a677620622BR
PNL897167AA,ENJ18a4ce3d541cBR
PNL178418AA,ENJ5aa5bb5e5a1eBR
PNL705672AA,ENJ3e9ed4f45286BR
PNL166171AA,942521891
PNL847885AA,ENJ89f51b054602BR
PNL649105AA,ENJ00834feb2d3cBR
PNL705686AA,202453894
PNL038264AA,ENJ42a856128c03BR
PNL527435AA,ENJ7bb3af40f6d7BR
PNL166170AA,487169972
PNL599215AA,ENJdf50250fb8f9BR
PNL414164AA,ENJa0bc99e2a6eaBR
PNL672712AA,876641130
PNL600779AA,ENJ37b35020c21bBR
PNL514949AA,ENJ71d6c7ecc1acBR
PNL673753AA,311592310
PNL705504AA,802690576
PNL880456AA,555432094
PNL750385AA,945128735
PNL692676AA,ENJb6ed00581fcaBR
PNL437376AA,ENJ268a79d30319BR
PNL514945AA,ENJ051f17529734BR
PNL868822AA,ENJ713e2fd7bb6aBR
PNL909425AA,548644748
PNL864180AA,810699677
PNL540295AA,ENJe151fc59ce04BR
PNL897269AA,ENJ83df9fff7837BR
PNL545492AA,ENJdc9d93afb164BR
PNL289383AA,ENJc5fd448001ccBR
PNL161693AB,79812452
PNL527434AA,ENJ3c5b56857e94BR
PNL683634AA,ENJbe6d2415551eBR
PNL718069AA,ENJ06f0e66ae2d7BR
PNL714882AA,ENJcbf47bd8d849BR
PNL186329AA,ENJc306d6a6936aBR
PNL870320AA,ENJ4031cef786feBR
PNL870323AA,ENJc5384c4ab850BR
PNL664786AA,915478354
PNL359697AA,ENJ0bcdc785557cBR
PNL650609AA,380104143
PNL913525AA,630234015
PNL698690AA,ENJ7537360d66eeBR
PNL693130AA,ENJ0f4984d602dfBR
PNL364707AA,ENJe2f202093139BR
PNL454104AA,ENJ558aefa99b2eBR
PNL452489AA,ENJd71064f9d415BR
PNL483255AA,ENJb44cc0af4ca7BR
PNL160700AB,ENJ2a0729a1c4dfBR
PNL188833AB,ENJd74b0a9d300aBR
PNL470900AA,ENJ8e7e77271bd0BR
PNL676307AA,667631471
PNL473796AA,ENJe839c79d5e92BR
PNL600482AA,ENJ505f630706c5BR
PNL666831AA,801823137
PNL686642AA,917365582
PNL740762AA,ENJ4a16ce8ee674BR
PNL650019AA,ENJ59092cffa091BR
PNL837749AA,ENJ57702ba55488BR
PNL885822AA,ENJ8496fc196787BR
PNL183082AB,139200582
PNL923229AA,ENJ9724e8a77346BR
PNL166153AA,689837626
PNL237984AA,ENJ51130db33f34BR
PNL745648AA,71313943
PNL629640AA,ENJ3d414838e1d6BR
PNL105310AA,ENJ912a3790c7a3BR
PNL664666AA,ENJ1b5c871ee9ddBR
PNL869366AA,ENJ24f304bcbebbBR
PNL184565AB,ENJ7260c1585357BR
PNL880444AA,83860083
PNL851403AA,940765067
PNL645568AA,ENJb6fcc7940d4aBR
PNL919763AA,ENJdba937bc33a6BR
PNL026659AA,ENJ6996992f5507BR
PNL184698AB,648374068
PNL684145AA,ENJ18aac96d0b6eBR
PNL187397AA,ENJd228338ba170BR
PNL921657AA,ENJe7519445bf73BR
PNL705683AA,ENJ26d8edf050a4BR
PNL106028AA,ENJ9c8b61b11d32BR
PNL107072AA,ENJ24341522c68dBR
PNL236809AA,ENJeded47dac09eBR
PNL699706AA,ENJ68475c9a7de1BR
PNL897165AA,ENJe9ceaa6f61a0BR
PNL628813AA,ENJ272d8399859fBR
PNL188641AB,181448189
PNL638269AA,ENJ6eb8a416debdBR
PNL487487AA,ENJf4298160fb3aBR
PNL830449AA,ENJf26508d20735BR
PNL684140AA,ENJ0c46d504ce05BR
PNL859033AA,842747110
PNL649577AA,ENJec30f87b995eBR
PNL683633AA,ENJc0322acc42bcBR
PNL102681AA,ENJ176d4b22648bBR
PNL294635AA,ENJa7c1974353d9BR
PNL182131AB,760975465
PNL882622AA,ENJ6c3f5e152ab0BR
PNL911721AA,ENJ601e84dfa29eBR
PNL206124AB,ENJbab329e7a71bBR
PNL251704AA,ENJab0a3b46cc6dBR
PNL619126AA,ENJca7a9a8b342aBR
PNL710076AA,700015442
PNL874515AA,ENJ6e5e621fa618BR
PNL913296AA,ENJ57b993bf00d7BR
PNL884031AA,ENJdd99b6189acbBR
PNL524291AA,ENJ77e0b4398bf4BR
PNL915144AA,ENJ1a483172cd05BR
PNL907825AA,ENJ6b5d6b12cc5cBR
PNL726701AA,919297696
PNL057951AA,ENJdc0803c7c405BR
PNL574866AA,ENJ8c8b47c17605BR
PNL747359AA,ENJ8a699c5e542fBR
PNL111476AA,ENJ89939a46324fBR
PNL543809AA,ENJd0e0eb3e230eBR
PNL845492AA,ENJ44b1d3bc1082BR
PNL887071AA,ENJ7a35d851519fBR
PNL907789AA,ENJ41dd293384ebBR
PNL896297AA,869944599
PNL740770AA,ENJbc80f8229afaBR
PNL273243AA,ENJ125238c73a0eBR
PNL859031AA,ENJ32e8cf0b7603BR
PNL740767AA,636943368
PNL648296AA,ENJ3189f77bb1ddBR
PNL656278AA,800139029
PNL750472AA,ENJ109f9c3f9533BR
PNL870319AA,153268707
PNL160714AB,180610863
PNL160046AB,ENJec37dd16c76aBR
PNL449393AA,ENJ44f904abbdaeBR
PNL680189AA,97211870
PNL042836AA,ENJf99de2e278eeBR
PNL691090AA,ENJ6c008b0b7ad5BR
PNL160043AB,ENJ1ec99cd1913fBR
PNL187393AA,935441229
PNL187505AB,ENJae5f2dcdc5a7BR
PNL731561AA,ENJf500289ef1fbBR
PNL100836AA,ENJd60c69d8bde0BR
PNL661888AA,461300452
PNL914775AA,ENJ0bc1a4bbb27fBR
PNL644812AA,ENJf0f913ec4e85BR
PNL644819AA,ENJfc35a1ab528eBR
PNL974402AA,ENJ29c4589f94e7BR
PNL600436AA,ENJ3f7687860724BR
PNL648233AA,ENJ131856d48edaBR
PNL868843AA,638189802
PNL098390AA,ENJd41c796a82d3BR
PNL626898AA,ENJe3e26bb9e368BR
PNL750377AA,ENJdbe8724ba042BR
PNL827510AA,ENJffd67d6031afBR
PNL106862AA,ENJd33d0cd656fcBR
PNL834044AA,ENJ6ba2db106e01BR
PNL454650AA,ENJ54a99ada8bbeBR
PNL393691AA,ENJ19f7df0ed015BR
PNL974374AA,ENJ8a43fc80bfefBR
PNL855178AA,ENJ9585e3f6dc55BR
PNL084533AA,ENJ0e65d419a793BR
PNL679531AA,ENJf2ff6254f85bBR
PNL838279AA,ENJ46193746ca34BR
PNL161668AB,ENJde1278fbe7dfBR
PNL408369AA,ENJ6c38cd8b5230BR
PNL906962AA,ENJc6c96f316f70BR
PNL909404AA,ENJ776876b56a37BR
PNL974411AA,ENJ786bd4b8bc35BR
PNL877585AA,684085647
PNL864099AA,224868319
PNL160577AB,385669214
PNL923196AA,ENJ537ccde6b94bBR
PNL834018AA,ENJ9a25648bc8bfBR
PNL354881AA,ENJe36ce191daa9BR
PNL188726AB,ENJ1d949395b2f1BR
PNL014706AA,ENJ448f2334fb71BR
PNL525961AA,579408995
PNL851394AA,ENJdfd36a0a1576BR
PNL383352AA,ENJ3e2ca13a586aBR
PNL680154AA,377705720
PNL702476AA,773930339
PNL622784AA,ENJf568ac2c60e5BR
PNL296576AA,995662166
PNL433813AA,ENJ14813081ee86BR
PNL299203AA,299142657
PNL747420AA,ENJ0604f492732bBR
PNL713295AA,ENJ124877e5e264BR
PNL707489AA,ENJ6330538815a0BR
PNL866975AA,ENJ1cfe10efa716BR
PNL193854AA,ENJa4817fa972dbBR
PNL167916AB,ENJ9ed3e2849d9cBR
PNL664718AA,ENJ8099a2e02458BR
PNL864082AA,ENJ95e79fdca126BR
PNL167912AB,154776311
PNL847839AA,ENJb2c21c1f25a3BR
PNL664644AA,ENJ117354136551BR
PNL672676AA,ENJafd41e419029BR
PNL682012AA,ENJc58aa844a693BR
PNL686127AA,11683921
PNL454628AA,ENJ098dced98e97BR
PNL877546AA,ENJ5629cd692ad5BR
PNL682589AA,ENJa3b5dbdfe3beBR
PNL626883AA,ENJ5c55aed9ab40BR
PNL855224AA,ENJ20ba087a17baBR
PNL880459AA,305203165
PNL167004AB,ENJa025cce0bf0eBR
PNL350416AA,ENJdee05e91ec61BR
PNL666717AA,ENJ16992063d8ceBR
PNL698748AA,ENJ38e8be5baacfBR
PNL483236AA,ENJ203bc3955c4aBR
PNL855200AA,ENJ75454b37fa35BR
PNL679532AA,ENJcf36b0db0faaBR
PNL698670AA,ENJbfd42539d327BR
PNL750401AA,ENJ0ba600b45d1cBR
PNL296584AA,ENJ7104cd4306edBR
PNL683580AA,ENJ915e32d04c82BR
PNL725260AA,753506626
PNL684135AA,793558705
PNL469061AA,ENJ604cd596cb59BR
PNL375145AA,ENJ83343418766bBR
PNL435986AA,ENJb372f0216cbcBR
PNL151512AB,ENJ7042431c144fBR
PNL630611AA,ENJ4019fb738040BR
PNL745666AA,ENJ2b9e7720d0beBR
PNL693151AA,ENJ9f69bd1b6392BR
PNL184551AB,ENJ4b9ace84274cBR
PNL683538AA,ENJ9ff14bbf221fBR
PNL686081AA,ENJ4cdec9ef0795BR
PNL870261AA,ENJ44088aa02574BR
PNL909443AA,ENJ7ffa739b7c30BR
PNL737959AA,ENJb37ab5f7d97fBR
PNL084521AA,ENJf2a0b7d646c4BR
PNL851423AA,854619881
PNL845682AA,ENJ99c8158b2b79BR
PNL526002AA,ENJe7e339b24691BR
PNL847831AA,ENJc9968f8d24f1BR
PNL704812AA,ENJec23b5c7d651BR
PNL581296AA,ENJf9144ccddcdeBR
PNL586737AA,ENJ4adbbe547f0eBR
PNL664660AA,ENJe32154bda8f6BR
PNL100059AA,ENJ67fef3d8d8efBR
PNL920276AA,140998319
PNL885773AA,ENJ17431d1de52aBR
PNL606299AA,ENJ61107afefba8BR
PNL654512AA,ENJc520a9ed3589BR
PNL866946AA,ENJ75765fa9b94cBR
PNL622789AA,ENJ25ef9dccd5bdBR
PNL039616AA,718508927
PNL731538AA,535671238
PNL183057AB,ENJbc04f1b938cbBR
PNL693139AA,ENJf7704ce7a040BR
PNL026618AA,ENJ0ad7d2038efeBR
PNL747356AA,ENJd5a77c4d7920BR
PNL683509AA,ENJ33daabbefcf2BR
PNL852156AA,ENJa879eb4d3c25BR
PNL537923AA,ENJb2012b992082BR
PNL350413AA,ENJe627fdb74114BR
PNL606312AA,587450839
PNL696184AA,945144057
PNL626880AA,ENJb50f8b8b4e68BR
PNL713285AA,ENJab541dc26278BR
PNL167935AB,ENJf79309416e11BR
PNL299200AA,ENJa1f0a2cb6a91BR
PNL184549AB,ENJ8c7c405efeabBR
PNL838272AA,ENJ332e212ded89BR
PNL709437AA,660332310
PNL254817AA,229718226
PNL699692AA,ENJed44902b972cBR
PNL637611AA,ENJ683077b3d5f9BR
PNL747333AA,ENJe04a155f4c3aBR
PNL666732AA,ENJ31de524eb85aBR
PNL537924AA,ENJ10a7bbc96646BR
PNL683514AA,880749350
PNL830478AA,ENJ1625c73275fcBR
PNL868838AA,ENJ0e3196fcb634BR
PNL111487AA,ENJ7822207fa492BR
PNL698692AA,ENJbdf810f80028BR
PNL837537AA,ENJ314018161842BR
PNL664669AA,394836459
PNL473785AA,ENJ06634b712fe8BR
PNL847846AA,ENJ64516e4d6a90BR
PNL855185AA,ENJdb0c5f91f154BR
PNL167923AB,757419941
PNL905306AA,ENJ8f4392e34c21BR
PNL866987AA,ENJ2e674bd0da83BR
PNL679545AA,ENJ88b6e153f79eBR
PNL951562AA,ENJ9c56c55364a4BR
PNL849676AA,ENJ1774e5b065ffBR
PNL084520AA,ENJ88a2a15eb5a9BR
PNL711245AA,ENJd047e28f6dacBR
PNL924199AA,ENJ1d9b80065ba7BR
PNL524228AA,ENJc9ace0fd28b0BR
PNL709465AA,ENJcaf4aa4a4353BR
PNL885774AA,156015223
PNL598947AA,927918307
PNL974496AA,ENJ62770cefa5acBR
PNL895903AA,ENJ550f6a77e723BR
PNL628871AA,ENJ76a0b88d0aebBR
PNL527349AA,ENJde5ae0e8c4e6BR
PNL698754AA,699018162
PNL251661AA,ENJa8b541c07c10BR
PNL864108AA,ENJc7b069b13526BR
PNL469059AA,ENJcdf92c325cd8BR
PNL664747AA,ENJe736f04104ffBR
PNL600760AA,ENJ5e47297f6749BR
PNL851411AA,ENJc1e6f1f45425BR
PNL838505AA,ENJ07b1d76c1aa4BR
PNL697516AA,ENJ1c5ef115651eBR
PNL675475AA,ENJabd125181345BR
PNL882407AA,ENJ8741f2df1b9aBR
PNL173014AB,ENJd2214728dd54BR
PNL922199AA,ENJ805ef6801d6aBR
PNL518209AA,ENJ2340dfb48d8cBR
PNL586756AA,ENJ81cf181925beBR
PNL527426AA,755582602
PNL910026AA,156754384
PNL636638AA,ENJ1d27b52dd24fBR
PNL893024AA,ENJf6f8b28cd204BR
PNL851490AA,ENJfc6d81f5bf4bBR
PNL524268AA,ENJ1d8a26b89e83BR
PNL654563AA,ENJ0e237d6478beBR
PNL896291AA,ENJbac0ec9ca57fBR
PNL905356AA,ENJb262fbba6891BR
PNL694744AA,ENJe4988d530c91BR
PNL710047AA,ENJba0035319cccBR
PNL183641AB,ENJfefcdddf183bBR
PNL179015AA,ENJ3937cacd1868BR
PNL924228AA,ENJ4281157319ddBR
PNL897082AA,ENJ4f1c36e4b8adBR
PNL836260AA,ENJa673963d2974BR
PNL454677AA,ENJ11384a116818BR
PNL845782AA,ENJab6c3c025eabBR
PNL187515AB,ENJ366c2173c38bBR
PNL843008AA,ENJbb1590209c98BR
PNL537351AA,ENJc45e9dd4b242BR
PNL740728AA,285975559
PNL098449AA,ENJ2d697e8ee6caBR
PNL699776AA,ENJ2b1b58540f1bBR
PNL177091AB,60091196
PNL710031AA,ENJ36ef47cbf28fBR
PNL718065AA,678317069
PNL838366AA,ENJ6d77a4eafb29BR
PNL206066AB,ENJ38a918ed9a34BR
PNL545485AA,ENJ4dbe8847ac2dBR
PNL689031AA,ENJf18283238cf8BR
PNL891305AA,ENJfd2d624d7c18BR
PNL188826AB,838795479
PNL713312AA,ENJ1f2666f7de34BR
PNL260731AA,ENJe3954d83bb3fBR
PNL868073AA,ENJeb741ce2c166BR
PNL879199AA,ENJ8592a2ef9685BR
PNL171798AA,ENJ297370c66f1bBR
PNL026660AA,ENJf08079a766c7BR
PNL710064AA,628808463
PNL838369AA,ENJ978e289e359bBR
PNL180058AB,ENJ602cff033b9aBR
PNL179023AA,ENJ4b67d9816daeBR
PNL896284AA,ENJ5da400ed0012BR
PNL852170AA,ENJ66635e00329cBR
PNL299265AA,42311779
PNL885817AA,ENJ79eec63a7f87BR
PNL180062AB,ENJ5838ab2fb945BR
PNL100073AA,ENJc52b1a1179e6BR
PNL661049AA,ENJe46542ab7c35BR
PNL879202AA,106771274
PNL482599AA,ENJe442d6eb06d4BR
PNL726683AA,ENJa244d86f1f43BR
PNL102677AA,ENJ115c908ef3e3BR
PNL171802AA,71311451
PNL921648AA,ENJ0985394b8a73BR
PNL690692AA,ENJcc1903bacdb2BR
PNL680165AA,ENJ251d9ad17549BR
PNL151540AB,ENJ41dc856d1dbdBR
PNL868039AA,ENJ851497b9326eBR
PNL924236AA,ENJb2040d788e9cBR
PNL026620AA,365446024
PNL896203AA,ENJ6b1e378c9386BR
PNL893011AA,ENJ955f67470e99BR
PNL527335AA,ENJfc14cafac93bBR
PNL380809AA,ENJ7f81ca2b34bcBR
PNL906981AA,ENJ893cedc732f6BR
PNL628858AA,ENJ6419d737b0bfBR
PNL837510AA,ENJ2daf2f07e07eBR
PNL542031AA,ENJ56c6bee00502BR
PNL171780AA,ENJ7b7dd08c1ba2BR
PNL659090AA,ENJe41f4176b011BR
PNL879147AA,ENJb0a0caebf8b6BR
PNL451064AA,ENJ44d94630c27fBR
PNL974385AA,ENJc2cbc46f7a52BR
PNL882613AA,ENJ6faa0eb7c5c5BR
PNL668268AA,ENJ5533542d54c6BR
PNL454106AA,ENJa5d343a190b5BR
PNL869363AA,ENJ33324ac0dfe9BR
PNL866953AA,626541939
PNL664629AA,776124853
PNL650605AA,ENJab87074dfac8BR
PNL187352AA,ENJcc38d7dd3422BR
PNL237976AA,ENJe3bdfda67fb3BR
PNL902070AA,ENJ1dc5592d6d7eBR
PNL745664AA,571185229
PNL160597AB,ENJa3a0b494dceaBR
PNL740640AA,ENJ3c8087e5425fBR
PNL852152AA,76890835
PNL732542AA,ENJ15c789d2471eBR
PNL698693AA,443541717
PNL910731AA,ENJaf0aa8d4475cBR
PNL219176AA,ENJb79aa6c183a9BR
PNL188787AB,ENJ6c62c25ca1a8BR
PNL645532AA,ENJ887292eb86c4BR
PNL180011AB,ENJ25ca746acd82BR
PNL174745AB,ENJ7987cd8c6726BR
PNL690672AA,ENJ678b7808c9e3BR
PNL497374AA,ENJ32d581f70aafBR
PNL913243AA,ENJ896d765b3cf4BR
PNL740630AA,ENJ28d60dbec666BR
PNL295696AA,ENJf04d17dbb07cBR
PNL408352AA,ENJ9bc9a6e095d3BR
PNL891650AA,ENJ0ffde4f81b5dBR
PNL915130AA,ENJ315388643c65BR
PNL666706AA,ENJf2fbe3de270bBR
PNL524216AA,ENJe35cc86a3974BR
PNL845698AA,ENJ0eba7079417cBR
PNL909388AA,ENJeb210cf96accBR
PNL537288AA,ENJcfa02cc3c8b0BR
PNL640659AA,ENJ45c843a91e2bBR
PNL172101AB,ENJ8eddb7445869BR
PNL638282AA,ENJ935c78e59d74BR
PNL649063AA,ENJ37f8ec4c6d5bBR
PNL674521AA,ENJ745bc2d73eaeBR
PNL731222AA,11918068
PNL628840AA,ENJaae4adba4006BR
PNL745656AA,ENJc4d44c4c7b54BR
PNL514942AA,ENJbc4d7be4e386BR
PNL524233AA,ENJ9acfbc7da854BR
PNL416935AA,ENJ8f43537dbd74BR
PNL866994AA,234178364
PNL166131AA,ENJ3bcbcd49db44BR
PNL686109AA,ENJ2dad53da2508BR
PNL138766AA,ENJ70404c23f55fBR
PNL680668AA,ENJ27dbd86c5baeBR
PNL882000AA,879251492
PNL724594AA,527408519
PNL622827AA,ENJd666ccde7f3fBR
PNL693672AA,ENJef51ee73f6bbBR
PNL638297AA,ENJ66b87f058c0cBR
PNL477352AA,ENJ9c50bce153c0BR
PNL371465AA,ENJaee4d9214854BR
PNL524269AA,276700192
PNL378289AA,ENJ9aef91c5b36aBR
PNL884007AA,ENJ47b21d69c2d9BR
PNL626936AA,ENJd5c2c82d73d1BR
PNL563490AA,ENJ253ef37f3c7cBR
PNL827537AA,ENJcb61ef945d99BR
PNL698798AA,694100203
PNL177083AB,175108382
PNL524289AA,40182212
PNL193622AA,ENJ84062b2f3e2fBR
PNL705678AA,ENJ7c2b90aedd9dBR
PNL100070AA,ENJ2e4d40d7746aBR
PNL864164AA,ENJ77b20f38224fBR
PNL880502AA,ENJ8aa3e69a06d6BR
PNL527404AA,ENJ23a24d6eb675BR
PNL724599AA,831759320
PNL656274AA,ENJc8deab0e186dBR
PNL837727AA,ENJ4df78e112dbfBR
PNL678387AA,273929329
PNL387228AA,ENJ68979d7acdb6BR
PNL920299AA,931286155
PNL151574AB,ENJ6968826fca58BR
PNL699744AA,ENJ2c7cb74e5c4eBR
PNL868880AA,ENJ1c947c5518ccBR
PNL105346AA,ENJ4f44139c412dBR
PNL563488AA,ENJe2ede677d6dcBR
PNL184668AB,ENJbb1e7a49e4a1BR
PNL731244AA,41021726
PNL454660AA,ENJ6eda346775dbBR
PNL172145AB,ENJeb6c88a5747aBR
PNL718057AA,731202513
PNL664823AA,456528442
PNL606337AA,ENJ07050f5ae308BR
PNL459004AA,ENJ516de31c2e2bBR
PNL869440AA,ENJ8d72fcf4c8bbBR
PNL834060AA,ENJ0e1301b308a5BR
PNL679596AA,ENJd22100fdb0f2BR
PNL003467AA,ENJ3ca26d6f216aBR
PNL160684AB,439233452
PNL855314AA,21659450
PNL661060AA,ENJ9472ddf0e192BR
PNL920302AA,ENJ107842c7eee8BR
PNL847378AA,ENJ469327ab4b6cBR
PNL683597AA,ENJ7bd57f47caeeBR
PNL563491AA,ENJ7adf40501532BR
PNL454674AA,ENJeab5adbb88aeBR
PNL637627AA,ENJ82838235a4a2BR
PNL924247AA,ENJ1ec7cdc4885fBR
PNL204548AB,ENJdaa6220e838aBR
PNL454137AA,ENJ5b22de76d508BR
PNL206045AB,ENJ92eb2ead247bBR
PNL431606AA,ENJb246d0140361BR
PNL705642AA,419580951
PNL726703AA,ENJd10f77315710BR
PNL260729AA,ENJ727caf2d304eBR
PNL837721AA,ENJ632fb7276c14BR
PNL619099AA,415890213
PNL167990AB,278489362
PNL106807AA,ENJ9c98dbaf7812BR
PNL684831AA,973507496
PNL648274AA,ENJ9e9c7bbd6109BR
PNL885778AA,ENJ0eca8a4144b6BR
PNL112142AA,ENJf3bbb71e2bc9BR
PNL838268AA,ENJ2a183b6c0d06BR
PNL098392AA,ENJ573dbb9aad42BR
PNL838295AA,ENJ60313d1d2acbBR
PNL374258AA,ENJ73c60d455cf2BR
PNL704824AA,ENJ3702dd0c23bcBR
PNL855193AA,649989845
PNL675484AA,ENJcc911d7bbf21BR
PNL676262AA,194973804
PNL183583AB,ENJ1255d2b4f806BR
PNL745661AA,ENJ7211da5c2057BR
PNL869377AA,ENJ1d1143c6f8a0BR
PNL847833AA,ENJ285d8d761a92BR
PNL914793AA,6487137
PNL851395AA,ENJ4b98f5aaea21BR
PNL866945AA,ENJ017aecec4155BR
PNL537315AA,ENJb9703d46ae64BR
PNL138772AA,ENJade7aa2cc099BR
PNL750388AA,ENJ900a8a34b720BR
PNL112565AA,ENJ8aa266057dcbBR
PNL675468AA,ENJ29fe9ae42124BR
PNL866963AA,804236048
PNL683508AA,ENJe441c5b3dab1BR
PNL098399AA,ENJafa5ad7cc356BR
PNL855170AA,ENJ08e80d63fba8BR
PNL437377AA,ENJd04eadcf4735BR
PNL921316AA,ENJfc283f8d9b51BR
PNL178419AA,ENJ5778f22e592dBR
PNL514970AA,ENJ5883972b4a11BR
PNL924188AA,219109535
PNL666664AA,ENJ6f27ae4eadd3BR
PNL885780AA,ENJ8472507ddc7fBR
PNL666658AA,30182406
PNL673067AA,ENJ5e43da184a7bBR
PNL698753AA,ENJ1cb0c049c677BR
PNL184574AB,ENJd7fa88a43c36BR
PNL678361AA,ENJ04bac1668e8fBR
PNL193895AA,ENJbc2b0d25ae9aBR
PNL105320AA,ENJ10e866eee509BR
PNL868868AA,ENJabd2455d8e53BR
PNL896221AA,ENJc6afb3115882BR
PNL097981AA,ENJ6f69f9a7e6f1BR
PNL679537AA,ENJ9409804890deBR
PNL750360AA,255815221
PNL391762AA,ENJ2273110a101dBR
PNL698698AA,ENJe44cd7d59627BR
PNL251666AA,ENJa13f7fdc45f9BR
PNL632889AA,ENJfad6e5b092c8BR
PNL851383AA,ENJ989c4b150da7BR
PNL921632AA,666076318
PNL219186AA,ENJ41d5911db47bBR
PNL160707AB,ENJ1852b14c3e56BR
PNL527429AA,ENJ7c52b852c836BR
PNL836258AA,ENJdf25ae6896e8BR
PNL628896AA,ENJa609fd138921BR
PNL906242AA,ENJe1ff15ec420dBR
PNL649102AA,ENJ6405010d6540BR
PNL705561AA,391228750
PNL664634AA,360069186
PNL673783AA,ENJ8fdf45c85a07BR
PNL644813AA,ENJd8c0170a92c7BR
PNL698676AA,14851590
PNL737947AA,ENJf90c53ca72eaBR
PNL725250AA,514937591
PNL204515AB,ENJ9fcfc7cb172bBR
PNL924216AA,ENJac1ffaa73d32BR
PNL560319AA,ENJc5a3c0144086BR
PNL750418AA,ENJf1388a25a47aBR
PNL740639AA,ENJ650dfc7c9538BR
PNL809020AA,ENJcb711e95fdf2BR
PNL675470AA,ENJ5d16d910c8baBR
PNL202824AA,ENJ8bfedd8e6e20BR
PNL896666AA,ENJc6dbc8c39a9bBR
PNL527360AA,577205452
PNL747398AA,ENJ975a503b5e80BR
PNL172127AB,ENJ148477228c9dBR
PNL449378AA,ENJ4b15512ed73eBR
PNL661856AA,ENJ38bad1e523a9BR
PNL661026AA,ENJ06c8d43ec51eBR
PNL204506AB,ENJ90953e3c42c5BR
PNL178420AA,ENJa321df0ce34aBR
PNL455760AA,ENJba6097c197adBR
PNL174723AB,ENJe40030d4c819BR
PNL878929AA,ENJ7533bd7a582aBR
PNL628821AA,ENJ4185e2a440beBR
PNL596137AA,ENJ2b779a1eb833BR
PNL838273AA,ENJac1233c455afBR
PNL887096AA,122153069
PNL596136AA,ENJ75882b7e95b5BR
PNL174738AB,ENJ362940b62acfBR
PNL713297AA,ENJcc13a39f3165BR
PNL684772AA,ENJ7e551b4c61faBR
PNL622796AA,ENJbd0d24648795BR
PNL691009AA,195624145
PNL847830AA,ENJe3709414cd16BR
PNL637605AA,ENJ7ad0f13b1bbaBR
PNL726630AA,ENJ491de9f43e94BR
PNL084513AA,ENJd1d57e4cbf2fBR
PNL414151AA,ENJd171bf400fa4BR
PNL626882AA,ENJb1cf9f9c3cd1BR
PNL870297AA,ENJ395d9e480fdbBR
PNL737997AA,ENJ79fd92acd28eBR
PNL218852AA,ENJc25234666347BR
PNL527342AA,ENJ56e255f3b26aBR
PNL084015AA,ENJf4b89fc811ffBR
PNL664640AA,ENJa72592b8d1e1BR
PNL714860AA,439713491
PNL910736AA,ENJec2ee2cccc73BR
PNL705524AA,ENJ098a6153fae8BR
PNL896211AA,ENJ1a50fa5833e4BR
PNL546332AA,ENJ6307fadc324eBR
PNL626885AA,ENJ1d23bfd38f3aBR
PNL869367AA,ENJc9d2fac04888BR
PNL922614AA,870882694
PNL289363AA,ENJ110be950136dBR
PNL668270AA,873148788
PNL836245AA,ENJd00229546917BR
PNL855192AA,433981796
PNL183054AB,ENJee11db588a7bBR
PNL732546AA,614189533
PNL740651AA,ENJdde442bc3c23BR
PNL184564AB,869439539
PNL683602AA,493239583
PNL673815AA,ENJa168d438573dBR
PNL596177AA,ENJ31be4ab045adBR
PNL674542AA,ENJ9745452ff752BR
PNL646045AA,ENJeb55fe0f9d18BR
PNL893027AA,404557587
PNL026645AA,651751398
PNL527424AA,194208494
PNL664773AA,ENJ7ee3015f8d88BR
PNL834073AA,ENJ271c6a2defe2BR
PNL718068AA,ENJ19a6b401dca7BR
PNL664810AA,ENJ7e8a0069057eBR
PNL837728AA,ENJ59c999c5ce84BR
PNL803758AA,ENJ784ae897eba7BR
PNL666778AA,946814047
PNL187390AA,945627845
PNL718053AA,ENJ9781a91717e8BR
PNL160678AB,ENJ473c42704d00BR
PNL710026AA,651297909
PNL666775AA,ENJe3104016f63dBR
PNL682621AA,722674735
PNL691077AA,ENJa984dfbbbd80BR
PNL382260AA,ENJ20d9d836a893BR
PNL838335AA,ENJ2800dbcb820cBR
PNL600785AA,932123164
PNL545475AA,ENJ4514a0b1f3b4BR
PNL116731AA,ENJce330b5b2ae9BR
PNL042831AA,ENJ15317cb7e7bdBR
PNL619109AA,ENJ75d22c0c9e4cBR
PNL683625AA,ENJa8522e90acf2BR
PNL435988AA,ENJ18dfc763df50BR
PNL600784AA,80859121
PNL160677AB,ENJb49ab856bff3BR
PNL084051AA,ENJc70e01829affBR
PNL515746AA,ENJ283388003892BR
PNL920855AA,ENJ65910c5a33a9BR
PNL838348AA,ENJ5d010672a23eBR
PNL666827AA,509323467
PNL699748AA,ENJ72f7d079fb49BR
PNL680188AA,ENJ509d103a630eBR
PNL381737AA,ENJ42881c3c62ebBR
PNL664770AA,ENJc6875aa6adfdBR
PNL740753AA,ENJed0b881b8fecBR
PNL845808AA,ENJ8ade80968d39BR
PNL649087AA,ENJ2f9e78b7f0a3BR
PNL859005AA,ENJaa77466fdadbBR
PNL834069AA,ENJ201f94c452a4BR
PNL691087AA,213711369
PNL951590AA,ENJ4b5d0e4d5418BR
PNL084543AA,ENJe538aabb7734BR
PNL527430AA,ENJc7e5b376fc30BR
PNL855270AA,964170039
PNL681021AA,78279767
PNL705648AA,271961389
PNL897263AA,599609841
PNL691071AA,ENJb479093cee45BR
PNL606339AA,ENJ9d8574cc1024BR
PNL803750AA,ENJ4481b9dbddffBR
PNL026653AA,ENJ8b50d1d8a66bBR
PNL693649AA,ENJ9a4928a7665bBR
PNL879151AA,ENJd86f5e02eebaBR
PNL414152AA,ENJ60d1cdfee481BR
PNL864096AA,384836620
PNL845659AA,ENJd8d8dac26f1fBR
PNL174783AB,ENJ4b92320598e4BR
PNL864137AA,603109097
PNL698688AA,ENJd0cdb643da70BR
PNL830913AA,ENJ398a1e666636BR
PNL801511AA,ENJf948aea2b816BR
PNL628798AA,ENJa307a499c7f0BR
PNL038250AA,ENJbf48d1558965BR
PNL830481AA,ENJ966a240ed60eBR
PNL666672AA,ENJ57dde02fb18fBR
PNL896665AA,532462307
PNL659091AA,ENJaf7fa41f4190BR
PNL487482AA,ENJ18198d061f0aBR
PNL596124AA,ENJa884d09526b6BR
PNL184632AB,ENJ7dfb0960f440BR
PNL678350AA,ENJa6feeb2d8d08BR
PNL724578AA,ENJ58f5b53dfa11BR
PNL869346AA,ENJ3d7a0e2c06c3BR
PNL698683AA,ENJ5baf281810e7BR
PNL183608AB,ENJ76a89c92b111BR
PNL711251AA,ENJ155c8fb39093BR
PNL356375AA,ENJ08c0f64db974BR
PNL827508AA,ENJ59bab1b13f31BR
PNL622782AA,920460138
PNL852146AA,ENJ2dd55c612c7bBR
PNL084516AA,ENJd0fcd283ac4fBR
PNL855210AA,40273873
PNL740627AA,141435879
PNL874510AA,ENJfac145dd3530BR
PNL737956AA,ENJ57555d8e0339BR
PNL851406AA,ENJ89119b67727fBR
PNL193923AA,ENJ7f8f2c5077f4BR
PNL160613AB,ENJe3b60917d763BR
PNL606309AA,ENJ528970711f9aBR
PNL294627AA,ENJd1cd33f85436BR
PNL913246AA,ENJd4a18a3181eeBR
PNL525955AA,ENJ0ebace5d3375BR
PNL104513AA,ENJ3f7818149a7eBR
PNL193921AA,ENJ88605be11ac2BR
PNL911692AA,ENJ1e8e3c712f91BR
PNL661927AA,ENJ3b2c01531371BR
PNL914785AA,ENJcf8fbd1ae66aBR
PNL111474AA,ENJ9ef95bf6517aBR
PNL893013AA,39815388
PNL216812AA,ENJfed0a560fa31BR
PNL516623AA,ENJ1b064c77b666BR
PNL102672AA,ENJc68c4183a354BR
PNL112570AA,ENJbb2057269961BR
PNL187357AA,ENJe4bdfb36788fBR
PNL106804AA,ENJ19bd9d9aa5deBR
PNL440170AA,ENJd606d930fe4aBR
PNL696175AA,158954682
PNL911693AA,ENJ71c8a4558960BR
PNL515716AA,ENJa1a1086dd43aBR
PNL834001AA,ENJd4bb33859e0cBR
PNL702488AA,790439593
PNL636629AA,ENJc198854c9be0BR
PNL731221AA,951290335
PNL195942AA,71469204
PNL251660AA,ENJ2be273708c89BR
PNL628808AA,ENJ0d7487a6d78cBR
PNL237977AA,ENJe7dc2b182817BR
PNL299202AA,ENJ7cbe8781ab66BR
PNL543807AA,ENJ75229865ba97BR
PNL686096AA,ENJ0d066e0a9ad6BR
PNL160599AB,ENJ077bd339f900BR
PNL896659AA,495996608
PNL830452AA,ENJf6a14e51154cBR
PNL494382AA,ENJ94a9b5a19701BR
PNL166124AA,ENJ14dca030f85eBR
PNL107074AA,ENJ1aa7e00a8684BR
PNL628887AA,ENJ52472b5ddf6dBR
PNL537339AA,ENJ9e3db6b18193BR
PNL167979AB,750895094
PNL545470AA,ENJf32d84b85a03BR
PNL726672AA,240620050
PNL698784AA,ENJa99e88013be1BR
PNL664772AA,ENJ13cb854e40c3BR
PNL834062AA,ENJ6148d94dabeeBR
PNL537958AA,ENJ124edb38446bBR
PNL910025AA,254228177
PNL684832AA,ENJ96f57179259eBR
PNL664809AA,977478675
PNL726677AA,ENJ5ffa7b9f586cBR
PNL705660AA,ENJ24391baf62beBR
PNL299251AA,ENJ7275609daa68BR
PNL869481AA,ENJ95ca43e36eddBR
PNL638298AA,ENJ9581a9038e46BR
PNL377834AA,ENJ4a8ca40fc2c4BR
PNL182125AB,ENJe875a433ed70BR
PNL691082AA,ENJa38811e882f0BR
PNL876050AA,ENJ4652c5710f97BR
PNL855274AA,ENJ30ab4546a7cdBR
PNL923223AA,305521276
PNL808009AA,ENJ28ac0fe55583BR
PNL710033AA,919443058
PNL869487AA,ENJee953e852c69BR
PNL742506AA,125459224
PNL574880AA,ENJc6dbda7b1bf4BR
PNL188832AB,ENJ0d05219f58e4BR
PNL188809AB,756670991
PNL661052AA,ENJcb21fe6362f5BR
PNL704842AA,ENJ6e67cdb94432BR
PNL705654AA,ENJ465c32bd3b6aBR
PNL527408AA,ENJ7ea24fd686b7BR
PNL680182AA,ENJe1e22eed3da6BR
PNL893025AA,297746590
PNL166162AA,146889826
PNL177093AB,804739864
PNL709502AA,ENJ7abf34dd89a3BR
PNL160648AB,874563303
PNL906212AA,ENJa7a43ef7772aBR
PNL882376AA,312112178
PNL711244AA,ENJ72e406bde730BR
PNL116723AA,ENJe6ff05071e75BR
PNL515719AA,ENJ5ee8db0dc095BR
PNL687632AA,384420652
PNL299184AA,441043664
PNL167917AB,977975179
PNL699688AA,ENJ137a090d84a7BR
PNL855207AA,ENJa3dfabb58b19BR
PNL590779AA,ENJ7a3ac38800ceBR
PNL877572AA,ENJ8951f70fa3e1BR
PNL299180AA,309949291
PNL882363AA,234875583
PNL590782AA,ENJ63f963eeea4eBR
PNL731537AA,ENJ512e4092564aBR
PNL193851AA,ENJaf67f56363cdBR
PNL679553AA,ENJ537c9e0c7affBR
PNL189369AA,ENJ4085383566eeBR
PNL740590AA,ENJ1e1170c653f0BR
PNL649022AA,ENJ381dd138cac1BR
PNL463340AA,ENJ07132869313aBR
PNL704834AA,ENJf98d71cbf6e1BR
PNL914807AA,ENJ348d0291f21aBR
PNL974436AA,ENJ48157d882164BR
PNL920271AA,ENJc9e51ec40405BR
PNL906964AA,583520471
PNL527336AA,967959470
PNL680670AA,ENJ309f1abcecabBR
PNL540260AA,ENJ6d77f0e41586BR
PNL100062AA,ENJ567379114940BR
PNL289373AA,ENJ7e3f0041ff8dBR
PNL650611AA,474441616
PNL869336AA,125989064
PNL693134AA,ENJda94e2244f36BR
PNL424159AA,ENJ395f70610b2cBR
PNL673070AA,201585896
PNL705609AA,ENJ006ecaad7bd7BR
PNL737937AA,443173374
PNL160007AB,ENJa3adc8ae596aBR
PNL630579AA,ENJ78adc76d142cBR
PNL868836AA,ENJ3c007bb72f05BR
PNL167932AB,ENJ9ffc07cfaa8aBR
PNL686625AA,783784163
PNL666708AA,ENJ23c2487719e0BR
PNL691039AA,ENJ03acbc6684a3BR
PNL629653AA,ENJ97aecf39982dBR
PNL299186AA,ENJ0a8042b4be7aBR
PNL737975AA,ENJb0e3841ddcceBR
PNL896201AA,ENJ821c4476c67bBR
PNL111477AA,ENJc5c261c0be04BR
PNL363425AA,ENJ6ce13c914461BR
PNL251222AA,857107325
PNL666759AA,ENJ64be5f69472fBR
PNL451069AA,ENJba769af86151BR
PNL151556AB,ENJ1ba32e47d9ecBR
PNL905346AA,266702251
PNL393692AA,ENJ08b38ee31a79BR
PNL470890AA,ENJb957a923370dBR
PNL084048AA,ENJa43d143e86c6BR
PNL458247AA,ENJ66a2a1243407BR
PNL666753AA,822312513
PNL606343AA,509290070
PNL465892AA,ENJ17a1080da4a5BR
PNL702975AA,996895611
PNL605450AA,ENJ138999bd5a62BR
PNL830468AA,ENJa24f3496d3deBR
PNL183590AB,ENJ2bad1613408bBR
PNL598939AA,ENJf93d231d73fcBR
PNL084030AA,ENJdd4184474d24BR
PNL289359AA,ENJcfc1b398ada7BR
PNL461135AA,ENJ7f58bc455485BR
PNL638287AA,ENJ6e375f478c4aBR
PNL747380AA,ENJfddc71e08a59BR
PNL974383AA,ENJ023fd37eb603BR
PNL834014AA,ENJ502393022e13BR
PNL600757AA,ENJcfaf13569dfdBR
PNL836216AA,ENJc7e97956382bBR
PNL486124AA,ENJab54dbc41802BR
PNL726610AA,522524300
PNL674508AA,72703558
PNL656261AA,ENJ31a15f494f3dBR
PNL705515AA,ENJ504799ca7672BR
PNL102663AA,ENJ631b900a599cBR
PNL167929AB,754612868
PNL709443AA,ENJ70f02a09b60dBR
PNL057925AA,903931616
PNL545439AA,ENJ8bc6217009b0BR
PNL235405AA,ENJe3ca05263cbfBR
PNL410965AA,ENJ9a01b5671a02BR
PNL747332AA,ENJdfee2e67e929BR
PNL382254AA,ENJac64d9d597cbBR
PNL887072AA,ENJc409e77cd9e4BR
PNL870276AA,634587222
PNL251667AA,165288650
PNL632888AA,ENJ8e3ea080bf17BR
PNL638278AA,ENJ1dea48cb1ffcBR
PNL974459AA,ENJeaccd2c52e9eBR
PNL351403AA,ENJacfcd4a59a51BR
PNL204522AB,ENJ52628fcd9706BR
PNL666737AA,955367194
PNL527367AA,ENJba8bcfcdb5d0BR
PNL803732AA,ENJ6b9be12679e1BR
PNL686113AA,ENJb815dee3cadaBR
PNL057923AA,631495855
PNL454635AA,ENJ89f476176e05BR
PNL637610AA,ENJcd800a14df1bBR
PNL909411AA,ENJeec9330be0e5BR
PNL750403AA,814845434
PNL682592AA,ENJ48a2b64a8f15BR
PNL726647AA,319557488
PNL847832AA,ENJd6036cb5583aBR
PNL877548AA,ENJc2f3558ed009BR
PNL920265AA,ENJ2471364f54b3BR
PNL648227AA,ENJda06ab5d93f8BR
PNL437374AA,ENJ360b0604da9bBR
PNL600426AA,ENJ5a5fb714912eBR
PNL160605AB,ENJ1fc0821eed65BR
PNL684782AA,298702014
PNL606308AA,ENJ4dbeb512640dBR
PNL242296AA,ENJ4e9481e89ef9BR
PNL709451AA,ENJac6948e54b4cBR
PNL838280AA,ENJef23d40a9290BR
PNL847347AA,ENJcda36549c5ccBR
PNL495953AA,ENJec2d01df7be3BR
PNL605454AA,ENJ464d06974affBR
PNL830944AA,ENJc8ede92a5fa3BR
PNL264202AA,ENJ4470a11a5dc4BR
PNL102667AA,ENJ2bc7b061ff3cBR
PNL236819AA,ENJc9b61b2455f3BR
PNL830467AA,ENJ0f0839c06024BR
PNL454108AA,ENJ05313bafacdcBR
PNL183575AB,ENJde56799c4874BR
PNL367760AA,ENJb9693306377aBR
PNL909429AA,ENJ1082f6a3149bBR
PNL726635AA,ENJ288e590e7666BR
PNL750400AA,ENJ376aa983fe38BR
PNL747395AA,ENJ73ecda0321beBR
PNL161649AB,ENJ97dd14657155BR
PNL877579AA,ENJ8fdfa95b3b54BR
PNL666651AA,ENJ41855d7a5b7dBR
PNL684834AA,ENJe44a94b5c6f1BR
PNL750445AA,115127475
PNL150684AA,247642539
PNL106856AA,ENJc903989e018bBR
PNL648278AA,ENJb3cda82804c9BR
PNL686188AA,ENJ3483f87c0907BR
PNL188834AB,980938280
PNL915147AA,ENJaf216cd71c77BR
PNL919760AA,ENJb27d7fdc8326BR
PNL628922AA,ENJb551cec1d387BR
PNL364708AA,ENJfb42f3377c9eBR
PNL731247AA,879619014
PNL689028AA,ENJbc9ae379c3d4BR
PNL680700AA,ENJa26d3ac2e25eBR
PNL138777AA,ENJf0ec29faeba9BR
PNL537356AA,ENJb3a335b87d07BR
PNL724309AA,ENJebf476cd9bb1BR
PNL542066AA,ENJ6a823aae1561BR
PNL107076AA,ENJ514a8e783238BR
PNL686635AA,816966292
PNL245109AA,ENJ7494330d4fd6BR
PNL630624AA,ENJ387103c9c7caBR
PNL673806AA,ENJ04ff11b80111BR
PNL105347AA,ENJ883a74610a09BR
PNL905376AA,89987641
PNL632920AA,ENJab8ca03b7359BR
PNL218867AA,ENJ762730cbcd28BR
PNL408437AA,ENJ77ab4f38b8c5BR
PNL869438AA,ENJee2a2d6483d0BR
PNL664800AA,ENJ6c6398aa768fBR
PNL497410AA,ENJ1f21484274e2BR
PNL251227AA,ENJbe10fbbad8a5BR
PNL673812AA,717884748
PNL619117AA,937616768
PNL710041AA,ENJ3cea31a02abeBR
PNL924227AA,449011382
PNL184704AB,693010444
PNL628944AA,ENJ788fafbbf4c1BR
PNL515752AA,ENJ8bacbee9cfc8BR
PNL122645AA,ENJ9c3bd5f5c37dBR
PNL672711AA,ENJd0b99ec454caBR
PNL206076AB,ENJ66c042af79d6BR
PNL654572AA,992072114
PNL654555AA,443637980
PNL869491AA,ENJ2647480e33cdBR
PNL911720AA,ENJ1ec72ee6565aBR
PNL619125AA,ENJd4e20ca3ca4cBR
PNL880503AA,ENJc9cb7a51f5d5BR
PNL202805AA,ENJfc3c33a4b8b0BR
PNL923672AA,ENJ9bbaab501850BR
PNL920268AA,ENJdb8beb7ce43fBR
PNL649062AA,ENJ3e893b5a26abBR
PNL726606AA,ENJea8cf56119cfBR
PNL104514AA,ENJ7be80f13c027BR
PNL527413AA,ENJeeb6371455aaBR
PNL590822AA,ENJdc2179196ce1BR
PNL920797AA,ENJ5a1fc4c5d507BR
PNL039614AA,991006570
PNL845664AA,ENJ04416852da92BR
PNL560309AA,372052533
PNL206005AB,ENJec37f0f90094BR
PNL165436AA,ENJf799d18d77a3BR
PNL090491AA,ENJa59d129bb4c5BR
PNL877296AA,ENJfee26a1ea53fBR
PNL679533AA,454424981
PNL830390AA,ENJe65ca0daf2c2BR
PNL905302AA,ENJ52615ffad5b5BR
PNL847340AA,ENJ7168f667cd99BR
PNL737941AA,ENJaa3ee63cfa56BR
PNL680665AA,ENJ3bc3c0f419bdBR
PNL698744AA,ENJc60feb260149BR
PNL650614AA,ENJe74e7ec3ccb7BR
PNL686112AA,ENJc2684ab1aab3BR
PNL463806AA,ENJ346ccf3665e6BR
PNL184598AB,ENJff7f9543d66aBR
PNL668264AA,212260898
PNL676273AA,ENJ9f8d8ca18e74BR
PNL664648AA,ENJ7b0ef2c3885eBR
PNL974455AA,ENJd3d3cabf0bd3BR
PNL188996AB,ENJ7a71d210904aBR
PNL711248AA,ENJbee0fa91de81BR
PNL498605AA,ENJ506e8344817bBR
PNL851447AA,ENJ4272e76d3d33BR
PNL877596AA,ENJb0b64f278d5bBR
PNL679554AA,321392976
PNL184602AB,ENJ1372e966f32eBR
PNL913236AA,ENJ3eba37625513BR
PNL895902AA,ENJeb34eddd88afBR
PNL869389AA,ENJ1446b64e9365BR
PNL920272AA,908941196
PNL887084AA,ENJb0fd6955e4c6BR
PNL188631AB,469331555
PNL188793AB,ENJ4c0dc2576df2BR
PNL747337AA,ENJe1badc08ba2aBR
PNL648231AA,ENJ1e7b3848d6cbBR
PNL563479AA,635107478
PNL845693AA,ENJ581be713f8b6BR
PNL600749AA,ENJ11696339e7e2BR
PNL219175AA,ENJae327d7260f5BR
PNL672655AA,ENJf7563087dd72BR
PNL726640AA,ENJ0ad296c36609BR
PNL684103AA,ENJ68befaba072aBR
PNL294630AA,848632280
PNL683510AA,ENJd8be994ffd35BR
PNL801515AA,ENJff66c11bb0b2BR
PNL974381AA,ENJd6d4d8fb6183BR
PNL909431AA,ENJ55d61cffff07BR
PNL498602AA,ENJ99b4ee0e3fc4BR
PNL750380AA,ENJ20f8b2356272BR
PNL644816AA,ENJ64e6d69a067aBR
PNL838259AA,ENJ617c5faef75aBR
PNL740650AA,ENJe9a9fedb0565BR
PNL673771AA,ENJ3bae07052540BR
PNL202837AA,ENJea00a28f82f8BR
PNL628815AA,ENJ974de4cac3b2BR
PNL691044AA,ENJ52a5b94ad64aBR
PNL127644AA,ENJ44270a2df57eBR
PNL711252AA,ENJ3e6a06f53eeeBR
PNL683519AA,483852823
PNL098816AA,ENJ6fa04502d1ddBR
PNL915123AA,ENJ5126a0822f60BR
PNL003452AA,ENJb4751163ae30BR
PNL232590AA,ENJ6c4b3f194086BR
PNL921323AA,ENJfdf54646b6d4BR
PNL855230AA,ENJe864397380caBR
PNL891652AA,ENJf31af016a652BR
PNL834019AA,ENJ44c4449c66bdBR
PNL876038AA,ENJa45be545d183BR
PNL112135AA,ENJ8b85421d8c5fBR
PNL299221AA,ENJ053318e30b52BR
PNL666720AA,ENJf1fc01baf482BR
PNL750449AA,ENJ4e801269889fBR
PNL105343AA,ENJ17c1afa12b69BR
PNL726680AA,ENJ31f1e5fb1e7eBR
PNL014730AA,ENJ6b7d3d1c12f0BR
PNL187385AA,671645805
PNL160039AB,ENJbb2576401658BR
PNL599216AA,ENJ68581aabbb99BR
PNL599199AA,ENJ61abb1fa7de5BR
PNL174785AB,ENJe1db5ba3cc82BR
PNL183079AB,ENJb7096748409dBR
PNL619105AA,ENJ5a18750e46dfBR
PNL186328AA,ENJba3e2539714fBR
PNL358086AA,ENJc2bd04a70319BR
PNL628904AA,ENJ46e0274eac7aBR
PNL869458AA,78725922
PNL914832AA,ENJbaf12a3bdc1bBR
PNL891310AA,ENJadb4c6390810BR
PNL410997AA,ENJfdd5460b81e7BR
PNL906234AA,ENJ85b23ff81374BR
PNL179038AA,897323618
PNL690684AA,178717540
PNL921337AA,ENJe1985dabca7bBR
PNL884016AA,ENJ31461dcdcdeaBR
PNL676290AA,ENJd862ae29cb37BR
PNL923222AA,ENJ79d9eebd5cd9BR
PNL104079AA,ENJ3e4d457f6f5cBR
PNL869441AA,ENJf22670881905BR
PNL169375AA,ENJe3a7eba599f9BR
PNL026640AA,ENJe20793ded884BR
PNL589875AA,ENJ8d3b91529374BR
PNL537354AA,ENJ2f9495311a6bBR
PNL686204AA,437905817
PNL680176AA,ENJcc0bed93fa43BR
PNL195952AA,451871609
PNL920314AA,294632262
PNL673084AA,ENJ391af85c81acBR
PNL710046AA,ENJ730c3965ba22BR
PNL913303AA,ENJdc88c2824fffBR
PNL650636AA,ENJ1a098b887153BR
PNL698811AA,ENJd4638ee5efdcBR
PNL710035AA,ENJ3a39be40fb0eBR
PNL515765AA,ENJ2d787882a833BR
PNL174792AB,ENJc6c4cb6e1219BR
PNL515756AA,ENJ03ad526862cdBR
PNL845788AA,ENJ5c3c4aaf46b6BR
PNL885810AA,677281199
PNL600464AA,ENJa374428f8442BR
PNL515764AA,ENJ6b8a9aa830a4BR
PNL892255AA,575316043
PNL951585AA,ENJ79c34b6adbd1BR
PNL661876AA,384606774
PNL431605AA,ENJ5b6f7e139b23BR
PNL870307AA,609602490
PNL808010AA,ENJb999b3605274BR
PNL219189AA,ENJb4ddde7433bfBR
PNL905357AA,ENJab832906aa5cBR
PNL855298AA,954624192
PNL133090AA,369779140
PNL367762AA,ENJc0dc9e2dd53fBR
PNL914844AA,ENJ3cdfb0e1a17dBR
PNL387660AA,ENJd91fe9f3a59bBR
PNL166157AA,315706437
PNL747486AA,ENJ7a6571321decBR
PNL560338AA,ENJafa84d809c59BR
PNL072660AA,500074898
PNL691066AA,ENJ1e37e97ba5b5BR
PNL351405AA,ENJc008e3d0b1d2BR
PNL850313AA,ENJ7da788c68166BR
PNL915135AA,ENJc5cae9145020BR
PNL619045AA,ENJ576e7fbf93caBR
PNL830444AA,ENJ398e558e3aecBR
PNL833995AA,ENJ467887931745BR
PNL664656AA,ENJ75efcd8a8c95BR
PNL454616AA,ENJ7d42f0b52e14BR
PNL106824AA,ENJ7bf55093a440BR
PNL915127AA,ENJdfa712ff162bBR
PNL750393AA,ENJb5e5f36dbf9aBR
PNL524232AA,424356284
PNL596151AA,ENJ6a10bd5bd5b9BR
PNL705537AA,ENJbde383f255f1BR
PNL193915AA,ENJa3dfcc5c0100BR
PNL408379AA,ENJ994790f27cd5BR
PNL514937AA,213453873
PNL836217AA,ENJb845fc2e2e28BR
PNL664643AA,ENJb81e3f2f013cBR
PNL750357AA,ENJ1bde41158e9fBR
PNL596129AA,ENJ535143b154c7BR
PNL897168AA,283255508
PNL868864AA,ENJ15b4680e70c2BR
PNL537292AA,ENJ2d5b211275f3BR
PNL694729AA,ENJ76964bb70ba8BR
PNL537316AA,ENJa9ca4fa9ef5aBR
PNL687285AA,ENJb3295939d347BR
PNL626894AA,ENJ2dac2eab9a9bBR
PNL847829AA,ENJa371569bbc35BR
PNL910730AA,ENJ290e2d4609abBR
PNL830475AA,ENJ84c12acc1d22BR
PNL684798AA,161770535
PNL598953AA,ENJ48b039f9d14cBR
PNL924202AA,762220653
PNL053163AA,796637819
PNL696180AA,817510638
PNL218848AA,ENJ0f9d96663ee2BR
PNL709449AA,ENJb310a6031669BR
PNL097991AA,ENJ39e2acc5812dBR
PNL600450AA,ENJ860c63ad815aBR
PNL698736AA,ENJ6f14427ee3e0BR
PNL750353AA,ENJ036152c553d2BR
PNL527355AA,337427854
PNL674504AA,ENJ168994b5cfadBR
PNL672667AA,ENJe83a5391b972BR
PNL649540AA,ENJ930d55f32ba8BR
PNL866970AA,ENJ0afb5cbb90a2BR
PNL629642AA,ENJe0b8c8e92e5cBR
PNL698685AA,ENJec3ace4797e2BR
PNL190567AB,ENJa9e70815b0eaBR
PNL910020AA,ENJ4157e96cc326BR
PNL025376AA,ENJd20a4974fefaBR
PNL892211AA,184606606
PNL909424AA,ENJc159aeeee8b0BR
PNL026612AA,ENJ9c379d3b2b8dBR
PNL299199AA,ENJ0e1f191cdcdfBR
PNL645561AA,ENJ22ed3894eb3bBR
PNL691084AA,ENJ97b6ba27d0c5BR
PNL684821AA,356054083
PNL183619AB,ENJ5cd1a5e9248cBR
PNL470895AA,ENJd3caf14a3538BR
PNL454684AA,ENJa31c594f28b4BR
PNL922202AA,576430510
PNL636636AA,ENJa344c7740278BR
PNL454667AA,ENJc28bfc03f6a7BR
PNL705635AA,ENJe572367bac94BR
PNL864148AA,ENJ7641b8ced540BR
PNL107063AA,ENJ663963dd8d59BR
PNL886993AA,994644619
PNL167950AB,ENJ211014b14a51BR
PNL184587AB,ENJebd057bf534aBR
PNL098427AA,ENJ1b7d3d07a3d0BR
PNL868826AA,ENJf8a0ea49768fBR
PNL892221AA,ENJ27066e58e35cBR
PNL885776AA,ENJ1fb9ea6884a7BR
PNL408381AA,ENJed152febeef0BR
PNL877283AA,ENJ07f9a48c2f33BR
PNL909409AA,984391590
PNL449382AA,ENJb839f4a6295fBR
PNL160591AB,133424716
PNL675472AA,ENJf3c167913572BR
PNL686119AA,ENJ6fac38631b65BR
PNL693138AA,ENJ4fc29b54972eBR
PNL410978AA,ENJb090d0ef8e68BR
PNL892210AA,ENJbeaaf1868bc4BR
PNL855174AA,ENJ76786c9c0ec4BR
PNL494381AA,ENJ8862a9f90800BR
PNL905292AA,ENJ359690386840BR
PNL356376AA,ENJ3aea766eb9d7BR
PNL167948AB,ENJ39f5ed37530cBR
PNL869359AA,114635206
PNL367756AA,ENJ7aa41f8a4913BR
PNL880447AA,38794659
PNL892224AA,240893976
PNL686110AA,ENJ63c3382b25dfBR
PNL673781AA,ENJ832021d56eb8BR
PNL877566AA,ENJcb9e0bb53d93BR
PNL747407AA,ENJ1e550926239dBR
PNL679543AA,ENJfd6f8be98b13BR
PNL847349AA,ENJec8739fe789aBR
PNL084017AA,ENJ964f89750f3fBR
PNL675467AA,ENJfe5f7b95a06dBR
PNL851393AA,ENJa76667c49d0eBR
PNL836215AA,ENJ40ea36c555e7BR
PNL648228AA,ENJf99bab72490cBR
PNL571586AA,994624562
PNL537944AA,ENJ09071d78e8a5BR
PNL180006AB,ENJ67c85f8153bfBR
PNL590801AA,ENJb3c7f08918e1BR
PNL910738AA,ENJee0e5cb829ceBR
PNL747404AA,ENJ2835dd429b49BR
PNL864109AA,ENJ2aa1d90e9997BR
PNL589864AA,ENJb28419532742BR
PNL204507AB,ENJ7be1486dac1aBR
PNL107036AA,ENJ40dcaf558cddBR
PNL974471AA,ENJeabbb09dee83BR
PNL182087AB,ENJ39fca1ff5c4bBR
PNL105312AA,ENJ3a178f25516dBR
PNL184552AB,115455664
PNL605451AA,ENJccb5e5bc6798BR
PNL732537AA,175149114
PNL204512AB,ENJ064ccba80ac9BR
PNL183569AB,ENJ2f15b1f0dc4bBR
PNL107040AA,ENJe19987190ebaBR
PNL515720AA,355114468
PNL098386AA,ENJe2e9bda53bb2BR
PNL295694AA,ENJaa3db9c99589BR
PNL691018AA,516109003
PNL740676AA,ENJ6beb5c9a5e5fBR
PNL167953AB,ENJfd6718b40054BR
PNL379620AA,ENJf95771af71a4BR
PNL664651AA,ENJ54f2849c995bBR
PNL678339AA,ENJ94238ba01fb2BR
PNL026579AA,ENJe040da207ab5BR
PNL702497AA,ENJa1c9272fb67eBR
PNL877595AA,ENJc0b8d945132aBR
PNL882364AA,ENJ09ec2cf37308BR
PNL525964AA,ENJ462ff336cc07BR
PNL645517AA,ENJc5c4167e2547BR
PNL921626AA,ENJa62872a9af8aBR
PNL188784AB,ENJc676768fd27cBR
PNL974445AA,ENJ0ab2e7e8a59eBR
PNL183564AB,ENJd4e2a595bb35BR
PNL906978AA,ENJ36b7df5b4ce5BR
PNL026590AA,ENJdc86cf6664afBR
PNL877563AA,ENJ147e8bbf10fbBR
PNL732541AA,ENJ4e2d6750fddfBR
PNL381732AA,ENJ674b274e2f36BR
PNL184545AB,ENJ41fcd94a1447BR
PNL648508AA,ENJ756e40d51e3fBR
PNL661979AA,ENJ8883af84f36cBR
PNL845794AA,ENJb0d3e6dc68a9BR
PNL838336AA,ENJ54a970a2846fBR
PNL563486AA,ENJc404d4e9c884BR
PNL188814AB,303184457
PNL160040AB,ENJ150c8f2c1980BR
PNL699747AA,ENJf2327ea8c7edBR
PNL166164AA,932606277
PNL686200AA,ENJf362017faf16BR
PNL638309AA,ENJ1dcc0667de88BR
PNL837672AA,ENJ07ed9d740975BR
PNL160686AB,ENJ880bdf3f0e10BR
PNL864155AA,ENJ92d4915227a1BR
PNL204538AB,ENJ2a67d5c40bbcBR
PNL589878AA,ENJ50f526e85d7cBR
PNL619140AA,ENJ716a11774bf8BR
PNL638294AA,ENJ972ee17680ecBR
PNL630635AA,ENJ4829455bb56dBR
PNL606342AA,ENJ6dec0d5cc1bbBR
PNL543824AA,ENJ146bc3db00afBR
PNL184678AB,ENJ536f74c11411BR
PNL678398AA,ENJ835a07f07010BR
PNL260730AA,ENJ902f0d8f870cBR
PNL187504AB,622882257
PNL299277AA,ENJa88a442d03d6BR
PNL837731AA,ENJ9ad89896be57BR
PNL414165AA,ENJ8630ec4bb28bBR
PNL884034AA,ENJ20421f79a17eBR
PNL179031AA,ENJc0b1e3350669BR
PNL868071AA,ENJ47e071087d25BR
PNL105351AA,ENJ74566fa4503bBR
PNL747489AA,ENJf7c2a47f5a7fBR
PNL524267AA,ENJe1b181fcf102BR
PNL456606AA,ENJb0739cd19569BR
PNL640674AA,ENJd142cc3841a4BR
PNL206102AB,ENJ9e813beb6cccBR
PNL167996AB,ENJ025ed4c4e17bBR
PNL693164AA,612929090
PNL896282AA,ENJd5055ea5526eBR
PNL837680AA,ENJ7ff307942128BR
PNL686201AA,918477689
PNL206068AB,ENJ1189e5f7bfc1BR
PNL837675AA,ENJ767f7e1df3f3BR
PNL527406AA,ENJ7cafff35e3b0BR
PNL527402AA,ENJ4c325af4bdecBR
PNL174773AB,ENJ26a89bbb9381BR
PNL038263AA,787313014
PNL692712AA,ENJe58b6676e498BR
PNL193989AA,ENJ788cc5e626aeBR
PNL630633AA,ENJ021caa358535BR
PNL626930AA,ENJ0b9545ba1861BR
PNL102235AA,ENJ549507c56bd3BR
PNL127654AA,ENJa9402ef07c68BR
PNL026650AA,140434980
PNL666824AA,ENJ6b8d3b951d94BR
PNL381485AA,ENJ5c530dee5b6dBR
PNL696207AA,519712225
PNL907822AA,47429857
PNL104065AA,ENJdd5143d0e26fBR
PNL896225AA,ENJec15fec3586eBR
PNL042811AA,ENJb01aee8489f1BR
PNL256948AA,ENJed9bd8d25505BR
PNL638258AA,ENJ6f58825d1ab9BR
PNL905314AA,449767940
PNL193621AA,ENJ4953561d8da0BR
PNL180046AB,ENJ61319c55406aBR
PNL847863AA,ENJ9e0c44e1e712BR
PNL850306AA,ENJ9aa724c67d2dBR
PNL661925AA,ENJb5b22939f513BR
PNL454625AA,ENJa05a551c3804BR
PNL675503AA,848333258
PNL803711AA,ENJa990ad82bfedBR
PNL299182AA,844891619
PNL598951AA,ENJe86ffbab57c9BR
PNL897163AA,965320235
PNL107018AA,ENJ01708b020748BR
PNL705566AA,ENJ7eb3ca60446dBR
PNL542049AA,ENJ0594854ba31eBR
PNL171784AA,ENJ380c91c77da6BR
PNL159738AA,531507878
PNL897183AA,480415564
PNL678351AA,ENJe0d513a8a147BR
PNL920273AA,ENJ8d2d893c22f4BR
PNL709447AA,293933735
PNL684774AA,ENJc2892035ab96BR
PNL698680AA,ENJ62cb4b50d00bBR
PNL668272AA,ENJ964d05195db5BR
PNL974442AA,ENJb82bee981eecBR
PNL919741AA,ENJba6506817ff3BR
PNL855191AA,738035089
PNL527317AA,ENJ0a0d73e45c12BR
PNL881997AA,ENJd9ebd90e1a7cBR
PNL182116AB,ENJ74fe6e1486fbBR
PNL750390AA,ENJ198828e3d571BR
PNL692679AA,ENJc423b7110031BR
PNL664700AA,ENJbd2bea1950d5BR
PNL830938AA,ENJ37abfc1858b5BR
PNL538862AA,ENJd42bde13d103BR
PNL454102AA,ENJa7d1ba85751fBR
PNL525975AA,596158156
PNL909407AA,ENJ343864fab1a7BR
PNL182433AA,ENJ17c440ff4f62BR
PNL559475AA,ENJ9c15b2778ae9BR
PNL649017AA,ENJ38f3151497faBR
PNL650615AA,ENJedc4814323ffBR
PNL435974AA,ENJ80149b66c5f4BR
PNL851431AA,ENJb752ad8e6b38BR
PNL740674AA,504901713
PNL166120AA,ENJb668f7a409f9BR
PNL483259AA,ENJ861bcf7147a5BR
PNL452488AA,ENJ2f1b6ab2f477BR
PNL299187AA,ENJe94b1e53bd26BR
PNL740673AA,942842702
PNL202817AA,ENJab7c9e4813d7BR
PNL092054AA,ENJdb77240b7cf2BR
PNL606316AA,ENJ36431cfd3af4BR
PNL699719AA,826180303
PNL922612AA,ENJfe828e051b93BR
PNL415490AA,ENJ7589e4b386f1BR
PNL673766AA,278822221
PNL619037AA,ENJ6a3c60169c0cBR
PNL745651AA,ENJ9eecc8169491BR
PNL514950AA,ENJ27c05907a965BR
PNL692671AA,369980116
PNL924193AA,ENJb89ac027e252BR
PNL683609AA,ENJf967d18197b7BR
PNL188609AB,ENJb4f9516e098aBR
PNL626913AA,ENJbb704705a26bBR
PNL714873AA,ENJ83e376bceecbBR
PNL454136AA,ENJ80ea9cd75c49BR
PNL206046AB,ENJ705d18e76471BR
PNL057946AA,598093032
PNL868063AA,ENJe81b5eada5daBR
PNL808011AA,ENJd9107b8d65f5BR
PNL859023AA,255928101
PNL167994AB,ENJ30770c41b873BR
PNL913294AA,427158905
PNL431607AA,ENJ195c12ee7b38BR
PNL694070AA,ENJ5008023a8708BR
PNL082369AA,ENJf7de1ef92796BR
PNL630622AA,ENJ3f89d943295dBR
PNL877337AA,760219835
PNL632923AA,ENJ5636d08deea7BR
PNL133088AA,ENJ4095bf64b820BR
PNL691080AA,196225682
PNL893028AA,ENJ684a9261abd8BR
PNL160671AB,384437176
PNL891311AA,657953259
PNL661885AA,449767688
PNL251701AA,ENJ4126ca9ae688BR
PNL102237AA,ENJ09b810cd7fbeBR
PNL299264AA,ENJ18d4584f5294BR
PNL837718AA,ENJ410182899ef4BR
PNL416951AA,ENJfd817ad0fbd2BR
PNL100832AA,ENJee21d685e12bBR
PNL193976AA,871021316
PNL687638AA,ENJ823e9eb2fce3BR
PNL112157AA,ENJ53cbc42afab0BR
PNL606345AA,ENJda94bce0ee35BR
PNL189380AA,21660983
PNL868058AA,ENJ7d87f3018ed8BR
PNL891295AA,ENJ97f42b4b568fBR
PNL206059AB,ENJ9d88b4a344eaBR
PNL630646AA,ENJ189dde0b1934BR
PNL897290AA,409790227
PNL365647AA,ENJa5393d0f8706BR
PNL864145AA,636288312
PNL830972AA,ENJ51e08b359a32BR
PNL057950AA,ENJ0a24c4318242BR
PNL650642AA,ENJb131aa060884BR
PNL138779AA,246054119
PNL877326AA,498176644
PNL527425AA,534739762
PNL745685AA,294091676
PNL809032AA,ENJfb1fa5a7f31fBR
PNL082370AA,ENJc0acc9786da3BR
PNL560340AA,ENJ4ff337305e1cBR
PNL026636AA,571062551
PNL917132AA,ENJ74680b8e74cfBR
PNL668318AA,ENJ58e7e635b3f5BR
PNL497407AA,ENJ4c0112e17f7bBR
PNL174770AB,ENJ505bf95facb2BR
PNL273239AA,ENJ799155824f3eBR
PNL691083AA,ENJ6b313f33bd30BR
PNL920846AA,ENJe4eacbccfb28BR
PNL718041AA,ENJ19a110aa7a37BR
PNL838354AA,ENJf2ef617548f1BR
PNL693174AA,87312557
PNL026647AA,ENJ3f1bf38d2a43BR
PNL726674AA,ENJ2ee6024d1011BR
PNL630636AA,ENJ610e1f986b2fBR
PNL151567AB,ENJ09dc6cef5d72BR
PNL251670AA,ENJ3d1f600f84e8BR
PNL421206AA,ENJdb2eed7eeb18BR
PNL498603AA,ENJ6496a42e3455BR
PNL731217AA,ENJec95b217c76dBR
PNL410977AA,ENJ4651a6bd9f80BR
PNL177069AB,ENJff5843831f57BR
PNL160575AB,960887623
PNL732531AA,ENJ46e87c350ddbBR
PNL855246AA,ENJf8e777097ad1BR
PNL666701AA,888985816
PNL732548AA,446888022
PNL922150AA,ENJ9855c596f783BR
PNL906966AA,877788576
PNL160009AB,ENJd27be100932fBR
PNL896213AA,ENJd2cb43f63632BR
PNL377828AA,ENJ7b471ac4510aBR
PNL737930AA,ENJ890bc7dcdaf1BR
PNL896200AA,ENJ0d81362a1f37BR
PNL917113AA,296016317
PNL537922AA,ENJ92fd8d7ec595BR
PNL852149AA,ENJ391486d8a19bBR
PNL619027AA,ENJa216a8181b71BR
PNL415479AA,ENJ39897ba685d5BR
PNL599167AA,802164245
PNL649039AA,ENJccbb519aaad2BR
PNL629646AA,ENJcc3b13709f98BR
PNL747394AA,ENJb2a4fd347171BR
PNL924198AA,148852755
PNL628826AA,ENJa14890a18915BR
PNL097989AA,ENJ5aba294ab80dBR
PNL923673AA,ENJd6545bf46100BR
PNL885783AA,ENJ28609212a57fBR
PNL672642AA,ENJd18e1fa7c793BR
PNL160585AB,ENJ710cd511d83aBR
PNL684838AA,ENJb7b150d94064BR
PNL605473AA,927826741
PNL260733AA,ENJ0c3e081482deBR
PNL596172AA,ENJe37eeca06648BR
PNL691065AA,ENJ4f598f18388fBR
PNL673087AA,ENJ1c7d52137d9eBR
PNL864134AA,690453186
PNL851409AA,987910120
PNL675479AA,ENJ9a2634dece16BR
PNL691017AA,ENJ5d0c64483eccBR
PNL845665AA,ENJff8f4c7ff1e3BR
PNL914818AA,ENJ3c19f98af315BR
PNL910739AA,582387784
PNL845680AA,ENJ9db3fcaeca58BR
PNL182441AA,ENJ9c7ca31ca7f6BR
PNL726608AA,ENJc12814c10af2BR
PNL917111AA,ENJ02b2f12481b0BR
PNL845753AA,ENJ4c746a25689dBR
PNL487483AA,ENJ98e5db6221d7BR
PNL654504AA,741827417
PNL801514AA,ENJe51689acdb8aBR
PNL525950AA,ENJ2d14823d0be2BR
PNL845689AA,ENJaa9de68f96cfBR
PNL906977AA,ENJ1a8a10f1ee39BR
PNL183585AB,ENJf6470ab53ecaBR
PNL707493AA,ENJ08081b028ca6BR
PNL713284AA,ENJ129a7c184083BR
PNL724290AA,ENJa50940c948b6BR
PNL896209AA,566013909
PNL851427AA,ENJd28d9f45d091BR
PNL750384AA,ENJ61cf9847c5c6BR
PNL299208AA,ENJb51381201e13BR
PNL851418AA,ENJ637245ae7253BR
PNL803703AA,ENJddbdcd50ec7cBR
PNL909412AA,124431600
PNL740628AA,ENJ23e27c9fbf75BR
PNL546331AA,ENJ10f415a9727cBR
PNL202806AA,ENJdba094cbc83dBR
PNL438939AA,ENJ56dbe524c6d1BR
PNL714852AA,302839363
PNL026575AA,ENJ8901552f2365BR
PNL861064AA,227171553
PNL160603AB,ENJ7829075b4130BR
PNL673775AA,ENJb69ae542c5e1BR
PNL740610AA,ENJ7f52235c554eBR
PNL107023AA,ENJ4fdc6ca2627dBR
PNL673777AA,ENJ838fa93e3daaBR
PNL737958AA,ENJdffecb3d4956BR
PNL896662AA,ENJb54d5b38bed7BR
PNL358081AA,ENJ596b44c735efBR
PNL892212AA,ENJ676d8429d844BR
PNL590776AA,ENJc86c611eabaaBR
PNL454120AA,ENJ3f8f539d739dBR
PNL454107AA,ENJ81f8cbedaf57BR
PNL167931AB,ENJ03504052fef1BR
PNL527326AA,ENJc321755f5285BR
PNL672647AA,ENJ016e79581005BR
PNL726596AA,847160917
PNL289360AA,ENJ3c6f930a7ac3BR
PNL527331AA,742156425
PNL649060AA,ENJe0694e869fcdBR
PNL679541AA,ENJd79e6fd04c61BR
PNL410973AA,ENJa74d308ef994BR
PNL718019AA,ENJd05ddd42da90BR
PNL830422AA,ENJ32b1da64fd87BR
PNL702500AA,ENJ6506096cad8eBR
PNL750383AA,ENJa6646ff8891cBR
PNL879139AA,ENJ729121f97057BR
PNL913235AA,564193386
PNL172124AB,107848641
PNL849677AA,ENJad83c3828c22BR
PNL745665AA,ENJ64d34066cb14BR
PNL160593AB,152041179
PNL809026AA,ENJ2550281e8165BR
PNL709448AA,ENJ4576af362118BR
PNL675481AA,ENJ7f1fc9797860BR
PNL866954AA,634758024
PNL646034AA,ENJ544f96eeb3d3BR
PNL039618AA,ENJde5228d51353BR
PNL974414AA,ENJ76eace382e97BR
PNL830464AA,ENJ440607003781BR
PNL705583AA,ENJ983bdf16b615BR
PNL684781AA,ENJaed05d96dfe7BR
PNL637607AA,ENJdf59ded787eaBR
PNL678366AA,255619742
PNL923199AA,ENJf737defd36cbBR
PNL747422AA,247687961
PNL161651AB,ENJc70812373a8cBR
PNL259853AA,ENJ7fc1d395c5f4BR
PNL837540AA,ENJ258c25f0e5efBR
PNL167913AB,ENJ517ec3d7690cBR
PNL661862AA,ENJf1d90b7f0a1aBR
PNL542033AA,ENJ933bd802d5c8BR
PNL833988AA,ENJ4e9d1a42bde8BR
PNL974382AA,ENJ1ca5465684ffBR
PNL524210AA,ENJdf769f546584BR
PNL869382AA,516047047
PNL172102AB,ENJ74b9c0fcd51cBR
PNL172152AB,118835989
PNL664826AA,705461930
PNL679598AA,ENJ1df24cf6cbbcBR
PNL204552AB,ENJ99321ab2abd3BR
PNL408431AA,ENJf9f5541dcd6bBR
PNL891308AA,ENJc3a15762d353BR
PNL686639AA,ENJd8c6c148f2c4BR
PNL153972AA,ENJ508a6ea399b2BR
PNL167999AB,ENJ177f5d69c4b1BR
PNL605471AA,435611032
PNL676294AA,73084250
PNL710030AA,ENJ6f1261000e49BR
PNL448765AA,ENJb5a4aa30f01fBR
PNL599200AA,ENJe65cd8e1b990BR
PNL869460AA,488785542
PNL184695AB,ENJbeabf77f3ff4BR
PNL921333AA,ENJcca8dc580899BR
PNL924244AA,ENJdaf366fa5fcdBR
PNL206053AB,ENJ2a433e0b3c84BR
PNL014721AA,241378849
PNL921341AA,ENJ97a4840698edBR
PNL747496AA,ENJba12bb986fa8BR
PNL905365AA,ENJf6440053ed8bBR
PNL729015AA,124089928
PNL381487AA,ENJbbaf03217209BR
PNL661964AA,ENJ47ab68f462bdBR
PNL674538AA,ENJ089e30660017BR
PNL169374AA,30447274
PNL527415AA,ENJ54193af72a71BR
PNL358087AA,ENJd0593acab619BR
PNL179022AA,ENJ984d85eadf18BR
PNL690685AA,ENJf193b7a92846BR
PNL202878AA,752910962
PNL680170AA,ENJb581483f1a04BR
PNL408439AA,ENJ249d630b6c43BR
PNL042833AA,ENJfdcc8dd9796fBR
PNL674541AA,813666220
PNL259856AA,ENJ3f7ba1ac8cb4BR
PNL868896AA,ENJ7c3564448bb5BR
PNL726687AA,734086496
PNL599214AA,ENJf5d4644890d5BR
PNL710025AA,ENJ7a51279a0631BR
PNL648504AA,ENJ43b56116095dBR
PNL628917AA,ENJ917e62e960e7BR
PNL537960AA,ENJ2f1f600f2511BR
PNL838360AA,ENJ425c27e864ceBR
PNL654569AA,ENJ3f7796147ebcBR
PNL673810AA,ENJd5da0a69c9a6BR
PNL537963AA,ENJ9e9a94276255BR
PNL827549AA,ENJ30668c255e9dBR
PNL694747AA,543052249
PNL747487AA,ENJ87728ad0de44BR
PNL845789AA,ENJ847381599d56BR
PNL869479AA,ENJ30694e094c85BR
PNL187391AA,ENJ00263176ca2fBR
PNL590814AA,ENJdc0591c460cdBR
PNL493091AA,ENJec05f6af6681BR
PNL666816AA,559241318
PNL622814AA,ENJf3180f53fdb8BR
PNL724603AA,ENJe4af5768ec90BR
PNL680704AA,532798340
PNL726682AA,ENJe24d1c822252BR
PNL216841AA,ENJ790650e635eeBR
PNL606338AA,ENJ0084add70cb3BR
PNL836267AA,ENJ4ca314748bc8BR
PNL184673AB,ENJ1792c7adbe52BR
PNL188988AB,ENJ6dbe7843d183BR
PNL724581AA,ENJb3480f6af210BR
PNL540287AA,ENJa03c04122d2dBR
PNL666795AA,ENJ60a454e8110eBR
PNL845769AA,ENJ9b2a9ed2db8dBR
PNL600447AA,875285259
PNL424163AA,ENJ7921be78c501BR
PNL745670AA,672543814
PNL630572AA,ENJ552bc7370d2dBR
PNL203169AA,453016586
PNL410979AA,ENJ2e41fb38a88dBR
PNL915119AA,ENJb2d3bc43cc51BR
PNL098834AA,ENJ789087ce86c7BR
PNL726615AA,ENJb870e547de97BR
PNL869356AA,ENJ9e1970615db5BR
PNL289358AA,ENJb206d4666bb5BR
PNL672658AA,271818057
PNL525973AA,ENJ1c789bf6fcd9BR
PNL698720AA,ENJb1b95e30c44fBR
PNL686089AA,ENJ869a2a573c90BR
PNL830458AA,ENJ680f34e806a4BR
PNL102666AA,ENJf182db63ca8cBR
PNL193866AA,475106041
PNL913271AA,ENJ4289d1749d6bBR
PNL877549AA,ENJ6b0d53fe1b67BR
PNL680153AA,310723452
PNL106826AA,ENJ244c4f30f09bBR
PNL186322AA,404976313
PNL896674AA,ENJ23ffbbd31d88BR
PNL630582AA,ENJ72c0df10fdf4BR
PNL645536AA,ENJa9622a380099BR
PNL707494AA,ENJ19e952880d74BR
PNL165012AB,ENJ280f6b02831aBR
PNL847363AA,ENJ3c98a7b11ce1BR
PNL038249AA,5593690
PNL687290AA,ENJ53d96b115148BR
PNL644818AA,ENJab1b1039a73dBR
PNL537303AA,ENJ5c3379d1fc59BR
PNL689019AA,777681697
PNL691005AA,ENJ2cb757229b6bBR
PNL905285AA,ENJf531be9e2b8dBR
PNL622783AA,698391370
PNL363427AA,ENJad0f5b983776BR
PNL864089AA,ENJda02d5a75e5aBR
PNL914802AA,ENJd5645101f761BR
PNL160611AB,641357818
PNL740688AA,ENJf14bd4dd5b9fBR
PNL726622AA,704877632
PNL673765AA,ENJ2090b20c57fcBR
PNL672666AA,ENJ14cc4f3e5377BR
PNL678340AA,ENJ6a2d4cde2b7aBR
PNL003454AA,ENJ1f1055dbfa55BR
PNL628806AA,ENJa78836137980BR
PNL920280AA,ENJ0aa2c0a76fceBR
PNL737963AA,ENJ75d5d711c40fBR
PNL737919AA,ENJ3524db9a1ef7BR
PNL830392AA,ENJffa9d49efdd0BR
PNL686622AA,ENJ44549502bb78BR
PNL861508AA,93294719
PNL703002AA,ENJ86c28577da9eBR
PNL039639AA,ENJ310dc0b9b19dBR
PNL847386AA,ENJ3faba69deeb1BR
PNL266282AA,ENJ16c5fa40b510BR
PNL834056AA,ENJ12193fe9db00BR
PNL686213AA,ENJ49c2390f959dBR
PNL836257AA,ENJ304611734c23BR
PNL206090AB,ENJ624269299270BR
PNL750464AA,479973165
PNL590827AA,ENJ2f5abca33018BR
PNL869450AA,ENJd4988befedb4BR
PNL206062AB,ENJdd64e3fb4871BR
PNL664813AA,257335651
PNL920852AA,ENJ28d4afeaa134BR
PNL650634AA,ENJfc645f91c08cBR
PNL600788AA,ENJ5bfca9012406BR
PNL299260AA,387792980
PNL596165AA,ENJ1659f41e030eBR
PNL106857AA,ENJ136aed2691b3BR
PNL299272AA,ENJ030a6e3b9409BR
PNL845783AA,ENJ341448d94d5fBR
PNL891672AA,407226577
PNL165027AB,332369521
PNL879183AA,ENJe17fbe7ad4a7BR
PNL683592AA,ENJ3f97ae7479dcBR
PNL179027AA,ENJ0e86291a82edBR
PNL599212AA,ENJead3ca72d2f1BR
PNL924233AA,117459592
PNL718048AA,554364706
PNL750479AA,ENJ9eb1f12ae2b9BR
PNL680183AA,ENJ50ea7a06214aBR
PNL850316AA,ENJeb3881c315e5BR
PNL686185AA,ENJ20fc98ff2fd7BR
PNL849705AA,ENJ164d069d8d6dBR
PNL190583AB,ENJ14f9d3da248dBR
PNL183620AB,ENJ7dec7c8e3aaeBR
PNL173013AB,566628133
PNL882399AA,45982378
PNL683576AA,ENJ9ed034a916efBR
PNL184680AB,ENJbf15a79cd689BR
PNL834063AA,ENJb86ad7a8cfb1BR
PNL206114AB,ENJ53eadc4752e6BR
PNL381484AA,ENJ0113a7ead5ccBR
PNL897084AA,ENJ9a230ea62bd7BR
PNL151570AB,ENJ566c892d0863BR
PNL299254AA,405788258
PNL659110AA,855661245
PNL586752AA,37685839
PNL105350AA,ENJdda9e68631ccBR
PNL202876AA,461937867
PNL563485AA,304323657
PNL877624AA,ENJ7e9156587219BR
PNL173015AB,ENJf903acade556BR
PNL515759AA,ENJ38da37ca4db4BR
PNL678386AA,671572949
PNL251231AA,ENJd66feb8dd566BR
PNL859032AA,ENJ8dd13332da53BR
PNL879208AA,ENJf106cb36d777BR
PNL917135AA,713810384
PNL661037AA,398215768
PNL100828AA,ENJ2c3a8e34d759BR
PNL160709AB,ENJ644b0c19f82eBR
PNL654560AA,ENJ4fd3cc1fee05BR
PNL605470AA,ENJ53c171deed76BR
PNL694743AA,ENJ973bedcfe883BR
PNL882403AA,ENJ41f39fe3be0eBR
PNL202863AA,24355275
PNL837596AA,ENJ2ee189587b86BR
PNL151600AA,308532670
PNL661962AA,772789087
PNL171803AA,ENJ69c1c5c5b01bBR
PNL694752AA,ENJbc093149c6e4BR
PNL206095AB,ENJ13f711a7d59dBR
PNL915142AA,ENJ3d522c04323fBR
PNL102224AA,ENJ8b7a28ae8bb0BR
PNL693667AA,153018169
PNL868041AA,ENJd6eadbe325e6BR
PNL922201AA,ENJ474d74709572BR
PNL705644AA,ENJ13acf17db65bBR
PNL161677AB,ENJ98fc38e6b547BR
PNL391773AA,ENJd37ae577cb5cBR
PNL673800AA,ENJbadc6097fe05BR
PNL681015AA,ENJ73214fdbbda0BR
PNL851481AA,ENJ356f8568be99BR
PNL750444AA,ENJ884f3a26e0e2BR
PNL628885AA,ENJ76b40012694bBR
PNL837669AA,ENJ3407a906195cBR
PNL891292AA,ENJc8245ca69de4BR
PNL868875AA,185003691
PNL600488AA,548674280
PNL629662AA,ENJ7c050b66a488BR
PNL896204AA,ENJ3847532b1c5fBR
PNL705531AA,ENJ055a78c0bdb5BR
PNL877547AA,ENJ40dc2311ec17BR
PNL084045AA,ENJ30c2d327bc0bBR
PNL645546AA,ENJa354655e3e0eBR
PNL830921AA,ENJb079abaec107BR
PNL666686AA,ENJ1bf3a3d104bcBR
PNL877291AA,616600214
PNL673778AA,ENJ427d9ca7313fBR
PNL893016AA,ENJ3932fbcc36a5BR
PNL188621AB,ENJ66b81b69bb5aBR
PNL193886AA,ENJ18e9ec5b78faBR
PNL836218AA,ENJe2c5dabf2714BR
PNL951571AA,ENJ29c7834b6bc3BR
PNL896216AA,ENJbd260c7bf408BR
PNL098821AA,ENJ9cd37325033fBR
PNL527328AA,ENJ87294361f9d4BR
PNL837608AA,ENJ52f99f9606e7BR
PNL661850AA,ENJ711c8fe6455bBR
PNL251219AA,483019317
PNL830922AA,ENJ3c325e4a0e5fBR
PNL598943AA,ENJ1dc0ee0a8401BR
PNL514959AA,ENJ8352b90f7674BR
PNL696188AA,ENJ1eababfd0f68BR
PNL855231AA,ENJedd4310bca65BR
PNL914791AA,ENJa21fba575e28BR
PNL869369AA,ENJed3f1ef49f31BR
PNL487477AA,ENJ60ffa4ba661bBR
PNL408350AA,ENJ07f13ac94763BR
PNL910737AA,ENJ6c68cebd5183BR
PNL686082AA,ENJ63ba81617c81BR
PNL698671AA,ENJ91f55e938a51BR
PNL586740AA,ENJ3efb127fe02eBR
PNL648243AA,ENJ4c9ca2d52275BR
PNL880476AA,ENJd28a3fa72b03BR
PNL112571AA,ENJ8f635f65a2aaBR
PNL354876AA,ENJ5c4962209e3eBR
PNL909402AA,279568736
PNL869339AA,ENJc90f1fd35158BR
PNL879152AA,812181577
PNL675499AA,ENJ82f5c6bb62a2BR
PNL684792AA,ENJ34350d0e128eBR
PNL845741AA,ENJbc123ac6e2f6BR
PNL183576AB,ENJb2ad98b9e035BR
PNL180026AB,244802521
PNL619095AA,ENJ68b16ad1aa48BR
PNL626912AA,ENJ389dec4306e7BR
PNL676301AA,ENJa235348e033fBR
PNL679604AA,ENJb86b3ad36313BR
PNL705628AA,ENJda727fa769e3BR
PNL837643AA,ENJ750aafa723e4BR
PNL674529AA,ENJ1f3a050b8f67BR
PNL740699AA,16285621
PNL913280AA,ENJdca90b10208aBR
PNL683565AA,ENJ7ebfbbcee0d9BR
PNL193799AA,ENJ75e133c3cc6fBR
PNL897169AA,ENJ7a78bbf99f19BR
PNL455761AA,ENJccdc62273076BR
PNL684100AA,ENJ4653fe287103BR
PNL596133AA,ENJ7fe4f64dff53BR
PNL693650AA,ENJa10e2c1e124aBR
PNL919749AA,ENJb2e6b261ed87BR
PNL193900AA,ENJc46dc567ce2bBR
PNL391759AA,ENJd7e887b71705BR
PNL686174AA,ENJaaa35f292bfaBR
PNL679548AA,596968153
PNL882618AA,ENJe64a9c86611bBR
PNL974406AA,ENJ3a87721e9953BR
PNL537306AA,ENJ9b1f871cf4beBR
PNL107034AA,ENJ696f26ccb004BR
PNL711249AA,ENJff74edd1f4d2BR
PNL559469AA,650797243
PNL869385AA,ENJ64b4b88d05a4BR
PNL619066AA,895303402
PNL896667AA,260528053
PNL834023AA,ENJf7e35eba3bccBR
PNL676251AA,ENJ98b9e91f4060BR
PNL664659AA,128558748
PNL924190AA,ENJe02fd0b2e8eeBR
PNL193896AA,ENJ60149891ece9BR
PNL098410AA,ENJa4196a9c772eBR
PNL167971AB,638331142
PNL542043AA,ENJd7c85a766ba9BR
PNL830420AA,ENJ051167fd3c9bBR
PNL448762AA,ENJb0fce8d9c7baBR
PNL193867AA,ENJ9abd82d0359bBR
PNL100057AA,ENJ8ee05fba1ba7BR
PNL590796AA,ENJ57ea40530388BR
PNL102209AA,ENJ4dbd71afcdd0BR
PNL705553AA,ENJad6e4caab316BR
PNL514981AA,ENJ86b88a957eaaBR
PNL187370AA,ENJe2442116cd31BR
PNL691014AA,210226301
PNL745674AA,51283752
PNL868830AA,605288528
PNL909393AA,ENJ1ceabc72e2c0BR
PNL492827AA,ENJa9094febdda0BR
PNL879164AA,ENJ76998f80be20BR
PNL745654AA,ENJc9a9574025cdBR
PNL680141AA,ENJ0db398529a8dBR
PNL745653AA,ENJ72bb95465ed8BR
PNL174730AB,58978156
PNL725252AA,ENJ5c0d09a24798BR
PNL690670AA,ENJe457a4d7c29eBR
PNL740598AA,236192205
PNL698721AA,ENJ3268cae90286BR
PNL879163AA,ENJ950f59cee96cBR
PNL098396AA,ENJ1a9810a1d841BR
PNL619029AA,ENJb80f08e9f0caBR
PNL527327AA,ENJ4b5afaf6de0fBR
PNL524221AA,ENJ3739d99eaf09BR
PNL923684AA,ENJ39db978f281dBR
PNL897191AA,ENJ2c180ab1d50eBR
PNL664687AA,ENJdcb31752c9b7BR
PNL830459AA,ENJf3652903c499BR
PNL102211AA,ENJfb8f5122c4ffBR
PNL913231AA,ENJ0002b772d720BR
PNL664695AA,ENJ6534540d7cb6BR
PNL514943AA,ENJ5d94371ebdc4BR
PNL676261AA,ENJ31e5001c2dc6BR
PNL381475AA,ENJ35c086f51853BR
PNL885790AA,ENJ4cff141205a9BR
PNL866993AA,ENJ05a3eda98cc3BR
PNL675497AA,ENJ203fd60de60bBR
PNL914783AA,890132937
PNL705579AA,91713332
PNL891259AA,ENJ051d0202315bBR
PNL698715AA,ENJ644c8c5ff385BR
PNL524230AA,ENJ1872d5de09bdBR
PNL745652AA,ENJ94f724f7d4d8BR
PNL167998AB,ENJ2b005b4309a6BR
PNL172156AB,ENJee00ca957865BR
PNL891315AA,681348124
PNL150680AA,265278029
PNL869483AA,ENJe5646ab372a8BR
PNL182122AB,424157963
PNL907813AA,943801637
PNL650644AA,ENJ1437213a8860BR
PNL726678AA,121058704
PNL710049AA,379013041
PNL299273AA,ENJc7510ec4f20dBR
PNL179018AA,ENJ03f61a8cb334BR
PNL180065AB,ENJ23acdfcf2bfaBR
PNL206101AB,ENJd548629f96ccBR
PNL905349AA,ENJaf1072e2fa2fBR
PNL923699AA,929495885
PNL184676AB,ENJ7856543d473bBR
PNL161687AB,ENJ8ae82407c241BR
PNL709500AA,ENJ9f1384f21573BR
PNL922194AA,ENJ85462c3f236cBR
PNL099384AA,ENJ596fe3689a7dBR
PNL906239AA,ENJ9f40081bdddeBR
PNL879198AA,ENJ054a115c6ad0BR
PNL186327AA,ENJ732868238c21BR
PNL449392AA,ENJcd2ce741fccbBR
PNL803751AA,ENJ3a3c296adbd3BR
PNL183631AB,ENJb31c0c860e66BR
PNL870322AA,154817815
PNL177090AB,64610524
PNL882404AA,ENJ496686a0a69dBR
PNL838337AA,ENJ1e6a47bc4f28BR
PNL837747AA,ENJe22098b03235BR
PNL698797AA,ENJ2ef71e804d4cBR
PNL596173AA,ENJ67142fd10aacBR
PNL628911AA,ENJ05f5d4699b8aBR
PNL911713AA,ENJ72708824cefaBR
PNL683632AA,120057334
PNL892256AA,560869124
PNL913297AA,ENJ78aff6576cb2BR
PNL694750AA,ENJe1d7165d560bBR
PNL896310AA,ENJf4bbae180e88BR
PNL747491AA,ENJ96ff09743e46BR
PNL628906AA,ENJa81b6677db42BR
PNL082379AA,ENJf5658a948086BR
PNL920309AA,ENJ277963a33967BR
PNL808006AA,ENJ265be1e8ed42BR
PNL868885AA,ENJabc82e1a0a6bBR
PNL187395AA,884874498
PNL650658AA,498727866
PNL527401AA,ENJa7131602a195BR
PNL705676AA,ENJd00ce4e2b035BR
PNL299256AA,580206691
PNL740722AA,113125278
PNL538868AA,ENJdf8bf1b0d47eBR
PNL692704AA,ENJ3a999cdd8f01BR
PNL922631AA,ENJ2cf6dd4e94aaBR
PNL358085AA,ENJ2f6744400839BR
PNL920305AA,95525921
PNL668312AA,ENJ7ec34ea389d1BR
PNL830436AA,ENJ14c6513e361bBR
PNL896214AA,611629568
PNL193857AA,ENJc33cf4042e4eBR
PNL704826AA,193164451
PNL877314AA,ENJ756354a59bf3BR
PNL619031AA,ENJ91c96f296c67BR
PNL834017AA,ENJf4b30a4fcdd4BR
PNL693643AA,ENJ8965a646cfb8BR
PNL830945AA,ENJd9facbe677dbBR
PNL910021AA,ENJ7de2b23c2608BR
PNL599853AA,ENJ77bdb17829d9BR
PNL869416AA,ENJ78ec92991c7eBR
PNL714846AA,ENJbef784382a63BR
PNL869375AA,481683013
PNL188985AB,ENJ6b68a9098041BR
PNL619059AA,ENJ108a4447b770BR
PNL219165AA,ENJ600c571afce1BR
PNL106024AA,ENJ39ed905f27e2BR
PNL830471AA,ENJa1b57d445bd1BR
PNL974452AA,ENJ883732f1433bBR
PNL698678AA,ENJ3681d928a799BR
PNL847827AA,ENJb68fcbbc75d3BR
PNL909395AA,ENJ89139062edcaBR
PNL527329AA,ENJ1e329aee9ad0BR
PNL127645AA,ENJbe10a51e9eb3BR
PNL598955AA,112631851
PNL289362AA,ENJ969384b469d4BR
PNL666683AA,ENJ5cbea593e96cBR
PNL891248AA,ENJca6065f8956cBR
PNL974489AA,ENJ8111b78aababBR
PNL882360AA,ENJc5fbf0548a44BR
PNL184627AB,951359442
PNL102658AA,ENJ70dcf64aecf5BR
PNL661932AA,ENJa8fdb87a419eBR
PNL363428AA,ENJ8292b3a01b6cBR
PNL193850AA,ENJe7511ebd46b0BR
PNL256947AA,ENJc54b6008667dBR
PNL009480AA,91125126
PNL202801AA,ENJd48cd59c547bBR
PNL855202AA,ENJf228f96ed0efBR
PNL694722AA,ENJb2fad2d4bc16BR
PNL600423AA,ENJ085cb4207cb0BR
PNL560310AA,ENJ5778f0070f58BR
PNL600421AA,ENJ1681bf65deddBR
PNL626891AA,ENJc869f73b1a11BR
PNL830917AA,ENJ2b917c94ded7BR
PNL600750AA,ENJ7d68d537c532BR
PNL106802AA,ENJ8af4c8fea87bBR
PNL726602AA,548120104
PNL881993AA,734965688
PNL605447AA,43769776
PNL830425AA,ENJb731b6de3b49BR
PNL897161AA,ENJ165bccda2827BR
PNL674506AA,ENJ55e3071a93c8BR
PNL161665AB,ENJbdb5ff52a461BR
PNL111482AA,ENJ56564bf63da6BR
PNL575255AA,ENJ36a4c5a5a8e3BR
PNL648232AA,ENJbe2d8187420dBR
PNL913238AA,ENJd94167095863BR
PNL373838AA,ENJ1454f7029dbfBR
PNL896671AA,ENJf015dccd4053BR
PNL830931AA,ENJ494ecb913e97BR
PNL515727AA,ENJbb159ebd1296BR
PNL803726AA,ENJ6234e785b45dBR
PNL183591AB,677188701
PNL709481AA,ENJ12979ff4b89aBR
PNL251680AA,ENJb846306df581BR
PNL408363AA,ENJ71925c40cb76BR
PNL666695AA,88788852
PNL691045AA,ENJ33a0d2b6ee76BR
PNL645524AA,ENJ212e8fa900f1BR
PNL098394AA,ENJ785d023e682cBR
PNL454613AA,ENJfb7a6ca4ababBR
PNL664668AA,ENJ33962d13009dBR
PNL676240AA,ENJfd8eb62af6f3BR
PNL877284AA,171338120
PNL650604AA,ENJf8abf2fb2236BR
PNL731214AA,ENJ5a5c6a16a535BR
PNL864157AA,ENJ87dba3d43ee9BR
PNL880485AA,ENJ30f070486e3dBR
PNL724596AA,ENJ46f7b3bc4055BR
PNL628903AA,ENJ741921382900BR
PNL920303AA,896397991
PNL188808AB,ENJe608a2132419BR
PNL838350AA,ENJ08d9996359f0BR
PNL383358AA,ENJa691039d2164BR
PNL837745AA,ENJ72fcec43cd3eBR
PNL877323AA,ENJ91d41ce3a0aeBR
PNL206092AB,ENJ90c797b3ca03BR
PNL630631AA,ENJ6ddd2f49f182BR
PNL160018AB,524535939
PNL690682AA,114261162
PNL830983AA,ENJ8954946f51cbBR
PNL729012AA,ENJ003abfcb8cfcBR
PNL497408AA,ENJ7b160ba5dac6BR
PNL661965AA,663133621
PNL698802AA,ENJ83f4f31c0824BR
PNL138778AA,ENJf51b9270e79fBR
PNL855276AA,ENJ1de5ca5da579BR
PNL679601AA,ENJ5ffd40b83bf1BR
PNL188604AB,69588983
PNL683586AA,121838584
PNL834058AA,ENJ6ed1df79349aBR
PNL666833AA,ENJ6c0ab098f367BR
PNL629666AA,ENJe1ace6235349BR
PNL598974AA,ENJ6e2ca34b497aBR
PNL705652AA,ENJ7fb579a93b26BR
PNL649092AA,ENJ52c644f7b952BR
PNL809035AA,ENJee55e85feb6eBR
PNL619114AA,263983155
PNL869451AA,ENJ6f0c392ef9aaBR
PNL683604AA,ENJ5292e26d7d39BR
PNL626933AA,ENJ5da2ecfdc8f7BR
PNL626931AA,ENJa1efc56531b1BR
PNL864168AA,ENJf00050002642BR
PNL165446AA,ENJ23259a12304fBR
PNL837708AA,ENJ3358caf12c1fBR
PNL486130AA,ENJ5d191f57a9cbBR
PNL666770AA,ENJe9b94e6eb3e0BR
PNL218861AA,ENJada9ff75eaf7BR
PNL619106AA,ENJe74a2c62bc18BR
PNL203180AA,ENJdfab9917f02eBR
PNL909469AA,112115525
PNL710020AA,850154692
PNL917137AA,162270218
PNL193988AA,460905846
PNL179036AA,665948507
PNL877333AA,ENJ7e19e1c567fbBR
PNL803754AA,ENJ78dba81a9e0fBR
PNL664777AA,ENJ60237322d11dBR
PNL917131AA,ENJ40365afe27e8BR
PNL877328AA,ENJ83082f30e91eBR
PNL919761AA,58421615
PNL600786AA,516837212
PNL684836AA,ENJ3ec5366a25c9BR
PNL454679AA,ENJ06931461a3a1BR
PNL917134AA,ENJb34738b5b0c0BR
PNL666779AA,ENJ072d1f577855BR
PNL242306AA,ENJ7ac542eb1eebBR
PNL099385AA,ENJ340b534b3009BR
PNL673805AA,97388465
PNL696202AA,43839668
PNL845802AA,ENJac3476624044BR
PNL270330AA,237490494
PNL469065AA,ENJ231e1287fec4BR
PNL184665AB,ENJdb6b90a36e6aBR
PNL710009AA,ENJ5ef6d726a58aBR
PNL619044AA,ENJ9a6c663d760dBR
PNL169359AA,ENJ9b23251c9890BR
PNL673074AA,667147405
PNL697510AA,ENJ0ca93e07a451BR
PNL866960AA,ENJead6bddc25f6BR
PNL638261AA,ENJe9a7a15d4a0eBR
PNL515724AA,ENJc8a1dd28f3f0BR
PNL273236AA,ENJacfaba16eb41BR
PNL666654AA,ENJ651c12310bfeBR
PNL691011AA,957118945
PNL897177AA,959726491
PNL638274AA,ENJb0fd94fad794BR
PNL864110AA,ENJfc0e7e1e1846BR
PNL845678AA,ENJ815262a07faeBR
PNL184568AB,ENJ183805689e57BR
PNL188995AB,736694297
PNL454609AA,ENJb3c8b2c99174BR
PNL525983AA,824000648
PNL590784AA,ENJee393292cfd6BR
PNL193858AA,ENJ2adaa616ed0dBR
PNL629636AA,ENJ4b758d366682BR
PNL648248AA,ENJea7a172cff31BR
PNL630583AA,ENJ705bede0d84cBR
PNL664693AA,ENJbe8a1ab7da9fBR
PNL924191AA,ENJd2e6759d8ea4BR
PNL099366AA,ENJ2c083afd1308BR
PNL699699AA,ENJb8fb4fe169f4BR
PNL699691AA,ENJcd2ad42cc7c0BR
PNL497376AA,ENJ3f9dc9b03ecaBR
PNL515709AA,ENJ980f6c026519BR
PNL105322AA,ENJ44b24b596c71BR
PNL803712AA,ENJ93d0c5d75949BR
PNL702477AA,ENJ54d63dce3a2dBR
PNL167946AB,ENJ4b367f916107BR
PNL838282AA,ENJf48b5f801324BR
PNL923666AA,641631798
PNL675476AA,ENJ1c13331b6a89BR
PNL914795AA,ENJc1e3e0ab77edBR
PNL180013AB,ENJe2596aea03e8BR
PNL877309AA,ENJ0acf04d4693fBR
PNL180007AB,980440155
PNL514972AA,847880823
PNL666673AA,467498040
PNL745650AA,ENJf0c3060c7d83BR
PNL896206AA,ENJ609a918ccd0fBR
PNL855266AA,ENJe2249158b032BR
PNL638289AA,ENJf4f56079fa17BR
PNL575261AA,438428409
PNL574881AA,ENJ27ef0d5f2f9fBR
PNL177082AB,ENJ7c4ace1a1022BR
PNL596171AA,ENJ958dc4ce32d8BR
PNL917133AA,385841150
PNL184645AB,ENJ8c85f233546fBR
PNL847374AA,ENJe78df9c1d7dbBR
PNL909456AA,ENJ8ce854b3510bBR
PNL845771AA,ENJdd503ef5ceb0BR
PNL600756AA,ENJ9e6e5868a48fBR
PNL664652AA,ENJ1567a9e70188BR
PNL732539AA,460634089
PNL684775AA,811423596
PNL906952AA,ENJ54883d3bc068BR
PNL709471AA,ENJab6bbc8d8efaBR
PNL851381AA,ENJ9f7b7dd2c7fcBR
PNL726607AA,384254128
PNL726603AA,ENJab295f03326eBR
PNL524236AA,443875382
PNL691042AA,68875098
PNL187378AA,ENJ40f3a62c8ec2BR
PNL675492AA,ENJ85f3839fd0f1BR
PNL892219AA,902233972
PNL845710AA,ENJ646da6164f0bBR
PNL913255AA,291150592
PNL690671AA,ENJ172f5823cd03BR
PNL699718AA,ENJ0fe7a14f3bd8BR
PNL705507AA,391134970
PNL111484AA,ENJ34027021444dBR
PNL111488AA,ENJ1db5c2dd528bBR
PNL405158AA,ENJ11436823581fBR
PNL160005AB,866857285
PNL399652AA,ENJ411477ec388bBR
PNL698684AA,ENJ188125ff148aBR
PNL589868AA,ENJ69836b45d286BR
PNL188781AB,253860593
PNL482583AA,ENJd586edba73a7BR
PNL845493AA,ENJ53cebe2c8c59BR
PNL173004AB,ENJd988173d7c55BR
PNL906963AA,866191979
PNL731210AA,ENJ19cdaba21880BR
PNL668276AA,ENJda4d06582014BR
PNL866965AA,ENJ02200cc719a8BR
PNL699697AA,195196617
PNL189366AA,ENJbdab451d4e30BR
PNL680667AA,ENJc508d1705300BR
PNL294628AA,543729067
PNL845671AA,ENJbc932ddbb08dBR
PNL913272AA,ENJ31e6bf2f3b12BR
PNL084511AA,ENJb5702f2d0426BR
PNL193922AA,ENJc5694b5952aeBR
PNL896217AA,ENJfcba620e2250BR
PNL600424AA,ENJe7a9021c0cf5BR
PNL833979AA,ENJ41f7e5a81604BR
PNL974371AA,ENJ95abac2ebfb6BR
PNL747363AA,ENJ11f5388d8676BR
PNL910750AA,905711137
PNL951567AA,ENJ76a3a0f4910eBR
PNL836210AA,ENJ590fa240e980BR
PNL747364AA,159148856
PNL514957AA,ENJ2c2cae87c4b4BR
PNL632886AA,ENJd1e9a03c4da4BR
PNL847348AA,ENJ43c2b515ad8cBR
PNL107032AA,ENJ61890c2a3ef2BR
PNL687279AA,ENJbb346ebaa5bdBR
PNL974423AA,ENJed74d504ce6aBR
PNL084509AA,ENJ2f6a3426f919BR
PNL632900AA,ENJ9fd2a6f92b5dBR
PNL600443AA,ENJf217dcfd693fBR
PNL637604AA,ENJ019d34d0c647BR
PNL380805AA,ENJ6d4a713eec78BR
PNL256955AA,ENJ568c5536e5b5BR
PNL851417AA,ENJ889e13314a60BR
PNL705523AA,ENJ4426ddd05a28BR
PNL724577AA,220212710
PNL619035AA,ENJ283573465b7eBR
PNL673756AA,ENJ5e4909712907BR
PNL299195AA,ENJceb29b86286dBR
PNL847856AA,ENJ3a78dc2b2c3fBR
PNL879136AA,ENJ080cc123b414BR
PNL664630AA,342466289
PNL864088AA,833740456
PNL678337AA,ENJd0f443c56468BR
PNL537925AA,ENJ002ee455e46eBR
PNL714856AA,706459456
PNL920267AA,410738730
PNL909387AA,ENJdb4629977bebBR
PNL190564AB,ENJae84ed366794BR
PNL843007AA,ENJ9730daa16ee9BR
PNL619039AA,ENJ2ca77e2821c1BR
PNL105315AA,ENJe755df424409BR
PNL183577AB,ENJa7dcd2ff4489BR
PNL166103AA,ENJ3fb022d0846eBR
PNL581995AA,ENJ853af4ba9a07BR
PNL666649AA,ENJ9cf243ccb239BR
PNL545432AA,ENJ4282df8625a2BR
PNL188800AB,ENJ533712d82869BR
PNL151546AB,ENJ969a15eb85baBR
PNL169381AA,ENJd792d91cc0d9BR
PNL710072AA,ENJfe719f469e8dBR
PNL645569AA,ENJe65609b96a2cBR
PNL893026AA,ENJ66f123dfa268BR
PNL699760AA,998225961
PNL698808AA,467983902
PNL750446AA,273482408
PNL636641AA,ENJ1b60be889167BR
PNL183634AB,ENJea225bb90913BR
PNL644836AA,ENJ573eece03925BR
PNL038260AA,ENJ6c617f0c0833BR
PNL637631AA,529937597
PNL629675AA,ENJe197746d6caaBR
PNL524265AA,ENJ699d8f3ee6a1BR
PNL686202AA,ENJ738c876e27cbBR
PNL449395AA,ENJ9c4cbc93753cBR
PNL151569AB,ENJ5f163492a053BR
PNL892257AA,ENJecb560b97625BR
PNL750455AA,ENJ6d2eb249238cBR
PNL877621AA,ENJf5d8dfecfec2BR
PNL847879AA,ENJb297a86ad5d8BR
PNL710045AA,ENJc3faac111c6fBR
PNL687312AA,ENJdd5b44ffd63bBR
PNL740750AA,ENJ0d53f25821a0BR
PNL482598AA,ENJ0ff51adaa050BR
PNL729016AA,ENJb775c829a01fBR
PNL897258AA,ENJc36ad19a883eBR
PNL182123AB,ENJ615c9ef459bcBR
PNL626932AA,ENJ2549467e5833BR
PNL628927AA,ENJ8abcb7f07f28BR
PNL184656AB,ENJc82ad279797cBR
PNL138776AA,447141157
PNL193973AA,826326144
PNL179033AA,ENJae5f5ff50626BR
PNL868060AA,ENJ0a71d1f237e8BR
PNL859029AA,ENJ06310945e449BR
PNL664819AA,ENJ2f8d7e221720BR
PNL216838AA,ENJ5e4b0c65d2b8BR
PNL188601AB,ENJf7aa334479dcBR
PNL102234AA,ENJ6231a87c8d84BR
PNL683590AA,ENJd389276e79afBR
PNL574890AA,233596675
PNL666782AA,ENJ2b10d99b7147BR
PNL654561AA,ENJ64860f86d934BR
PNL184655AB,ENJf0727e526efdBR
PNL206065AB,ENJ5a5ae3da73c3BR
PNL622441AA,ENJc05406ba0380BR
PNL477351AA,ENJ298660c8e82bBR
PNL836259AA,ENJ0f856086dbceBR
PNL630647AA,ENJ62d1a6dc8cedBR
PNL650635AA,ENJ0c487f41885bBR
PNL600481AA,ENJ189925ca7a39BR
PNL672704AA,866085692
PNL880500AA,ENJ4e71fc1bdf5eBR
PNL184664AB,ENJf945afe115fcBR
PNL589877AA,ENJc4514c470208BR
PNL600477AA,910574024
PNL545490AA,ENJ3eed1feaa24cBR
PNL909467AA,ENJ904b60414a68BR
PNL026642AA,ENJc9b486603834BR
PNL153976AA,730954236
PNL893033AA,198399601
PNL527400AA,ENJe3e1ff7b44aeBR
PNL750468AA,ENJe4fdbd2607a8BR
PNL171805AA,648119705
PNL251232AA,ENJ2171dd275e94BR
PNL388183AA,ENJ618119d72b9dBR
PNL649088AA,ENJcedbad2903ddBR
PNL877626AA,ENJ42828070651dBR
PNL666803AA,287229398
PNL666773AA,ENJ91caaeab5b2cBR
PNL273241AA,883376987
PNL436740AA,ENJacde0f73f9a3BR
PNL680172AA,ENJ4595b698fe1fBR
PNL897162AA,921362830
PNL440171AA,ENJc2d4e6735d17BR
PNL922610AA,ENJbd68d4120476BR
PNL628882AA,ENJ8d72ea32328dBR
PNL266276AA,178089313
PNL699733AA,227756665
PNL107067AA,ENJad11c433943bBR
PNL486126AA,ENJ514669ee5c2dBR
PNL645563AA,ENJ9b65335ee198BR
PNL184635AB,ENJdd30fe841839BR
PNL672640AA,ENJddef29785d52BR
PNL026578AA,ENJbead8bbe5552BR
PNL525968AA,951315693
PNL732530AA,ENJ2ae3588c6eacBR
PNL492821AA,ENJ2789497c67d2BR
PNL100796AA,ENJ2555177dc763BR
PNL606301AA,ENJ668c63b8ca92BR
PNL951560AA,ENJc770bc84e211BR
PNL907794AA,ENJf1006b2e8ccfBR
PNL193864AA,445109639
PNL100065AA,ENJ03b2328a9cb6BR
PNL869372AA,ENJ4a34a701f322BR
PNL740596AA,ENJ555faaa95853BR
PNL183056AB,237095878
PNL636626AA,ENJe5dc4ce4a419BR
PNL740626AA,ENJ9b7570f11bd4BR
PNL666680AA,ENJ2ca3eb92d8f5BR
PNL668266AA,ENJfa344f7e1b91BR
PNL833974AA,ENJa1982e7b9841BR
PNL299205AA,ENJadf31b4c4c59BR
PNL740691AA,ENJ7a1f5ed6fe88BR
PNL638254AA,ENJ133939d64c0eBR
PNL650606AA,779240171
PNL740658AA,ENJabdb8fda1b2fBR
PNL974432AA,ENJc25d7dde9177BR
PNL838275AA,ENJ962b5f7d16abBR
PNL896242AA,ENJ09c24bdb40e5BR
PNL183062AB,ENJc2d8225388f6BR
PNL830453AA,ENJ712efbde4ff9BR
PNL740649AA,ENJa7520cb74e7aBR
PNL084031AA,ENJ5354d22456cdBR
PNL887004AA,ENJdf9b9e5aa3e7BR
PNL869353AA,ENJa2bb9745840bBR
PNL106800AA,ENJafaef4a2f685BR
PNL922149AA,567649786
PNL830498AA,ENJ9095067c313fBR
PNL747339AA,ENJ1ae843db3d1cBR
PNL188635AB,749795548
PNL747378AA,ENJdc3db0ce9bf5BR
PNL896664AA,ENJ82f7ed751ae2BR
PNL702470AA,ENJ6a5701481e5fBR
PNL661014AA,ENJ405bc07b784eBR
PNL160587AB,ENJ77c5597435beBR
PNL167960AB,727833589
PNL686623AA,ENJacbcd3920a20BR
PNL668306AA,ENJ3d50b2ba91d2BR
PNL905288AA,ENJ04e72e2dcf8dBR
PNL408361AA,ENJ3007f1fbf540BR
PNL648253AA,ENJd7f44b5f61a1BR
PNL682594AA,ENJ911609b3ad80BR
PNL726612AA,ENJa597c42d7cd2BR
PNL424161AA,ENJ57318d85e21eBR
PNL622791AA,ENJ8f8c16866b42BR
PNL913295AA,ENJ1afc6148bf7cBR
PNL845773AA,ENJ8938bedb613bBR
PNL696206AA,ENJddbf56c14e4eBR
PNL803744AA,ENJ7fc1caead96eBR
PNL626928AA,ENJ822a1d9d68b5BR
PNL725271AA,ENJa155ffd1007cBR
PNL463808AA,ENJc48f0f5a244aBR
PNL845786AA,ENJ1a96d194590dBR
PNL112162AA,ENJc779e53d6d6eBR
PNL905375AA,ENJea23a5e49184BR
PNL189379AA,ENJ1ceb4648e2f6BR
PNL747477AA,ENJb715810b65f3BR
PNL892243AA,ENJf54805e261d7BR
PNL664799AA,ENJ1ee384a3e0e8BR
PNL172150AB,ENJ59e1d56e5d61BR
PNL113002AA,ENJ2b99c9a119e8BR
PNL538882AA,ENJ7aff28190de7BR
PNL630627AA,ENJ89d841cd5220BR
PNL692715AA,ENJ5ceae2320e08BR
PNL632929AA,ENJ0695c217f0c9BR
PNL923702AA,735789345
PNL495976AA,ENJ49592bc55f24BR
PNL649575AA,ENJ96e3069b34deBR
PNL405168AA,ENJ1ec5e4555a0eBR
PNL299276AA,ENJ3cd5d2051269BR
PNL524266AA,ENJ1d43366324e0BR
PNL628946AA,ENJd9bb6c7f8711BR
PNL740747AA,ENJ96ad91b348b3BR
PNL827542AA,ENJ500017daab5eBR
PNL740737AA,926058102
PNL644846AA,ENJ91b6bba11565BR
PNL837724AA,ENJfaf40b7b90e6BR
PNL879189AA,949924892
PNL408430AA,ENJ858621b51542BR
PNL100837AA,ENJ3f8abbd1369dBR
PNL025394AA,ENJ9d0d400207b6BR
PNL454682AA,ENJf822ba60c481BR
PNL726690AA,ENJ5c8b4738ad9bBR
PNL884032AA,ENJ9e2857be610dBR
PNL545471AA,ENJ3c95ba9cfc22BR
PNL632937AA,ENJ7086774f81b7BR
PNL218866AA,ENJbca091c2e370BR
PNL151602AA,ENJ868b2be055c7BR
PNL699749AA,916296867
PNL921641AA,73879011
PNL600789AA,ENJ6f7841eaaf21BR
PNL684127AA,ENJ98b7bcce5d26BR
PNL731555AA,ENJd3a4617ebb91BR
PNL546359AA,ENJ533203c02b6fBR
PNL679595AA,297445532
PNL645557AA,ENJ8d6ce76622b2BR
PNL260157AA,ENJ707a8e34f51bBR
PNL628926AA,ENJee87af6d43a8BR
PNL718050AA,ENJbf05dff8b44aBR
PNL710037AA,315143718
PNL836256AA,ENJf37010d06bfeBR
PNL112163AA,ENJ1aa8d2307463BR
PNL879192AA,ENJ721f71f38aa1BR
PNL650641AA,ENJ78a06b982450BR
PNL861082AA,338867469
PNL731252AA,ENJ4c6f27f668b8BR
PNL184669AB,ENJ720e4ef16372BR
PNL909447AA,482276376
PNL188068AA,ENJ7491fe66735eBR
PNL188817AB,ENJ56133ea7d8c8BR
PNL698686AA,93072259
PNL629644AA,ENJ6a7af2a9338aBR
PNL691007AA,ENJ3dca4432dc16BR
PNL847359AA,ENJ59dcf11010f0BR
PNL849682AA,ENJf6f46acc4856BR
PNL218857AA,ENJfd1f06e3584eBR
PNL726593AA,ENJ4dff4880267dBR
PNL726595AA,ENJf0cc27531428BR
PNL105316AA,ENJe708fc2c51c6BR
PNL847844AA,ENJ793f56facc20BR
PNL750368AA,ENJ05a6444759d2BR
PNL661863AA,ENJ1c5e22665476BR
PNL852150AA,676088004
PNL151507AB,ENJ9bdb4ae79a73BR
PNL294625AA,ENJ4048f3091870BR
PNL184553AB,179578163
PNL740612AA,ENJ3fe452213d6bBR
PNL680672AA,ENJ7c24db6ec256BR
PNL740605AA,ENJa892e42f97baBR
PNL834007AA,ENJ7e07a2d00aadBR
PNL699687AA,157195536
PNL909390AA,ENJ093f6867d5d4BR
PNL683539AA,ENJf146e86b5219BR
PNL838287AA,ENJf5449a9d5950BR
PNL455762AA,ENJ4f682b52510cBR
PNL638264AA,ENJbd91f7b80b66BR
PNL974409AA,ENJ536aec242679BR
PNL537300AA,ENJ8f3d28eae5bbBR
PNL705559AA,421775470
PNL673755AA,85881397
PNL487478AA,ENJ86c8695e796fBR
PNL877308AA,ENJ9a0b5049ec47BR
PNL740623AA,ENJ55c4a1b0981dBR
PNL864080AA,ENJ637e7a67f564BR
PNL193935AA,592327513
PNL750394AA,ENJ2c9b9cfe19f5BR
PNL675502AA,865101401
PNL111473AA,ENJfaabc9165cc4BR
PNL877295AA,ENJe5e52020a63dBR
PNL680137AA,ENJd4b50663c51eBR
PNL917114AA,ENJ9ee7c8f5001bBR
PNL837560AA,ENJd251a92fcd40BR
PNL679528AA,ENJ667eb227db8eBR
PNL295705AA,ENJ0ac098cef150BR
PNL869447AA,ENJ292ae09468cbBR
PNL910767AA,ENJab4343e9bc2bBR
PNL750435AA,ENJ5c0434815adfBR
PNL861507AA,ENJf308363abf67BR
PNL524273AA,ENJf067a4098dd7BR
PNL260150AA,719189814
PNL025393AA,ENJ92cc751ce207BR
PNL911705AA,571869519
PNL563471AA,ENJf31c611f5eb1BR
PNL599161AA,ENJf7d76c6ea736BR
PNL913244AA,996578041
PNL737984AA,13761393
PNL974437AA,ENJd7c7e8ee0ecdBR
PNL106813AA,ENJ1b22589b7111BR
PNL747369AA,ENJc973c4e2e87fBR
PNL664632AA,ENJ77dd46fca3bdBR
PNL364239AA,ENJ15f9cd4624bfBR
PNL702480AA,ENJb4d096a5bc85BR
PNL714851AA,76689843
PNL830477AA,ENJ4471f6767e38BR
PNL705588AA,ENJ5c77489b362fBR
PNL183570AB,80330525
PNL515718AA,668721580
PNL471862AA,ENJfa87056d86faBR
PNL837564AA,ENJ091b869bba40BR
PNL025370AA,ENJ6e176d0ce628BR
PNL172097AB,ENJcc32e4cebfa2BR
PNL914789AA,ENJ0e1d80baa2e3BR
PNL747336AA,ENJ835bd132565eBR
PNL299181AA,ENJb49527fe34e0BR
PNL914786AA,ENJe8932bbfb46bBR
PNL870280AA,246792186
PNL923200AA,373449734
PNL855241AA,ENJ9ff984802117BR
PNL102657AA,ENJffb2885c9928BR
PNL675471AA,ENJ6d3cc81b0644BR
PNL183604AB,ENJfb28bab7c172BR
PNL648235AA,ENJ0f384276295eBR
PNL836214AA,ENJbfd8e4db42c9BR
PNL696187AA,ENJ3ccc85212a84BR
PNL661024AA,ENJ79ce3aff5608BR
PNL433814AA,ENJ209d23219ab5BR
PNL538876AA,ENJ59407ceea7f0BR
PNL724576AA,ENJ6f25ae5a4d96BR
PNL637608AA,ENJ532b03bb3522BR
PNL107013AA,ENJ085d247dda14BR
PNL684820AA,ENJ83bebc951854BR
PNL682598AA,524533906
PNL836220AA,ENJ7dd17e566f8aBR
PNL697523AA,ENJ07c791b0f8c9BR
PNL622421AA,562036451
PNL740671AA,ENJdad28d5f3beeBR
PNL084503AA,ENJa75ab95391cdBR
PNL913249AA,ENJ159f7eb6ea56BR
PNL189372AA,ENJebaa5c1dc9ddBR
PNL879137AA,289286552
PNL915126AA,ENJ8460b159df43BR
PNL391417AA,ENJ3fa32090ca83BR
PNL216830AA,ENJ314a5c52edd7BR
PNL180008AB,ENJ8b820daf5327BR
PNL661924AA,ENJ237fb4a4beacBR
PNL921322AA,368925628
PNL025369AA,ENJad1db4b9c1f5BR
PNL680688AA,42208728
PNL668290AA,ENJ6cc41066f3fdBR
PNL184578AB,ENJ53c6beac6707BR
PNL686165AA,ENJ0011a7dbf3d6BR
PNL648239AA,ENJ37095d9a3a76BR
PNL837527AA,ENJ2bc553aa14baBR
PNL159737AA,ENJa85a05ea07b5BR
PNL709458AA,ENJf30c758ad672BR
PNL145499AA,ENJ7b906066560bBR
PNL107043AA,ENJ06d46de96955BR
PNL830439AA,ENJa7137bc88713BR
PNL679546AA,ENJ6100b3a35684BR
PNL879168AA,ENJ4a7c11a73f37BR
PNL172111AB,ENJ4a77a261cbfcBR
PNL864084AA,ENJ98591fd44422BR
PNL596145AA,ENJ65dcf0e98e3eBR
PNL737934AA,ENJ422e02c0ae3eBR
PNL090496AA,ENJ0d7cc7ea9f68BR
PNL747387AA,ENJ96126437834cBR
PNL694718AA,ENJ64320864c87aBR
PNL654516AA,ENJ292d59e7d950BR
PNL458243AA,ENJ2d8f6c3e5764BR
PNL683529AA,606970815
PNL622799AA,249003253
PNL679600AA,ENJca8864dec517BR
PNL167995AB,ENJ066ad62155d7BR
PNL166165AA,ENJeaa902432282BR
PNL687639AA,ENJ9ed6b2c79dc1BR
PNL869435AA,ENJef538c19b7ecBR
PNL693162AA,572024396
PNL432390AA,ENJfaf6ed390568BR
PNL628942AA,ENJ2013e4f47924BR
PNL538883AA,ENJb0878b49946cBR
PNL649579AA,ENJeb018a5b8556BR
PNL179048AA,ENJ372dc15a766aBR
PNL686638AA,376373157
PNL686636AA,737111005
PNL830975AA,ENJ572a9f0c8f30BR
PNL202868AA,988638906
PNL742524AA,782474105
PNL537352AA,ENJ44456f89372eBR
PNL882397AA,ENJ36ec79b62f3eBR
PNL104075AA,ENJ33331d8d3471BR
PNL516627AA,ENJ36bf208b5050BR
PNL259862AA,489504622
PNL628939AA,ENJ2792132a701eBR
PNL107081AA,ENJ0cc7abb85a8cBR
PNL742511AA,ENJ61f96a9d105bBR
PNL913304AA,ENJ60768b70b070BR
PNL680168AA,413895103
PNL837719AA,ENJ435e2fbad6eaBR
PNL160667AB,ENJ7a60bfa0680fBR
PNL257380AA,ENJ0d96ee66efedBR
PNL740731AA,ENJ153e385e639dBR
PNL599209AA,ENJebaf9ab65149BR
PNL693169AA,ENJf41c83def04cBR
PNL179034AA,918310848
PNL166156AA,143722654
PNL106841AA,ENJbefd18980cbfBR
PNL668319AA,974085117
PNL673804AA,ENJcc9c05d1de6cBR
PNL545493AA,ENJeea8ac123278BR
PNL913289AA,ENJaa386229352fBR
PNL650648AA,ENJ0a7a7362a424BR
PNL687309AA,ENJ9902a5cbb3fdBR
PNL183623AB,ENJ132c7b4b07c7BR
PNL742520AA,ENJa3b4d1812ffdBR
PNL107744AA,ENJ4e3aeca981c6BR
PNL527428AA,232102878
PNL622817AA,ENJ3c2c205a104eBR
PNL710043AA,ENJ4271a2ae1ffeBR
PNL877327AA,ENJ6cfbf5bfc4daBR
PNL836271AA,ENJ7c846e39c0e9BR
PNL560332AA,ENJa0027585eae3BR
PNL172168AB,ENJ93d638212bd7BR
PNL868067AA,146217114
PNL648293AA,ENJe6586bbd5b16BR
PNL705643AA,ENJa708da10b57dBR
PNL742515AA,682932476
PNL188605AB,ENJ9fc4a5e7e854BR
PNL684129AA,ENJ4cc4b5e6264dBR
PNL710048AA,ENJd3116cf63ff1BR
PNL219190AA,ENJ58d7f4151c36BR
PNL202857AA,ENJ50eba7e336a9BR
PNL694751AA,ENJa65bcf0a6dd8BR
PNL179028AA,ENJ81ed6183a55fBR
PNL107085AA,ENJ4122be2a1721BR
PNL851475AA,ENJd7b746782fa6BR
PNL656275AA,977277644
PNL666796AA,931968544
PNL159744AA,ENJ5f40ec6d5e10BR
PNL563487AA,ENJ906a2809e3d6BR
PNL172158AB,ENJf19183f5b4d8BR
PNL843009AA,ENJ9ce38b6b7ea8BR
PNL637636AA,ENJ254e8331c1faBR
PNL296596AA,ENJc69f19c44544BR
PNL619124AA,ENJ92e077687a6aBR
PNL202865AA,ENJa02e504ac355BR
PNL151566AB,ENJ4c146279abcdBR
PNL598977AA,ENJf865058f5809BR
PNL692670AA,ENJbf32cebd1811BR
PNL408395AA,ENJce0842b10016BR
PNL902076AA,943888102
PNL731250AA,ENJa3d89762e30cBR
PNL747476AA,ENJad44dad862bfBR
PNL107025AA,ENJ3e49d3c5d29fBR
PNL905283AA,ENJ1de5a7dbf49dBR
PNL098391AA,ENJdee318e15648BR
PNL837581AA,ENJ18377659763fBR
PNL415482AA,ENJ1f5f6e12adcdBR
PNL724583AA,ENJ2c7dee95ba41BR
PNL664658AA,432661424
PNL025368AA,ENJ9faed091c76eBR
PNL102208AA,ENJc57ee8265f3dBR
PNL182088AB,893270842
PNL919751AA,ENJf3ba68e772deBR
PNL182092AB,ENJ773c1629c5dfBR
PNL740666AA,ENJdf971b1f54fcBR
PNL673066AA,ENJad192c0188a9BR
PNL122642AA,ENJf36058fcdc1bBR
PNL851391AA,ENJ27c4569d5f46BR
PNL897179AA,116651512
PNL160576AB,ENJe95b28fd083aBR
PNL202800AA,ENJ08af65df82f0BR
PNL699736AA,ENJ07047c2c2746BR
PNL885789AA,ENJb29e14743516BR
PNL072659AA,ENJaf76afcc7733BR
PNL851384AA,186409269
PNL186321AA,ENJf257c813f399BR
PNL193865AA,439974185
PNL408399AA,ENJ65f711eb4724BR
PNL638281AA,ENJ35b4602e8d7eBR
PNL628872AA,ENJ0e808e243f60BR
PNL628830AA,ENJ46b20fccc269BR
PNL525969AA,407587007
PNL737939AA,ENJd4e4d72cc145BR
PNL887070AA,ENJ06e96c6fa695BR
PNL600420AA,ENJ913b0dca1ed1BR
PNL666648AA,403007007
PNL626881AA,ENJd16c0561af8dBR
PNL830915AA,ENJ3a6644a7aba2BR
PNL830428AA,ENJ7f8ee87e050aBR
PNL204502AB,ENJbfcbd3fe3858BR
PNL855089AA,ENJc2fdd67a0e82BR
PNL861063AA,888218637
PNL882362AA,106900026
PNL599175AA,ENJe6c453d26f64BR
PNL974487AA,ENJeb1629034f9fBR
PNL732563AA,ENJ71aea42b3cdaBR
PNL596143AA,ENJa8132065239cBR
PNL145497AA,ENJ5f971eee198aBR
PNL737950AA,ENJec7c34b3feb5BR
PNL668275AA,841939077
PNL724582AA,692487751
PNL182442AA,ENJ13263067be11BR
PNL415483AA,ENJ8a7b0f56361aBR
PNL664628AA,ENJ7cf554b4f8d0BR
PNL166140AA,ENJ12cd18301709BR
PNL661857AA,ENJ530907b3ecc2BR
PNL662000AA,ENJ26a66382bea2BR
PNL696178AA,ENJe0d8a23ff541BR
PNL605449AA,ENJcd86892ee472BR
PNL415484AA,ENJ73c8b15cb315BR
PNL830442AA,ENJ5c797355649fBR
PNL830472AA,ENJ575ad9375029BR
PNL525967AA,ENJba9a512b5a5cBR
PNL924183AA,595629413
PNL099369AA,ENJ5070c69e8886BR
PNL847812AA,ENJ376023dbf418BR
PNL219163AA,ENJbef9d13096aeBR
PNL180068AB,640477559
PNL649563AA,ENJ2a991f6f44b9BR
PNL363433AA,ENJ77dcd2a029fbBR
PNL855315AA,ENJ698257ab7da4BR
PNL629665AA,ENJf7fd273edce5BR
PNL830973AA,ENJf4644b523938BR
PNL870305AA,ENJfaaa19890d3eBR
PNL162331AA,993657518
PNL845799AA,ENJa0e4a160b79bBR
PNL649568AA,ENJ96211d78b2d8BR
PNL680180AA,ENJe0770cc6e734BR
PNL454139AA,ENJ8c26ab07b59aBR
PNL113003AA,ENJc7c6f7dc8c83BR
PNL193981AA,ENJd6b021cdd228BR
PNL622821AA,ENJ53a9ca364834BR
PNL837691AA,ENJ667d648a8c9dBR
PNL678396AA,383651312
PNL726706AA,ENJ5ef31e134ef7BR
PNL084060AA,ENJ03ddc9224aeaBR
PNL726689AA,782289234
PNL598978AA,ENJe0bedb506f06BR
PNL877336AA,214746621
PNL391428AA,ENJ651948a1a95dBR
PNL632927AA,ENJ74eebd18ccbbBR
PNL686212AA,ENJ63bf42a8478bBR
PNL896283AA,963261152
PNL837690AA,ENJd1714dc45e99BR
PNL864163AA,ENJ2c2d5bebf8b3BR
PNL391424AA,ENJf50930ff3283BR
PNL868881AA,201020676
PNL415496AA,ENJ6a7cb6b0d38fBR
PNL204542AB,ENJfc992dd08af5BR
PNL072661AA,ENJe66e9ce0b7c2BR
PNL600487AA,142939574
PNL100834AA,ENJc8185d9e3223BR
PNL885815AA,ENJ172875eb4466BR
PNL698800AA,ENJb80a4c0ced0dBR
PNL680174AA,ENJ38951793a66bBR
PNL537365AA,ENJabce6d6b10a4BR
PNL852169AA,ENJ71dae61f3519BR
PNL827538AA,ENJ1999c84c8b75BR
PNL084073AA,ENJaf95131b81eeBR
PNL622442AA,ENJ33fc3c30b847BR
PNL874522AA,ENJ6171e6a36685BR
PNL644841AA,ENJeebe0f052d3aBR
PNL731566AA,ENJ0082623c903aBR
PNL160682AB,ENJd1f2c337659fBR
PNL693170AA,44458621
PNL111496AA,ENJc0b238a45602BR
PNL160017AB,757793489
PNL622437AA,ENJ643a3b8ad1fcBR
PNL375147AA,ENJ11041991cbdbBR
PNL914851AA,ENJbb61b49e8cbeBR
PNL039635AA,ENJ3279fd8e66c5BR
PNL583510AA,ENJab0afe43e1bcBR
PNL845785AA,ENJ341fe3960f83BR
PNL458251AA,ENJa385b5c793c4BR
PNL026643AA,ENJ3b932bc5362bBR
PNL837697AA,ENJ89ad86df9eb8BR
PNL864175AA,ENJ24223f42657aBR
PNL183621AB,ENJba442a38328bBR
PNL705650AA,ENJ5060cbf8d722BR
PNL515749AA,ENJ1806d81efeb9BR
PNL659107AA,ENJ78fe625d7dbeBR
PNL673083AA,841821106
PNL838334AA,ENJ58e1310b07ecBR
PNL847869AA,ENJf8a6bd14aabcBR
PNL586757AA,ENJ52e0afb70135BR
PNL837705AA,ENJa58a346c29dcBR
PNL656280AA,450110536
PNL111494AA,ENJ4adb2052f1c5BR
PNL705640AA,ENJ5750f265c630BR
PNL864141AA,ENJ901ed14267d1BR
PNL373839AA,ENJ3c0578daef77BR
PNL438132AA,ENJbb9eeed08752BR
PNL705521AA,ENJae645c2f7cfeBR
PNL378285AA,ENJ52dedab4a5dcBR
PNL697518AA,ENJ0fb655e9ca8dBR
PNL852143AA,550292626
PNL650616AA,ENJa79055b3c244BR
PNL833981AA,ENJ240393851497BR
PNL359699AA,ENJd6f85105418cBR
PNL880461AA,ENJc0087dc21773BR
PNL913252AA,ENJ5fe4154fa640BR
PNL877550AA,ENJ9e000c5272a1BR
PNL896207AA,790062224
PNL920263AA,ENJ7c4ad8215721BR
PNL666707AA,ENJddc78bc7b885BR
PNL868839AA,ENJ94a598064478BR
PNL691019AA,ENJd87a33443cbbBR
PNL845707AA,ENJ82fbd76bc246BR
PNL193862AA,ENJ92cf82366640BR
PNL495956AA,ENJ3849fc75acd2BR
PNL188991AB,ENJd10295dc4416BR
PNL869391AA,ENJ0263ee71c096BR
PNL882616AA,ENJad8d9d37cf09BR
PNL537284AA,ENJ19d7fd06dc3cBR
PNL632882AA,ENJc7b8f9448141BR
PNL605446AA,ENJe83d759ebdbaBR
PNL628795AA,ENJ782ab2f31908BR
PNL515712AA,ENJ7191eac3d53bBR
PNL666712AA,ENJeca00aaf1363BR
PNL456593AA,ENJ3b73ad08988bBR
PNL684102AA,ENJ743c448b361fBR
PNL668271AA,ENJ6e2fd85ebf1dBR
PNL189000AB,ENJ4dd0c8a133a4BR
PNL707496AA,ENJ809a619f952eBR
PNL906965AA,ENJ1d15cf29736bBR
PNL350417AA,ENJc04ee4d14ac4BR
PNL622425AA,ENJf528fd0b7b5cBR
PNL868873AA,ENJd865f94dc011BR
PNL891298AA,ENJdc62181411a6BR
PNL182120AB,ENJ4506434b0cb6BR
PNL851459AA,ENJ270116d01af7BR
PNL915138AA,394316617
PNL877629AA,ENJ39765dc4e701BR
PNL166139AA,22229459
PNL116729AA,ENJ598279a5b597BR
PNL645522AA,ENJ63ab9f5874dbBR
PNL676241AA,ENJf13723309c82BR
PNL920819AA,413086361
PNL251658AA,ENJad66ea8d83adBR
PNL974427AA,ENJ40a2f1f1e955BR
PNL182090AB,ENJf7440813aff8BR
PNL740644AA,ENJe4af3264a790BR
PNL803706AA,ENJa3fc4256e415BR
PNL174749AB,ENJa76f62d1f37aBR
PNL560311AA,ENJ5cddd1921a45BR
PNL709452AA,ENJ23b9532f90cfBR
PNL684776AA,ENJe5dfb2112d54BR
PNL487476AA,ENJ578fcb8a313eBR
PNL911697AA,ENJ2f4f56fb367dBR
PNL166106AA,ENJd638531994a6BR
PNL188544AA,42211802
PNL098385AA,ENJfd7609056c21BR
PNL590787AA,ENJ47805c214c6cBR
PNL408364AA,ENJbf9f69be1b5dBR
PNL921315AA,ENJ9a3d7340b240BR
PNL709456AA,671788046
PNL892208AA,ENJ04ca8d5fbcb9BR
PNL866981AA,ENJac4d4a3cc555BR
PNL924210AA,ENJd5097c22be25BR
PNL845673AA,ENJ60dc0ad618f8BR
PNL514958AA,ENJ940ddcbf5fbfBR
PNL877282AA,569493822
PNL879143AA,ENJ755b56517c41BR
PNL626893AA,ENJ0f21ca062402BR
PNL892218AA,846512722
PNL885792AA,ENJ15a7a673a237BR
PNL527318AA,ENJ25a79eb71d3aBR
PNL830441AA,ENJd6c417438c21BR
PNL891261AA,ENJ5b1a3a6c6d5bBR
PNL563470AA,ENJ7b73bb894b0aBR
PNL439321AA,ENJ329725a6e7a9BR
PNL499095AA,ENJ8c441c99a0c0BR
PNL098406AA,ENJ04f582c25900BR
PNL218850AA,ENJc85c738762efBR
PNL705556AA,ENJe7038f71237dBR
PNL702483AA,ENJ5acc258e1c95BR
PNL454611AA,ENJ96fe6eab9c92BR
PNL882001AA,ENJ68ce80bbe314BR
PNL084519AA,ENJ844d35e82892BR
PNL732556AA,ENJaafaf9dcde1cBR
PNL974424AA,ENJdf52f304a817BR
PNL882374AA,251957030
PNL545443AA,ENJeeb0c420d694BR
PNL692665AA,ENJ38772049ae1aBR
PNL880457AA,808165093
PNL100794AA,ENJ2935adc4415aBR
PNL705534AA,ENJaabe08c104d1BR
PNL107026AA,ENJ6fe58ff91a3aBR
PNL684789AA,ENJ09c74154b27fBR
PNL190553AB,ENJceb3b9403090BR
PNL172109AB,112827243
PNL924185AA,272233619
PNL582004AA,ENJ87d950a6dcbbBR
PNL645520AA,ENJfa33de1f44c9BR
PNL907787AA,ENJf86a9bff9f17BR
PNL955048AA,ENJ07dab71ac28fBR
PNL414154AA,ENJ1e7db6817df4BR
PNL542042AA,ENJ7fbadb8ebf02BR
PNL654505AA,324298266
PNL911694AA,717729253
PNL803719AA,ENJb32345801010BR
PNL699701AA,ENJ5787ce14265dBR
PNL702501AA,ENJ5141a42f935dBR
PNL112143AA,ENJe3188843794fBR
PNL596127AA,735734656
PNL251677AA,511656572
PNL599168AA,ENJf4cf6566aba8BR
PNL183578AB,ENJ6fb9c65e75b1BR
PNL133084AA,ENJ9566020ef6b1BR
PNL750362AA,ENJ3e512aa6a667BR
PNL664627AA,789038050
PNL381483AA,ENJ42e2d85c5ba6BR
PNL747344AA,ENJ625d752f1664BR
PNL160011AB,ENJ47d1b5b371c6BR
PNL187354AA,ENJ9a7652172b17BR
PNL684780AA,615906823
PNL891251AA,ENJ8c0f03f240a7BR
PNL870287AA,ENJacde5d519417BR
PNL869376AA,893894634
PNL524205AA,75052782
PNL845685AA,ENJd266edd98b2dBR
PNL183568AB,635050953
PNL845668AA,ENJbda7162e5718BR
PNL524207AA,ENJ7a290de6208dBR
PNL737926AA,ENJea27796323adBR
PNL495965AA,ENJ023757f73184BR
PNL830924AA,ENJ7c45a8500d9dBR
PNL921643AA,341719194
PNL575266AA,722544851
PNL666805AA,ENJ36717467f968BR
PNL849710AA,ENJe4206676c81dBR
PNL718052AA,725620668
PNL025410AA,ENJcbcaebf49818BR
PNL527427AA,359040266
PNL676298AA,ENJ11380af7bf1dBR
PNL188614AB,ENJ3e46eeb692a2BR
PNL687320AA,558750186
PNL672703AA,635427919
PNL408434AA,ENJ05439e81b23eBR
PNL515760AA,818064731
PNL803748AA,ENJe8cc436a4ba7BR
PNL731553AA,ENJ8dea0450ce2bBR
PNL837655AA,ENJ0484fc881420BR
PNL896290AA,ENJa33dcb4c26bfBR
PNL177087AB,ENJ9c7f92150953BR
PNL689032AA,ENJd0bc2be36a1bBR
PNL648281AA,ENJ308a3ac2a0b3BR
PNL687311AA,ENJ9b29262dc0d4BR
PNL837743AA,ENJ1088f358fabfBR
PNL622826AA,ENJ5eccb2011579BR
PNL691061AA,ENJ93faa776c9b0BR
PNL750474AA,ENJ219d0ac27dd3BR
PNL598972AA,ENJd48056c481f6BR
PNL879190AA,25460913
PNL923219AA,231399433
PNL661866AA,895626365
PNL891316AA,ENJ3f49ecf48453BR
PNL116733AA,657442301
PNL497404AA,ENJ2f0194dc8723BR
PNL859021AA,ENJ5ab0deaf4b46BR
PNL206054AB,ENJ2cccbcc47fbdBR
PNL750462AA,ENJ08140e377a4bBR
PNL026628AA,ENJfc9e1a8e6daaBR
PNL849709AA,ENJ74d08f1d43eaBR
PNL599211AA,ENJ20cf5fb20891BR
PNL235409AA,ENJ7079cee6d96cBR
PNL684131AA,ENJ52ef973c6194BR
PNL188553AA,ENJe5f85c06d291BR
PNL907786AA,ENJ6efa8d478152BR
PNL107022AA,ENJ28325b5b636eBR
PNL837521AA,ENJ7a1f068aac77BR
PNL195941AA,ENJ570410ee9b69BR
PNL098813AA,ENJ2d33393bccb8BR
PNL661832AA,ENJd8b63dca13caBR
PNL188624AB,ENJ04a46802f695BR
PNL254829AA,ENJ39c53ee01797BR
PNL955050AA,ENJ66d38052f8dcBR
PNL486097AA,ENJ3963d1957a03BR
PNL560339AA,ENJ01db28824796BR
PNL375144AA,ENJfa71896554f1BR
PNL675490AA,ENJ828bc9b50b46BR
PNL713282AA,ENJ93a0523fa437BR
PNL672643AA,ENJ590bc19788a8BR
PNL845652AA,ENJ224ad51eb8bbBR
PNL830490AA,ENJf4e3ac1494f9BR
PNL686122AA,124889968
PNL906951AA,8528534
PNL174733AB,ENJde2ef2f3cdcbBR
PNL525988AA,ENJe264b0e38f2fBR
PNL747330AA,444290054
PNL845654AA,ENJf3d021c21ec0BR
PNL661853AA,ENJ50752ef324dbBR
PNL649014AA,ENJa7230b29a478BR
PNL830934AA,ENJ9c8f89818f6dBR
PNL174739AB,ENJccad51885662BR
PNL172095AB,110652642
PNL726618AA,ENJ22c11bb934d0BR
PNL659089AA,ENJ6771e62cad6eBR
PNL100795AA,ENJ0df6877f1321BR
PNL540254AA,ENJ052b0fcc097cBR
PNL906958AA,ENJc08373aa0bd9BR
PNL689023AA,ENJee2f29fb7ffbBR
PNL378282AA,ENJ1d6a51d57a9cBR
PNL869342AA,587723806
PNL845645AA,ENJ0d2c4be350c4BR
PNL219170AA,ENJddde75a2ae37BR
PNL845708AA,ENJ5528289256afBR
PNL905308AA,ENJ4b0799d989f4BR
PNL514973AA,ENJ6d6fa4e30b63BR
PNL649047AA,ENJ5dbed4bf2821BR
PNL373842AA,ENJ719cbf18ea6eBR
PNL664678AA,ENJ435ea4a3f59fBR
PNL691047AA,ENJ2a0e94065fdcBR
PNL182089AB,ENJ3d72008534a2BR
PNL216816AA,ENJb310e0a59b59BR
PNL542046AA,ENJ911d10fcfc52BR
PNL877565AA,ENJb94c4b460c1bBR
PNL606323AA,ENJc4d0efcad745BR
PNL193885AA,ENJ3d0cd1d5d1ceBR
PNL692688AA,ENJ0d02c6d3d2f0BR
PNL203170AA,ENJcfe1731f5df2BR
PNL881999AA,931214169
PNL659093AA,ENJ81102935b1cdBR
PNL537935AA,ENJ0f9ab7225188BR
PNL106821AA,ENJe87bd8c7b517BR
PNL100799AA,ENJbf39c08bd046BR
PNL680681AA,ENJ9289e3e9dd4dBR
PNL172115AB,ENJ8b8d4f1d7b91BR
PNL698751AA,ENJ3d9da6c1e37bBR
PNL112146AA,ENJ4a8d708dced3BR
PNL906218AA,721274678
PNL868835AA,ENJ829fab6714b1BR
PNL514988AA,ENJ0d10a70e2b6dBR
PNL870265AA,ENJf586029bda07BR
PNL851397AA,ENJa5e2f6c11bdeBR
PNL750375AA,ENJ692df647209dBR
PNL678359AA,ENJac394a1a2e0cBR
PNL868859AA,ENJc3100810e45dBR
PNL188625AB,820153418
PNL896261AA,ENJbf14098842eeBR
PNL525966AA,ENJ99e0c14505b7BR
PNL026655AA,514677115
PNL524280AA,183960712
PNL151555AB,57500727
PNL168000AB,ENJc6f7131a0a0aBR
PNL909463AA,418475522
PNL834048AA,ENJe0ad5da4fe6fBR
PNL179011AA,674162416
PNL747502AA,ENJ95ae74842155BR
PNL193977AA,ENJ8ad49f284d94BR
PNL740748AA,ENJ293c3c1e6c16BR
PNL869437AA,ENJ29d6a8387d03BR
PNL177079AB,ENJ0be106fddc52BR
PNL713308AA,ENJb7d53247be1bBR
PNL606347AA,ENJ050042279356BR
PNL025391AA,ENJaaf3347fc66cBR
PNL666804AA,ENJc8c15b543ef4BR
PNL299268AA,ENJ2e152eb541daBR
PNL437381AA,ENJ6b3b80e0daf2BR
PNL644839AA,ENJ0adb8cd1a1b9BR
PNL640669AA,ENJbf81842e4017BR
PNL892249AA,ENJ8d2eb063ae6dBR
PNL632938AA,ENJ4fdca0fca29dBR
PNL686203AA,962337763
PNL182130AB,ENJ0dcd0ebf18a4BR
PNL206100AB,ENJc95b9dbe8184BR
PNL102229AA,ENJbe9ccfb62ed9BR
PNL542062AA,ENJ76fe7577908fBR
PNL902087AA,ENJ743a04d683b9BR
PNL112159AA,ENJ922fbf56021bBR
PNL837693AA,ENJb5894144a181BR
PNL877642AA,ENJ61a018a7d6c1BR
PNL650645AA,ENJe224ec9d0a77BR
PNL084061AA,ENJ7b660ab8444aBR
PNL711262AA,ENJ1e4dd426c040BR
PNL527405AA,871536013
PNL683606AA,ENJe66e41adbeaeBR
PNL923232AA,ENJ2771d3c204caBR
PNL590823AA,813932750
PNL600781AA,124663115
PNL638304AA,ENJcf7471aaebdaBR
PNL381740AA,ENJfa8d9f673b6eBR
PNL673811AA,ENJ84a462256818BR
PNL884006AA,ENJf0a017afbb58BR
PNL834078AA,ENJ3d3e589ee5ecBR
PNL838359AA,ENJ3797407f7dc4BR
PNL167013AB,556447872
PNL742516AA,ENJ445765b08fcdBR
PNL680177AA,ENJe9c6acc56ab2BR
PNL869469AA,159683130
PNL845813AA,ENJ94637b80519dBR
PNL687319AA,337021341
PNL686196AA,ENJef9a24ef593bBR
PNL724304AA,ENJ157a517a93a6BR
PNL710051AA,ENJ41d5e9c05562BR
PNL698801AA,381252477
PNL382262AA,ENJ8913cf7c92adBR
PNL666772AA,170400257
PNL414166AA,ENJ6bf9f5ad6096BR
PNL184701AB,ENJb1c36e247646BR
PNL219200AA,ENJ556f913c498bBR
PNL619120AA,ENJ3412286d3ae2BR
PNL084077AA,ENJeffc046510f9BR
PNL923705AA,ENJdab3f4a30558BR
PNL524263AA,ENJc3143e71a972BR
PNL449391AA,ENJda1dbb556b3dBR
PNL847887AA,ENJ3b414dc789c4BR
PNL626914AA,ENJ9764c84f6988BR
PNL106808AA,ENJ7a891d0b8d0dBR
PNL537317AA,ENJd38835a457bdBR
PNL527356AA,ENJ268f96a28232BR
PNL693128AA,233967761
PNL851405AA,888058921
PNL515721AA,ENJb9e32a5faf16BR
PNL870275AA,354817163
PNL177064AB,ENJd2b23249679bBR
PNL680679AA,840853788
PNL661926AA,674401993
PNL827516AA,ENJc263818bb763BR
PNL632902AA,ENJf79d68ed337bBR
PNL193903AA,ENJ4d36818b2899BR
PNL847345AA,ENJ7894533cecb6BR
PNL914790AA,246725361
PNL836235AA,ENJ8c0996eba924BR
PNL838255AA,ENJc340a04173a3BR
PNL855186AA,ENJ880637f994b7BR
PNL626908AA,ENJ9c46efeed097BR
PNL740622AA,775744802
PNL838257AA,ENJd85a4f8455e4BR
PNL915117AA,796911317
PNL649054AA,ENJdd08d2ecabceBR
PNL596144AA,ENJ559700ee5d2eBR
PNL174722AB,ENJcd3b05f3bb59BR
PNL847824AA,ENJ394087f7e1ceBR
PNL951572AA,ENJ0eb8a1360b2bBR
PNL492826AA,ENJdace0210d470BR
PNL405153AA,ENJ0ca3308dc64eBR
PNL421205AA,ENJdcb1dee48cc2BR
PNL378281AA,ENJ7a3c1ff0eb96BR
PNL855220AA,ENJb39758fc6af9BR
PNL885807AA,ENJ7e65fdc74981BR
PNL675463AA,490430319
PNL951564AA,ENJ00fa84a57a9cBR
PNL672654AA,282583901
PNL750397AA,ENJ1b52c3b97873BR
PNL606300AA,ENJ25da0d31b117BR
PNL675478AA,165881505
PNL545428AA,ENJa522b3fa0372BR
PNL160602AB,ENJ6210ff53596eBR
PNL676256AA,984311958
PNL112140AA,ENJ418d26246fe8BR
PNL188622AB,ENJ3a3f5644ff3bBR
PNL590788AA,ENJfee1b2a03b93BR
PNL726594AA,ENJb6c6702df8ceBR
PNL922151AA,ENJd7fdf13d7c05BR
PNL891234AA,ENJad17b165aa3eBR
PNL737982AA,110270753
PNL408373AA,ENJ0c92912654adBR
PNL922160AA,ENJ59c0b060712dBR
PNL219162AA,ENJ5f58c161775bBR
PNL974419AA,ENJ8de688b61eaeBR
PNL632892AA,ENJ1fbe02dc21f3BR
PNL014708AA,403342721
PNL686120AA,ENJ51e785680a96BR
PNL289368AA,ENJb33b99b389eaBR
PNL649070AA,ENJa7bc3bc03f13BR
PNL039640AA,ENJbbe7e9e33377BR
PNL459008AA,ENJ028ce5c8b823BR
PNL174766AB,ENJ3d8d035f2191BR
PNL850317AA,ENJe46f24cddf2fBR
PNL216831AA,ENJc4f51702a70fBR
PNL659105AA,ENJ0d2233e007cdBR
PNL454124AA,ENJbffbdcc6cdc6BR
PNL206048AB,ENJee60d4b4aa8dBR
PNL909454AA,ENJ1eb926530f06BR
PNL388180AA,ENJ8dd9d0d07482BR
PNL847388AA,ENJf3184075ce2cBR
PNL851400AA,96776163
PNL974375AA,ENJ17dcb669ea01BR
PNL166121AA,ENJ7e7bea861f39BR
PNL905276AA,272120194
PNL913268AA,ENJ8147597cdcd2BR
PNL645519AA,ENJ2988f3ab5b20BR
PNL682590AA,ENJ10e306f724d8BR
PNL182436AA,ENJ380f1cd3de0dBR
PNL416936AA,ENJe9a3b7b55aa7BR
PNL692669AA,301690164
PNL838281AA,ENJ34ae8cc23ae6BR
PNL847814AA,ENJ521800fc0becBR
PNL693137AA,ENJ714a103bfbcfBR
PNL726600AA,487357824
PNL726627AA,ENJ2be2a8caabc1BR
PNL391764AA,ENJ88537a492650BR
PNL679530AA,ENJ86ee7346b308BR
PNL582002AA,ENJce694de3a42aBR
PNL160589AB,138683071
PNL469060AA,ENJ84ab3e212f6bBR
PNL216810AA,ENJa220ca8803e1BR
PNL682607AA,234403929
PNL686105AA,ENJ0a016cd9b2bcBR
PNL882358AA,494323833
PNL827512AA,ENJ0d0e39293befBR
PNL673760AA,ENJ4ee8f6930717BR
PNL897190AA,ENJ6d848530191bBR
PNL525985AA,ENJc3aee5b0d09eBR
PNL680152AA,ENJ9cf3feaa20c7BR
PNL650607AA,ENJ1b116d84f2aeBR
PNL750358AA,ENJ14a2c0059d39BR
PNL098405AA,ENJa58668b56a60BR
PNL896249AA,ENJ563ed1779fcaBR
PNL193873AA,ENJ60a2d6bb0a07BR
PNL827514AA,ENJd6630a7cb5abBR
PNL084530AA,ENJ40b7333703efBR
PNL546338AA,ENJ38614b38fef0BR
PNL919745AA,ENJd0811522182aBR
PNL515715AA,321487481
PNL740599AA,769827471
PNL106023AA,ENJde0987f4c8d6BR
PNL160629AB,ENJ4b30435551d7BR
PNL202828AA,ENJ13b98c75b113BR
PNL845656AA,ENJ4741e9d36cd3BR
PNL622804AA,9556305
PNL698687AA,21568132
PNL750421AA,ENJ95df2ecfaf26BR
PNL732538AA,565356785
PNL750391AA,ENJd5a1c776f51fBR
PNL289361AA,ENJb72c435bc663BR
PNL740597AA,507933175
PNL868014AA,ENJ0508058de85bBR
PNL098387AA,ENJ32f27315f2faBR
PNL183063AB,ENJdadd0f93b58cBR
PNL182093AB,660806582
PNL190575AB,ENJf76ff44ca2dbBR
PNL731218AA,ENJd01368416697BR
PNL737938AA,338574511
PNL686620AA,ENJ1ab64210a181BR
PNL917112AA,ENJfd14087630aaBR
PNL649538AA,ENJdce4adbcd170BR
PNL188795AB,ENJ136fca6c5a14BR
PNL914773AA,282212474
PNL709462AA,ENJ2b544cbe355bBR
PNL740617AA,ENJc1fd268a1609BR
PNL648237AA,ENJd69e85147b85BR
PNL974391AA,ENJ663b8a4f3b7bBR
PNL183052AB,ENJ58c272faab1bBR
PNL537289AA,ENJb349082b6588BR
PNL586726AA,ENJ109b87603740BR
PNL921615AA,160409327
PNL914819AA,ENJ1310597c28a1BR
PNL606298AA,ENJ5b5a2167b141BR
PNL855209AA,ENJd92b8b507174BR
PNL410961AA,ENJ9c0d10ab3858BR
PNL411002AA,ENJ3d0882d7d248BR
PNL868062AA,ENJaedfda172f9cBR
PNL619131AA,ENJacb102c5786cBR
PNL726692AA,501529553
PNL920298AA,ENJc13d1554b11dBR
PNL151543AB,ENJ1d6123cc1405BR
PNL516628AA,649555319
PNL747495AA,ENJ1cbda94659e2BR
PNL515766AA,ENJ53fdc763df36BR
PNL837744AA,ENJ2496d428caf6BR
PNL187392AA,ENJ0d2a13a51f25BR
PNL106026AA,ENJc114f5c0ddd5BR
PNL183081AB,423939996
PNL206105AB,ENJ35a983b53bffBR
PNL161684AB,ENJ28e632269080BR
PNL646046AA,ENJ8288ec25a6acBR
PNL885820AA,391205783
PNL575268AA,57455709
PNL151559AB,ENJ999d5ef760efBR
PNL869466AA,ENJ9bad7f035cbdBR
PNL183644AB,ENJa9796d1738d6BR
PNL711263AA,ENJ7806f09c34ecBR
PNL084068AA,ENJdbdf558dd929BR
PNL830978AA,ENJa7d5e0280ddfBR
PNL726676AA,ENJc3bcd735a0b3BR
PNL098447AA,ENJ14ba9a1b2c6dBR
PNL299267AA,ENJ7c987af1ce7eBR
PNL266310AA,275695103
PNL600787AA,ENJd528289d74d8BR
PNL106854AA,ENJ06cdb37f5cc6BR
PNL923226AA,326052819
PNL661873AA,ENJd7b60c7f049bBR
PNL648509AA,ENJ76c96878ee12BR
PNL590820AA,ENJ332ac9130e3dBR
PNL106845AA,ENJcd227c85d9c4BR
PNL830982AA,ENJbc96dc6769b2BR
PNL877631AA,376920538
PNL289378AA,ENJ0547680479b2BR
PNL204547AB,ENJ39498b12a731BR
PNL920315AA,ENJ75d89d67c40aBR
PNL178426AA,147091223
PNL836261AA,ENJ9ecafb0e2a66BR
PNL599207AA,ENJ207e786a00e8BR
PNL678390AA,ENJd11004ae11dcBR
PNL683620AA,ENJc90cd64b78a6BR
PNL674543AA,36873659
PNL718051AA,ENJ47e506c8ef24BR
PNL868888AA,ENJe49b25336242BR
PNL859019AA,ENJe33d4f1e3ecfBR
PNL524293AA,ENJa536b768f602BR
PNL877646AA,ENJef9933092ac8BR
PNL698807AA,ENJa67b27ce279eBR
PNL598971AA,ENJc7f51a87b69eBR
PNL666806AA,148384396
PNL204545AB,ENJ39d409969d41BR
PNL868068AA,ENJ83e6b13b164eBR
PNL709494AA,ENJ490e92e4966dBR
PNL622438AA,827064438
PNL917136AA,294842223
PNL906233AA,ENJ93d45e64f186BR
PNL455765AA,ENJe33fa1604d54BR
PNL750443AA,600632026
PNL666787AA,ENJ441c2e15f626BR
PNL630625AA,ENJ36eeeb9de959BR
PNL297016AA,ENJ835a2fab316dBR
PNL454109AA,ENJ6f6d4fffdc38BR
PNL827524AA,ENJ8431fa6fb627BR
PNL897172AA,973290913
PNL622777AA,373762854
PNL673079AA,625133478
PNL974433AA,ENJcef5a349b06eBR
PNL698773AA,605284229
PNL740719AA,ENJ25e6d44838bcBR
PNL183616AB,699149239
PNL747371AA,ENJ4ec099411095BR
PNL090493AA,ENJa7978ab854daBR
PNL923201AA,461033116
PNL619063AA,829324610
PNL830937AA,ENJ9707528b8a5eBR
PNL869345AA,526660726
PNL698677AA,ENJdbaabe0cb5a5BR
PNL745649AA,ENJ70f5b4df6aa6BR
PNL905300AA,ENJf11b92f70a6dBR
PNL896250AA,ENJc40a66fb6f0dBR
PNL542034AA,ENJb183f9f11ffeBR
PNL740641AA,ENJb87b5162fdc0BR
PNL705552AA,ENJ238f712d4eb1BR
PNL495961AA,ENJ9c846558bfc4BR
PNL629647AA,ENJb1f872b9c38cBR
PNL483234AA,ENJ00e63f3b7579BR
PNL877288AA,171455778
PNL847859AA,ENJcacd13be0e77BR
PNL675489AA,ENJ6ee91ac61997BR
PNL116725AA,ENJ13e00ba9233bBR
PNL188997AB,ENJ6eeed3dc1822BR
PNL886997AA,ENJ149db5756831BR
PNL162325AA,ENJ11d65f753a9dBR
PNL193897AA,144117405
PNL909401AA,812250342
PNL914784AA,ENJ3a06cbc6ebceBR
PNL711246AA,ENJe168a8894e9cBR
PNL718006AA,475245257
PNL380808AA,ENJ3e2bcb44a064BR
PNL740629AA,ENJ566658cf5ef6BR
PNL354873AA,ENJ2d6ea18d3341BR
PNL495955AA,ENJa585ddfd3121BR
PNL897174AA,ENJ302e7e39bc5dBR
PNL906970AA,912233154
PNL680145AA,ENJ7e694c4b3c2fBR
PNL680682AA,ENJ00909cbbb2f8BR
PNL167943AB,ENJff61189afe40BR
PNL827509AA,ENJ777aea689e42BR
PNL626876AA,ENJ3b2b48c4ba81BR
PNL718017AA,ENJ528002d87787BR
PNL408356AA,ENJ6a437adcb738BR
PNL855177AA,ENJ2871ddbee0aeBR
PNL599173AA,ENJe757f559aecfBR
PNL909392AA,ENJ693cf73b57a5BR
PNL737954AA,628675997
PNL408353AA,ENJd657b2c16159BR
PNL100060AA,ENJ3bacd30a2a74BR
PNL737928AA,ENJ934d38717785BR
PNL599852AA,ENJ6798f30b0eb1BR
PNL673068AA,ENJ39d7d18993b1BR
PNL830418AA,ENJe83f9770f23cBR
PNL106818AA,ENJ2f9096f02a37BR
PNL102662AA,ENJ62589cc8aa16BR
PNL630577AA,ENJ8c879570865fBR
PNL913245AA,728169660
PNL920815AA,ENJ7bd8598d8da6BR
PNL830495AA,ENJ426f78ba6f84BR
PNL910760AA,ENJf33ec0b572bfBR
PNL542037AA,ENJc917de0471dfBR
PNL902079AA,924692945
PNL183649AB,ENJ822a699f60bcBR
PNL709486AA,603319501
PNL648272AA,ENJ3938cc1aded1BR
PNL454678AA,ENJd909d8490720BR
PNL106847AA,ENJd72e9d3bdf20BR
PNL543820AA,ENJ9570870adf7aBR
PNL838353AA,ENJ13aceedd9294BR
PNL160012AB,ENJ97d448174455BR
PNL649580AA,ENJe1c1484431c5BR
PNL682615AA,ENJ29b790ddb146BR
PNL236826AA,ENJa30fb4a93008BR
PNL025399AA,ENJ566b3fbf95e5BR
PNL378288AA,ENJ3cf7dd11438bBR
PNL654550AA,ENJ9a730870be60BR
PNL183628AB,ENJ77b66c78378cBR
PNL174788AB,ENJ24ac0a952003BR
PNL456604AA,ENJ30c37f17a65eBR
PNL725265AA,466647237
PNL838355AA,ENJb061bfaeae8dBR
PNL648282AA,ENJ6ed834ff2ff9BR
PNL299262AA,287414653
PNL626935AA,ENJe82b497f4200BR
PNL495975AA,ENJ71e2228aeeceBR
PNL180064AB,ENJ93156d479f05BR
PNL847390AA,ENJ29fd111af3bdBR
PNL909477AA,ENJ9df296d214d9BR
PNL681013AA,603386367
PNL845778AA,ENJ18d114592ab7BR
PNL910775AA,ENJd1e30551caf7BR
PNL687323AA,ENJ5efb43558c55BR
PNL619107AA,ENJ1fc1b46062fdBR
PNL666799AA,ENJ247fc361b60cBR
PNL216837AA,ENJ6f81c40aacedBR
PNL673803AA,ENJe538bc5f9a8aBR
PNL837733AA,ENJ27476d58a809BR
PNL216840AA,ENJ77af3a294270BR
PNL630626AA,ENJ01ee856e5420BR
PNL537348AA,ENJ259827481086BR
PNL436741AA,ENJcf7ba05c7b75BR
PNL868056AA,ENJ7b09bd712dc5BR
PNL151571AB,213522207
PNL630649AA,ENJ711036c919feBR
PNL699758AA,ENJ779f3dc3544fBR
PNL884019AA,ENJf88d3fe70165BR
PNL377833AA,ENJcd1afe21ce69BR
PNL600462AA,ENJ3e21198dfd61BR
PNL683587AA,ENJf8e14a009c3aBR
PNL684136AA,80507376
PNL725264AA,326112472
PNL630643AA,ENJbce9fcb772a8BR
PNL855280AA,ENJc4368ed44f65BR
PNL882408AA,466437744
PNL454142AA,ENJ1c02b7c49718BR
PNL672705AA,ENJb00ffaca8062BR
PNL160681AB,ENJdf32ec1a4386BR
PNL664793AA,ENJ3070251dd34cBR
PNL644847AA,ENJc8c8ecbf47a3BR
PNL179012AA,ENJfb5c5fb4ceedBR
PNL299285AA,ENJ47be5b793221BR
PNL470901AA,ENJ88fd5ec29e5bBR
PNL188812AB,ENJdf87dce70f32BR
PNL180057AB,ENJ2a516f629f1fBR
PNL868043AA,ENJ0444894a1624BR
PNL515755AA,ENJ12e41efcc81aBR
PNL661974AA,ENJ1c3d2cb1a936BR
PNL545481AA,ENJc48ff8924d21BR
PNL184702AB,ENJ98d2fc077293BR
PNL545479AA,ENJ57de4cff5419BR
PNL296591AA,ENJe0dcd0becd6aBR
PNL294632AA,340484678
PNL169370AA,ENJfb694248be1dBR
PNL206106AB,ENJf512d44c1b7fBR
PNL869475AA,ENJb19ff0896a10BR
PNL102241AA,ENJ2dfaec2c4e37BR
PNL263788AA,ENJ1da14115db9fBR
PNL106839AA,ENJbfab6628e659BR
PNL891293AA,ENJ405b9b8c0c64BR
PNL600449AA,891396890
PNL206038AB,ENJe9f85d2261b1BR
PNL432384AA,ENJ68f85b5a0d37BR
PNL102660AA,ENJ0ef74ae8dccaBR
PNL098843AA,ENJ6fb8745b75bfBR
PNL251659AA,ENJ203d0fb09788BR
PNL923663AA,ENJf933cc94b815BR
PNL834000AA,ENJ5c37b37b5a03BR
PNL106809AA,ENJfdc205ad0e23BR
PNL537940AA,ENJ490b3093da5eBR
PNL392232AA,ENJdea06f208d4eBR
PNL855216AA,ENJ798b02dae198BR
PNL974417AA,ENJf08534d964dbBR
PNL922159AA,19076989
PNL189371AA,ENJa687e1dee11fBR
PNL003450AA,616175769
PNL687276AA,ENJd125b12d62abBR
PNL456594AA,ENJf3c2d2c9a813BR
PNL356378AA,ENJ2bdf4ba2dea7BR
PNL632881AA,ENJb75e5a435765BR
PNL110140AA,ENJf5f7d1a34e6dBR
PNL408365AA,ENJ646fb3e937f9BR
PNL910741AA,ENJ37ea2ba5855eBR
PNL833980AA,ENJ53a2576faad4BR
PNL100817AA,ENJaefc9c0c81bfBR
PNL167921AB,ENJ77c3064ce1daBR
PNL687628AA,74407856
PNL590773AA,ENJ962f7e4bda89BR
PNL084523AA,ENJ178f0a7357d8BR
PNL673768AA,936262615
PNL869378AA,ENJ734433cf81f1BR
PNL598950AA,ENJ0934934cc632BR
PNL537952AA,ENJ525d68674a52BR
PNL193948AA,ENJ262358c79cafBR
PNL518194AA,956457980
PNL909410AA,445983655
PNL184618AB,422486624
PNL702471AA,ENJ759de64ca450BR
PNL905287AA,ENJf6076dd1f413BR
PNL845695AA,ENJaffb52d5bf45BR
PNL676243AA,ENJ8c0c08852d1bBR
PNL184593AB,ENJ29a435c070c4BR
PNL174719AB,ENJ5beb3fe9306cBR
PNL923205AA,ENJb93ee73f2f4eBR
PNL296574AA,ENJ622adaf8f357BR
PNL190560AB,ENJa19d6efbf2b0BR
PNL673770AA,ENJ62284e4bcaaeBR
PNL299211AA,453676546
PNL830450AA,ENJ66814f737a35BR
PNL750356AA,682839015
PNL563690AA,ENJ6e87dd1929b1BR
PNL600768AA,ENJe5d5813daa37BR
PNL847351AA,ENJ6622c561856aBR
PNL399651AA,ENJ6f63e1a5a13fBR
PNL628834AA,ENJ740166629007BR
PNL626927AA,ENJ7eaf3f444cb7BR
PNL698723AA,ENJ822bbb813433BR
PNL649560AA,ENJac544968ebf0BR
PNL206034AB,ENJb85fe6011741BR
PNL705637AA,ENJccb37f433aaeBR
PNL699761AA,ENJbf3b1b9f7578BR
PNL955051AA,ENJf0e757de2921BR
PNL454651AA,ENJefc86abd5256BR
PNL525980AA,ENJ3c48e7616867BR
PNL750420AA,ENJ64879004a9c5BR
PNL622780AA,89955946
PNL750406AA,105673897
PNL600430AA,ENJ4bee51753b78BR
PNL515728AA,ENJbfdfe4347180BR
PNL687281AA,ENJ8dc2c0a487c6BR
PNL160600AB,ENJ76eff7aea2cbBR
PNL482581AA,ENJ2b85f4cd5a8dBR
PNL830440AA,ENJ52fe166d1f51BR
PNL750395AA,140243100
PNL183059AB,ENJ696e39980f27BR
PNL709455AA,ENJfc2583c9ec30BR
PNL195937AA,ENJb460eca9afdbBR
PNL299192AA,ENJf9d2548d6a91BR
PNL619048AA,ENJfa0b0b72bc84BR
PNL827531AA,ENJ75ff5d8a4b2aBR
PNL690667AA,ENJca172fcb74feBR
PNL666700AA,172058201
PNL740687AA,ENJcc600ad7c4c7BR
PNL656256AA,ENJba5339746b38BR
PNL740669AA,ENJace8d78b3f45BR
PNL650617AA,ENJe69ac430122aBR
PNL160626AB,317374374
PNL538879AA,ENJ5ed51633f1b0BR
PNL193936AA,ENJ7c08abd4b557BR
PNL691051AA,ENJf53df420f19dBR
PNL699678AA,ENJbe3badfd5f66BR
PNL691010AA,ENJb6c628622c0aBR
PNL870263AA,ENJ0e589ad4b934BR
PNL111485AA,ENJ71a23a676e22BR
PNL731533AA,ENJfbb0e2c9ff3bBR
PNL559477AA,ENJ41fd1f7eb862BR
PNL879158AA,ENJ89ccf8c355d6BR
PNL855184AA,989805239
PNL750366AA,ENJ437e4dd0f2e8BR
PNL750378AA,ENJf067020acd40BR
PNL845660AA,ENJd384d0bbc46cBR
PNL244683AA,ENJ8b406d18f087BR
PNL892209AA,ENJ8d8dc07ca502BR
PNL167951AB,ENJ7da80cd85f6dBR
PNL415480AA,ENJdb3b3889b3ceBR
PNL678358AA,ENJ70b634e87b46BR
PNL672646AA,523080309
PNL524246AA,ENJf4e9fe46cd9bBR
PNL679561AA,ENJc5ebe16eb860BR
PNL350414AA,ENJ78e3963ccb9eBR
PNL589867AA,ENJ988c711c231aBR
PNL709474AA,ENJ89a9c690ce5bBR
PNL845701AA,ENJa7332cd13c9fBR
PNL891237AA,132759171
PNL537932AA,ENJa7c4df3982f6BR
PNL666656AA,ENJd3884c497807BR
PNL845750AA,ENJ74fe59f0a84dBR
PNL664712AA,263037324
PNL626902AA,ENJa3854adbf203BR
PNL836248AA,ENJ9fe3b8010b4eBR
PNL974384AA,ENJb03143c3cf93BR
PNL845687AA,ENJ486afb61bc60BR
PNL699679AA,ENJbf98afa87ac5BR
PNL877569AA,ENJb273274f341dBR
PNL193911AA,390974468
PNL599855AA,ENJ3f541aae410cBR
PNL350420AA,ENJbd9771321277BR
PNL891271AA,86396053
PNL664711AA,848489841
PNL542048AA,ENJb820c01a3886BR
PNL847815AA,ENJ022e409a0f90BR
PNL182107AB,ENJ8cce3da5c3ccBR
PNL870279AA,ENJfa0a46b15663BR
PNL545445AA,ENJ1f96f700c9deBR
PNL697514AA,ENJa14fba0f8a6fBR
PNL295692AA,ENJ03b7ca0899faBR
PNL905278AA,ENJ17da17daba9fBR
PNL838309AA,ENJab7816550839BR
PNL747366AA,374496151
PNL410981AA,ENJ9c72acfb059dBR
PNL014707AA,ENJ7a918c1ea994BR
PNL638275AA,ENJ7f1014ffd31fBR
PNL545431AA,ENJ00728139eaa9BR
PNL256974AA,ENJ26ba5da6c745BR
PNL106844AA,ENJb065b5861cc1BR
PNL837674AA,ENJ6d533882a1ebBR
PNL184700AB,ENJabdfff4e0accBR
PNL837715AA,ENJ22baf741873aBR
PNL654557AA,ENJ17907fbf61f1BR
PNL527395AA,122749415
PNL686211AA,ENJ4484778f366eBR
PNL188603AB,ENJ59c83eb180abBR
PNL879197AA,ENJ18caf8e49fadBR
PNL102232AA,ENJ6d19968c2763BR
PNL411000AA,ENJ8371ed315e75BR
PNL100071AA,ENJca8a05df8d22BR
PNL710029AA,ENJ26437f0c488fBR
PNL106842AA,ENJ7450078f343bBR
PNL026644AA,ENJ5a0298b66ff3BR
PNL524281AA,ENJ7df6c0ad8f97BR
PNL913285AA,241768870
PNL845807AA,ENJ5ac96c115f90BR
PNL628947AA,ENJ23d0f3a2722eBR
PNL907817AA,ENJa0edd66b76e3BR
PNL160692AB,ENJ37462befcd47BR
PNL524286AA,ENJ73e45e7047abBR
PNL187383AA,ENJ5831ae8a59a4BR
PNL693660AA,ENJ36f31dc53665BR
PNL864166AA,ENJb96e18c91d20BR
PNL299258AA,ENJ48cc8aa224b5BR
PNL619102AA,418853380
PNL102227AA,ENJac9b9634124aBR
PNL672713AA,27787436
PNL363641AA,ENJ68945b0fbc15BR
PNL251697AA,ENJf0f5804d2a51BR
PNL630621AA,ENJ0586912d779aBR
PNL896683AA,721717774
PNL160687AB,ENJe69a6a1151fcBR
PNL674544AA,ENJ1920c5e50873BR
PNL025404AA,ENJ2e9741a90fe0BR
PNL837658AA,ENJa971eb48323fBR
PNL922625AA,238957141
PNL668322AA,ENJ937fe6c5aac5BR
PNL923218AA,ENJ6cce946aa6f3BR
PNL026635AA,55695236
PNL691070AA,ENJ9730238cc62eBR
PNL905367AA,312989860
PNL216836AA,ENJ6075a3b3aa8cBR
PNL179029AA,133458291
PNL705674AA,735716710
PNL923704AA,ENJ1bb386372295BR
PNL684842AA,ENJ27695965f4c0BR
PNL254827AA,ENJ72a03313d60fBR
PNL664776AA,ENJ0485b53f680cBR
PNL874521AA,111020895
PNL299275AA,ENJ4faed2ccdac1BR
PNL206107AB,ENJ4545daec1c69BR
PNL907488AA,ENJ163c2cf0a467BR
PNL408435AA,ENJ3e18455899f8BR
PNL151538AB,ENJ7f7f273ae173BR
PNL206078AB,ENJ28ea58b3b030BR
PNL870304AA,ENJa657147a13e8BR
PNL180054AB,ENJe7dea4b4b22bBR
PNL459007AA,ENJ7584477794a6BR
PNL184703AB,ENJ3d7c10a1c0f6BR
PNL605469AA,339456461
PNL435993AA,ENJb994434706dcBR
PNL920847AA,416479534
PNL596182AA,ENJa4dfe9b9b72fBR
PNL705651AA,ENJ9c4eae4c3812BR
PNL691060AA,ENJcc4a76acd301BR
PNL025395AA,ENJ6a515e1b08c9BR
PNL850329AA,652363731
PNL974392AA,ENJ8bcd9998cf6eBR
PNL487481AA,ENJ43ea200788a9BR
PNL870264AA,ENJ0626a38d87beBR
PNL725251AA,950797712
PNL545442AA,ENJbeec4a383104BR
PNL289377AA,304866171
PNL165441AA,994856574
PNL183581AB,ENJ290ff66e750eBR
PNL725253AA,ENJ822dd6955673BR
PNL648246AA,ENJdaecec80cb36BR
PNL138773AA,682581626
PNL924182AA,ENJ0bab96879eeaBR
PNL882370AA,843716662
PNL920802AA,ENJa74a991a5713BR
PNL866950AA,ENJc0cbb45ea726BR
PNL847821AA,ENJce0708d7ecfdBR
PNL632885AA,ENJff9f1c6f9572BR
PNL870283AA,206081345
PNL098388AA,ENJe9c1bd0cdd2cBR
PNL891649AA,ENJe4753b61dde2BR
PNL183580AB,ENJ0aa45605d147BR
PNL649025AA,ENJ570c5bb081eeBR
PNL645525AA,ENJ23bb74c6e04aBR
PNL698673AA,ENJb12438a73e39BR
PNL165016AB,ENJ1d0e159c5134BR
PNL527354AA,ENJd5a8980887a5BR
PNL586724AA,ENJ5f237a8b5e80BR
PNL924186AA,ENJ8a622f019919BR
PNL219167AA,ENJ992e7a5cda38BR
PNL691035AA,ENJe5f029f9dbb2BR
PNL724575AA,286192104
PNL896202AA,754169647
PNL905299AA,ENJ38ba833b3944BR
PNL628802AA,ENJacfb9c87352cBR
PNL897194AA,ENJd49a8f00d9c6BR
PNL628803AA,ENJ7bcc29d0ce27BR
PNL111489AA,ENJ5b5770398daaBR
PNL497372AA,ENJ216a4ec874c0BR
PNL661016AA,ENJ1239b3b5eea1BR
PNL872511AA,ENJe8dc0d5bb532BR
PNL694709AA,796582972
PNL664679AA,317695387
PNL405154AA,ENJ2a6aeed8639aBR
PNL747350AA,ENJaf8917f66782BR
PNL921630AA,ENJa15a8a223d83BR
PNL726634AA,ENJe2ae97fd9845BR
PNL726599AA,ENJ2da0964ce4d7BR
PNL732560AA,755639534
PNL446749AA,ENJbe63c724c39fBR
PNL354880AA,ENJba718e06c3ccBR
PNL740618AA,ENJ426c15f21993BR
PNL906989AA,ENJa254ce6a0543BR
PNL830394AA,ENJd940339f738dBR
PNL589869AA,ENJ8e7a0603330dBR
PNL672661AA,766549320
PNL914848AA,708202455
PNL834043AA,ENJ60ac82978b13BR
PNL425404AA,ENJacc5ee1b77a6BR
PNL656276AA,815175043
PNL411001AA,ENJ5c4cde2bd6acBR
PNL868072AA,351673152
PNL710024AA,ENJfbf81bccf55dBR
PNL151604AA,ENJd08a7cb85696BR
PNL436742AA,ENJ5de35a2a4ce1BR
PNL599198AA,ENJf2e28910eea3BR
PNL710028AA,ENJb03f4025e521BR
PNL661875AA,ENJe476379f8de9BR
PNL184658AB,ENJ34cda0bf4522BR
PNL084074AA,ENJ305366220118BR
PNL726688AA,ENJ04160ae9a6f9BR
PNL683596AA,199493857
PNL637635AA,ENJc57fbd24cd65BR
PNL683588AA,ENJ1195d43b33efBR
PNL674537AA,ENJ9bd48a14ebd4BR
PNL742512AA,ENJ980a34bfeaa8BR
PNL852175AA,ENJdba36155f257BR
PNL206057AB,ENJd55596591986BR
PNL891318AA,303015932
PNL834055AA,ENJdf424b943f2eBR
PNL713303AA,ENJdc219d19c8aaBR
PNL870317AA,ENJ556883d72071BR
PNL869470AA,ENJefe99d8fadf8BR
PNL678394AA,ENJ207c62d687a7BR
PNL672710AA,ENJeb937d019af4BR
PNL892247AA,ENJ68dd40a7452eBR
PNL100835AA,ENJ3d5532ce4b85BR
PNL486133AA,ENJ1de99bba2030BR
PNL354161AA,ENJf2ddd1f4195dBR
PNL410995AA,ENJ6443aba44519BR
PNL859014AA,ENJ557f8ec59982BR
PNL726691AA,503128020
PNL172154AB,ENJ41609059fb67BR
PNL299253AA,ENJfc0bc1e60433BR
PNL872506AA,ENJ301094b406abBR
PNL177080AB,240900436
PNL834050AA,ENJ5ef6cc9ff62aBR
PNL405166AA,ENJa571152b3592BR
PNL740756AA,ENJd209978ae51cBR
PNL169369AA,952117713
PNL664796AA,ENJf4e98ad87697BR
PNL666797AA,823040434
PNL084067AA,ENJ0e2fb98a9270BR
PNL740772AA,ENJbffee4fe23dbBR
PNL920301AA,ENJed73a46c43eaBR
PNL629668AA,ENJ036626ee07a8BR
PNL905363AA,ENJ536f2da51406BR
PNL180069AB,ENJ28fef14152fbBR
PNL868877AA,552291043
PNL151534AB,ENJa9774054db81BR
PNL914831AA,ENJ90efca5cedc1BR
PNL914850AA,ENJ9798307ca66eBR
PNL680185AA,ENJ6e58724bce1cBR
PNL636645AA,ENJ1a8c83efb078BR
PNL661970AA,ENJ8a7d40e8c6d7BR
PNL864183AA,306155922
PNL951587AA,ENJfea11525b1e6BR
PNL692699AA,ENJbfa256c69e30BR
PNL026627AA,580148675
PNL393694AA,ENJ4c713e56cdf6BR
PNL179043AA,284053077
PNL673808AA,ENJa58c3585c6f1BR
PNL630594AA,ENJ6f0bf053bf26BR
PNL661859AA,ENJba198362fdc9BR
PNL913237AA,ENJ68c9c8774fc5BR
PNL661988AA,ENJ0c864b5130caBR
PNL193909AA,ENJ6f228edbb87fBR
PNL747362AA,ENJ936f4467d385BR
PNL747372AA,ENJe88ac71b691dBR
PNL486120AA,ENJ02d3666d2039BR
PNL697512AA,ENJf9481ae959e8BR
PNL202822AA,ENJc88dc3d8e600BR
PNL974380AA,ENJ1e10311bd604BR
PNL750408AA,ENJc62a8a502b7eBR
PNL661937AA,939196421
PNL830933AA,ENJe469c244fa99BR
PNL632898AA,ENJ56f67c8eedc9BR
PNL391765AA,ENJ7aca165b40e4BR
PNL381474AA,ENJ9fed5ff08c41BR
PNL294624AA,ENJa8206a618458BR
PNL880445AA,ENJ0653a3472479BR
PNL410970AA,ENJ4a8ddee77299BR
PNL855165AA,ENJ015aebcac783BR
PNL545427AA,ENJ2f28f7442138BR
PNL747349AA,ENJ4ba5e6dce757BR
PNL540266AA,ENJ756715344d08BR
PNL686158AA,651710494
PNL836221AA,ENJ8f0f597b31fdBR
PNL709467AA,ENJbc2c39de9fcfBR
PNL803714AA,ENJcaaacfe13b90BR
PNL974446AA,ENJ529b897152feBR
PNL680135AA,ENJ24ef3e0c2abdBR
PNL172105AB,ENJdece34357a33BR
PNL920798AA,ENJa971bc890f42BR
PNL172134AB,ENJ76f90acae426BR
PNL525957AA,ENJ72369ad60ae4BR
PNL896232AA,ENJ95ea4ab63424BR
PNL684786AA,329273111
PNL454639AA,ENJ8aa8307b9429BR
PNL726597AA,ENJ2611254a76d5BR
PNL691008AA,182601953
PNL696181AA,ENJ1738bba2835cBR
PNL923215AA,ENJeb6a64d1fc13BR
PNL259843AA,ENJ01c5a2f741ecBR
PNL742513AA,ENJ6e423a5aa8ceBR
PNL172133AB,757226237
PNL169360AA,608437130
PNL705625AA,ENJ39b8cd39b749BR
PNL463347AA,ENJffd62fbf08a2BR
PNL664789AA,123297062
PNL630612AA,ENJ6b059a2a2bbeBR
PNL628874AA,ENJ6e882f0a7ff9BR
PNL495973AA,ENJdc909d1b9438BR
PNL697528AA,ENJ22aef79403bcBR
PNL909452AA,ENJ0e4464c6853bBR
PNL654525AA,ENJ650c223e8110BR
PNL868858AA,ENJ5a66487ffbf7BR
PNL664646AA,ENJcd037efe55a6BR
PNL090495AA,ENJ8899568fc9feBR
PNL454642AA,ENJ916060d37791BR
PNL866952AA,ENJb91f1abd3564BR
PNL299185AA,ENJfe1a706f5735BR
PNL909437AA,576355708
PNL622779AA,ENJaa679144458fBR
PNL092052AA,ENJbf5a61810470BR
PNL905286AA,ENJb6b1e3a51d6bBR
PNL673065AA,ENJ436f1a5edf03BR
PNL855235AA,ENJ0916c818f60fBR
PNL173005AB,ENJb12884c9a158BR
PNL664719AA,63705407
PNL704817AA,ENJe79464eb42b8BR
PNL705520AA,9678714
PNL847837AA,ENJb885056fd369BR
PNL920795AA,510876702
PNL098822AA,ENJadd0296f656fBR
PNL921625AA,ENJ3e85a42e062dBR
PNL514969AA,ENJ138692156c7cBR
PNL605461AA,457429625
PNL525982AA,ENJ628f31602fecBR
PNL646031AA,ENJ960916718c81BR
PNL838256AA,ENJ23f038e4f23bBR
PNL852151AA,ENJff267c669b4dBR
PNL851410AA,ENJ7a54becaf820BR
PNL845663AA,ENJ3a5d7f390f34BR
PNL845646AA,ENJc7cf4582704cBR
PNL182114AB,ENJeec8c643cbb3BR
PNL518193AA,744645097
PNL705519AA,ENJ871a2ef2d0d4BR
PNL915121AA,ENJ68fac36c6c33BR
PNL920799AA,ENJ4915ccfaf4daBR
PNL106803AA,ENJa1fdf79ac5b6BR
PNL525979AA,ENJ01cd7b09b9caBR
PNL866959AA,268801282
PNL974376AA,ENJb23bdf83645bBR
PNL477341AA,ENJ082210dcc5baBR
PNL622785AA,296201109
PNL664657AA,ENJf8a41b6310a6BR
PNL921330AA,ENJ5cb31e1ca85aBR
PNL666659AA,ENJ21b4e49c70c8BR
PNL855232AA,568879386
PNL698742AA,ENJ2edafebccf58BR
PNL675461AA,ENJ1037cb6cf556BR
PNL166118AA,ENJe7e1f75d4d4cBR
PNL880481AA,ENJe2a59458e9c9BR
PNL914798AA,ENJ8978529702c4BR
PNL492828AA,ENJbafbef6e4de1BR
PNL432381AA,ENJd059a9b81fafBR
PNL877587AA,516564855
PNL897181AA,645929700
PNL151505AB,ENJ25365617fdf9BR
PNL392233AA,ENJ56b24c13d9c2BR
PNL644814AA,ENJ5cdbfd93a9caBR
PNL838266AA,ENJ948d0fa7eb56BR
PNL974407AA,ENJ851aeed0d021BR
PNL924201AA,ENJ8de2cb4014c6BR
PNL867003AA,723257862
PNL107027AA,ENJd66f92c86a82BR
PNL599193AA,ENJ1f97de85d85eBR
PNL830461AA,ENJ62bc1313194cBR
PNL026584AA,689104039
PNL666663AA,478626970
PNL913240AA,ENJ949a58a65bf1BR
PNL732555AA,ENJae939c96aaddBR
PNL830956AA,ENJ59b814a78074BR
PNL184559AB,ENJ0e3505f79b6bBR
PNL921326AA,ENJ6afae0b7743eBR
PNL718049AA,254705340
PNL630637AA,ENJ24303b453246BR
PNL629680AA,ENJff6ee462bcd7BR
PNL166154AA,719861877
PNL870315AA,ENJ98be3cbbd85cBR
PNL684139AA,307669380
PNL914842AA,526090070
PNL174784AB,454056805
PNL179037AA,908278303
PNL834053AA,ENJ5ab0c0527472BR
PNL179049AA,ENJ40d9cec06228BR
PNL684843AA,ENJ0db4835e4ac0BR
PNL527412AA,ENJ9bc4cb0d04cdBR
PNL649079AA,ENJ7bbc7328acd5BR
PNL729017AA,ENJ3f5a5e814f82BR
PNL436743AA,ENJd824d06117baBR
PNL699759AA,ENJb3b14c92a8d8BR
PNL679593AA,ENJ8657b7ce7f10BR
PNL666813AA,29836273
PNL354160AA,ENJ36299d644839BR
PNL204546AB,ENJe0816b245538BR
PNL106843AA,ENJ66313468da15BR
PNL837729AA,ENJ68f6aadd44d0BR
PNL100830AA,ENJ51e8bc21faaeBR
PNL836262AA,ENJ59fe98298e0bBR
PNL837686AA,ENJ2190d538ab50BR
PNL714877AA,ENJ50a8c775a0deBR
PNL868051AA,695145211
PNL666793AA,501704726
PNL187506AB,ENJ8b10cc8d1910BR
PNL879187AA,ENJa2df0686d549BR
PNL851480AA,ENJ8634597c747bBR
PNL654552AA,385004033
PNL896304AA,ENJ06ba3f96a3a9BR
PNL637634AA,ENJf9915fc32102BR
PNL632924AA,ENJa8c72db7677aBR
PNL188638AB,ENJbfaa726b6ef9BR
PNL661035AA,ENJ0ee5c79ee138BR
PNL296592AA,ENJ5bbbcbea76abBR
PNL882394AA,ENJ404173f4d45aBR
PNL907814AA,800349468
PNL666819AA,ENJac5fd78f7682BR
PNL160032AB,926316305
PNL864165AA,ENJ46a6cb3bd2baBR
PNL251695AA,ENJ2842e224190fBR
PNL725269AA,ENJ31607ca52115BR
PNL877331AA,ENJ1d1b8746669bBR
PNL922629AA,ENJ76789cb2de89BR
PNL698805AA,ENJca17f4d9cd9bBR
PNL296594AA,581378753
PNL691076AA,779210359
PNL678392AA,947114720
PNL923696AA,ENJ24f213a65cecBR
PNL583505AA,ENJaa931df326aeBR
PNL437382AA,ENJbc051280c3f2BR
PNL877619AA,ENJ6479b8365af0BR
PNL664787AA,757697597
PNL645518AA,ENJc5160a4c3172BR
PNL654545AA,236939647
PNL680693AA,ENJe687db169614BR
PNL153968AA,307959667
PNL724296AA,ENJae029700ff03BR
PNL574868AA,ENJb399f6665c84BR
PNL160635AB,ENJea33076eefc4BR
PNL644815AA,ENJefbf78a42ba8BR
PNL740603AA,ENJ82f9e2295c4eBR
PNL684777AA,ENJ4e84cd47b09bBR
PNL707492AA,ENJ80f251e1f846BR
PNL737953AA,988859560
PNL849679AA,ENJe1da4df5e765BR
PNL527341AA,ENJbdc881c705c3BR
PNL184590AB,975875172
PNL161645AB,ENJ4f8b444047c1BR
PNL726621AA,ENJ5bb74fded0deBR
PNL174744AB,ENJ19165e47fa48BR
PNL188782AB,ENJ900d2e660397BR
PNL527330AA,ENJab1509f31fb5BR
PNL855092AA,ENJad2ff52e4914BR
PNL920281AA,ENJ44cef6f292ccBR
PNL694723AA,996052474
PNL193898AA,ENJ837cea8c33dbBR
PNL974415AA,ENJ04f8c23c86ffBR
PNL661945AA,ENJa62d3e8d190eBR
PNL750359AA,ENJ45f93c19eeedBR
PNL675462AA,ENJ6a0062ccd0d5BR
PNL458240AA,ENJ96f18bc48130BR
PNL923669AA,ENJb5e64725dcb5BR
PNL845650AA,ENJe326a627fa05BR
PNL702998AA,ENJ0faaad7968b2BR
PNL855223AA,981151470
PNL498606AA,ENJafa32628cb48BR
PNL630592AA,ENJc00736a903deBR
PNL837562AA,ENJ5bf1e07b4f43BR
PNL892217AA,623155085
PNL845670AA,ENJ93e402002e22BR
PNL256952AA,ENJd5568c41d10fBR
PNL590793AA,ENJb1e5cf3cb8bcBR
PNL910734AA,ENJc3e7e39309a6BR
PNL924184AA,ENJ149a0b4931e0BR
PNL838310AA,ENJ8b259c9f221aBR
PNL877552AA,ENJ7121e02928c8BR
PNL834006AA,ENJ1562f19545c7BR
PNL273235AA,ENJ3bca76ffd435BR
PNL676268AA,903147818
PNL705522AA,326592371
PNL686093AA,451972128
PNL909450AA,ENJ9d87190b435fBR
PNL219168AA,ENJ1b9e1126716eBR
PNL699675AA,ENJ6fca1000d22bBR
PNL906990AA,ENJd703b1c63dd1BR
PNL454624AA,ENJ245c4f1cee33BR
PNL161646AB,ENJ382ae51d661aBR
PNL193859AA,ENJa9f293aa5e8cBR
PNL906976AA,ENJ48f7e57a635eBR
PNL180030AB,ENJa18ab82b7dddBR
PNL661013AA,ENJd58796ea36b9BR
PNL668294AA,ENJ86728d07cb6eBR
PNL714878AA,ENJ9ad764e4da35BR
PNL540292AA,ENJe826df9a6e1dBR
PNL182112AB,353475893
PNL600470AA,ENJ3404fba21b93BR
PNL527410AA,ENJc1954a2694d5BR
PNL648279AA,ENJ41cbc327fc00BR
PNL897257AA,ENJ3c6cc0714264BR
PNL877648AA,ENJ79a3d861a2a9BR
PNL909466AA,160493027
PNL174769AB,11889825
PNL698791AA,ENJe588a12a1744BR
PNL174789AB,ENJf674d08c59bdBR
PNL099380AA,ENJ774c7db53daeBR
PNL172162AB,ENJ5a364a9be302BR
PNL864147AA,556119466
PNL661041AA,ENJ7c58076091acBR
PNL834054AA,ENJd9dadf543ed2BR
PNL870328AA,ENJfe77d493a805BR
PNL619135AA,ENJ9e8ebea39726BR
PNL183077AB,ENJe7cdea354845BR
PNL877334AA,ENJ69b4b4466461BR
PNL673093AA,ENJ7f22d16af6d7BR
PNL537349AA,ENJ5c1f21b50cdeBR
PNL206056AB,ENJ930e03cbe37dBR
PNL691079AA,ENJde768165a1b1BR
PNL924240AA,875742573
PNL385195AA,ENJe8f0b6ef758fBR
PNL697535AA,ENJ9e658d999438BR
PNL868884AA,ENJ17c7442cfd8fBR
PNL880492AA,ENJc384fbd60c10BR
PNL680706AA,ENJ8231ec3cfb0aBR
PNL693173AA,112979176
PNL410996AA,ENJe754982a5040BR
PNL654564AA,712085477
PNL452501AA,ENJe6bb7ac0af1bBR
PNL648295AA,ENJ48945d913db5BR
PNL683575AA,571777475
PNL718067AA,264056668
PNL421210AA,ENJ49a764b11b79BR
PNL259859AA,ENJ6aca1dd8276fBR
PNL745692AA,ENJc3b24a8f2089BR
PNL188592AB,ENJ279a618cf91dBR
PNL169368AA,ENJdcc6b52ad64fBR
PNL600475AA,ENJ7b6661782450BR
PNL914838AA,ENJ0df7e1fbcc81BR
PNL151563AB,ENJ5a147f9d7ca4BR
PNL705656AA,ENJ1b7c3e21b5dfBR
PNL184693AB,ENJd341bf375a34BR
PNL600466AA,330635741
PNL750480AA,ENJecc4d7f645deBR
PNL432387AA,ENJ22633944306aBR
PNL864151AA,ENJe9129396a339BR
PNL177085AB,997962008
PNL809034AA,ENJ28b408380e8fBR
PNL150681AA,ENJ9f837b34fed9BR
PNL471836AA,ENJ1d5f21531d2eBR
PNL666780AA,ENJ4fb408a55782BR
PNL477349AA,ENJb409a8d908baBR
PNL674540AA,ENJ2b647f905b5cBR
PNL673802AA,ENJfce63970e1a2BR
PNL204535AB,ENJb5f57c2bef9cBR
PNL477347AA,ENJ48b24157af6fBR
PNL560334AA,409495118
PNL649035AA,ENJf3720a6c4f8dBR
PNL160588AB,250651724
PNL661831AA,ENJ91922d6d4697BR
PNL747374AA,560119134
PNL622786AA,580113978
PNL664655AA,ENJ5fa26024f8c4BR
PNL206024AB,ENJadd66e660e4fBR
PNL626886AA,ENJ3e42442ca0fcBR
PNL183579AB,ENJ438e52977eeeBR
PNL680669AA,227179040
PNL705536AA,524867749
PNL182099AB,479080834
PNL590775AA,ENJ9fd3121de793BR
PNL184575AB,ENJ359b99c1cbf8BR
PNL659099AA,ENJabe1295a9774BR
PNL649028AA,ENJ1d2bb4deec0fBR
PNL847342AA,ENJc7b045332514BR
PNL877555AA,142585264
PNL675460AA,891345140
PNL454112AA,ENJ487e05a87cbeBR
PNL882357AA,ENJ7c846c7e2fbeBR
PNL740637AA,ENJ97fe516034d3BR
PNL193861AA,677094446
PNL107042AA,ENJ8f494567864cBR
PNL675483AA,ENJ25d035277663BR
PNL160642AB,ENJ6502e9ce3cadBR
PNL632880AA,ENJcf3a41215279BR
PNL377826AA,ENJ402b3ed45b4bBR
PNL666691AA,ENJ183e021b9db9BR
PNL184601AB,218962272
PNL166126AA,ENJ8cda8d5d02d0BR
PNL705525AA,ENJ4541a2d8de60BR
PNL838264AA,ENJ7502a8f4184fBR
PNL387656AA,ENJ017e797f888dBR
PNL628810AA,ENJ6ea463b4b739BR
PNL483239AA,ENJb564d0ae8ac8BR
PNL732562AA,ENJeab28a7ccc83BR
PNL847834AA,ENJ43e695b83701BR
PNL724587AA,ENJ7df61d4abb3bBR
PNL711242AA,ENJd1c76fe5e63aBR
PNL837587AA,ENJ279f912691b8BR
PNL709454AA,749893197
PNL408425AA,ENJ48f28b2236d1BR
PNL678371AA,578459960
PNL650640AA,ENJe987a4685e1bBR
PNL699728AA,279971041
PNL057940AA,ENJ0d90b747ab91BR
PNL747481AA,ENJ06457160c7e7BR
PNL575260AA,ENJ176d8a3f451dBR
PNL649067AA,ENJ12d7a161a555BR
PNL897154AA,ENJ0d3692feed65BR
PNL887099AA,156837306
PNL100055AA,ENJ028edffdf537BR
PNL524215AA,ENJ15d532301889BR
PNL877553AA,ENJf7977594bc1bBR
PNL183603AB,ENJd17dfdb600e5BR
PNL654506AA,ENJ3a7bc42e02ccBR
PNL740608AA,ENJb659be298909BR
PNL726592AA,ENJ26daaa9aa650BR
PNL216817AA,ENJaeee8d86ceddBR
PNL882372AA,ENJa27c97cf4140BR
PNL112566AA,ENJ2be377702600BR
PNL161675AB,ENJ9cf5b1370437BR
PNL405155AA,ENJdec81a3323efBR
PNL026585AA,ENJfacb72586e2fBR
PNL598946AA,805508180
PNL845666AA,ENJ95783abbda7cBR
PNL836222AA,ENJdcc0d0f6ec63BR
PNL747386AA,ENJcde32eb83e8fBR
PNL891264AA,ENJ2b48a4d5d6d2BR
PNL864123AA,ENJee58ad8d2b80BR
PNL672659AA,ENJ53584d716ac6BR
PNL683535AA,ENJfb13473405caBR
PNL747347AA,ENJa8e6747463b0BR
PNL563472AA,ENJa7914fd9c621BR
PNL470886AA,ENJdab1933aefbcBR
PNL711238AA,ENJ27a3b7fe4901BR
PNL619036AA,ENJccc15d600deaBR
PNL668267AA,59141766
PNL482585AA,ENJ8ffad4cd6d6fBR
PNL675488AA,ENJ16594bee9748BR
PNL737951AA,570334430
PNL236814AA,ENJ2263682de940BR
PNL628796AA,ENJfc927c2b8694BR
PNL974479AA,ENJ6d95bb831775BR
PNL747343AA,ENJdf7ab395c332BR
PNL661935AA,ENJ4ec159af9d10BR
PNL596135AA,ENJ528b41d6c6e3BR
PNL645527AA,ENJ46cf605697d3BR
PNL514961AA,3847157
PNL869357AA,ENJb6b06ca96367BR
PNL299183AA,ENJf140a9f6453cBR
PNL188713AB,ENJ8c9de90a28bdBR
PNL699729AA,ENJfdfde3826a80BR
PNL891245AA,839572401
PNL373845AA,ENJ6abcb92d110bBR
PNL837565AA,ENJ855e49eb4c4dBR
PNL876039AA,ENJ554c20b18e7eBR
PNL187375AA,ENJ9ceb6e8739b8BR
PNL855208AA,ENJd6fba9079216BR
PNL682591AA,153859397
PNL740700AA,ENJee76b4599041BR
PNL919755AA,ENJ5171ee6ad714BR
PNL188629AB,ENJc7e73c0f7118BR
PNL098411AA,ENJcc70532cd195BR
PNL974386AA,ENJ903ba5b8a971BR
PNL470885AA,ENJ92926cd7f6cfBR
PNL672648AA,ENJ5df17e870e7fBR
PNL877575AA,ENJd8cebff61d5cBR
PNL891268AA,ENJ90dfeb75f0fcBR
PNL659094AA,ENJb167c020d511BR
PNL410983AA,ENJ8bfda0b6e23bBR
PNL849680AA,ENJ8ea44e39d2f1BR
PNL879174AA,ENJ26a84e0bcd61BR
PNL161656AB,ENJ83928e8c3d7fBR
PNL910735AA,170870014
PNL514938AA,ENJ5b816cdc4407BR
PNL254821AA,ENJ8c1c45e4a0ccBR
PNL206003AB,ENJ62cb2d20f070BR
PNL545458AA,ENJ637aa216d977BR
PNL180010AB,840739560
PNL098835AA,ENJ8f3936846545BR
PNL167949AB,ENJ9e80f2997fd8BR
PNL737940AA,ENJ7443cb9f8c25BR
PNL492824AA,ENJfdda0e145a27BR
PNL359698AA,ENJ567477c34560BR
PNL649086AA,ENJ7195a37b4a5fBR
PNL100075AA,ENJ9ff69d28d7deBR
PNL838333AA,ENJ8371320ba2e4BR
PNL714876AA,ENJ4ef9b6583f7eBR
PNL649564AA,ENJ736719ecf236BR
PNL724305AA,ENJ82df4cb95904BR
PNL882400AA,ENJ4724403444c1BR
PNL919762AA,974715686
PNL649081AA,ENJ88bece3a4194BR
PNL193986AA,ENJf22bedd83deaBR
PNL686190AA,ENJafecde21d2bbBR
PNL586749AA,ENJ70259a6a78ceBR
PNL880494AA,ENJ00434400d4abBR
PNL845793AA,ENJccd6c392eb9eBR
PNL204549AB,ENJabbf29d27abbBR
PNL527411AA,ENJ0c176e859f3eBR
PNL859034AA,ENJ3da966a97a7bBR
PNL686210AA,ENJa3f80c97009aBR
PNL698806AA,569848453
PNL184694AB,451520708
PNL193974AA,ENJ88578b66ccdcBR
PNL371467AA,ENJ8500ea539384BR
PNL915145AA,975663983
PNL648292AA,ENJ029610b94a0cBR
PNL543823AA,ENJbbad872aadb9BR
PNL724310AA,ENJ0aeeabc48263BR
PNL161680AB,ENJ15f90bf81461BR
PNL683607AA,ENJ5e360d7f92deBR
PNL100823AA,ENJddb9f3aff41fBR
PNL750454AA,ENJ881f59764038BR
PNL172146AB,162118400
PNL837681AA,ENJb16829398765BR
PNL649085AA,ENJ132df7ffa04bBR
PNL879188AA,ENJ11eeb089d0f3BR
PNL661864AA,ENJ1f9243ace426BR
PNL183622AB,559238051
PNL686215AA,ENJce05de1d614eBR
PNL877632AA,ENJ9db4e5d54d34BR
PNL887107AA,960741354
PNL189384AA,ENJ30990c2df13bBR
PNL686198AA,85971646
PNL868049AA,ENJe863f3bccdcbBR
PNL586753AA,36478711
PNL628916AA,ENJ599087e6af2aBR
PNL560345AA,529692053
PNL127653AA,157130593
PNL870327AA,ENJ10fc4fdb7d27BR
PNL906240AA,691277999
PNL698822AA,ENJ85d479615bb9BR
PNL740758AA,726604190
PNL003472AA,897538413
PNL105342AA,ENJb2bdbbfa99e6BR
PNL672709AA,ENJ6937385a2acaBR
PNL098444AA,ENJ2fdc503464a7BR
PNL206055AB,ENJf3e211f690d1BR
PNL921655AA,ENJ04062132f300BR
PNL183646AB,ENJa79cce59c693BR
PNL684137AA,ENJ3018659d3866BR
PNL477350AA,ENJ79bc40891182BR
PNL834057AA,ENJcd5f9c431dbdBR
PNL599213AA,ENJcaa8145d6173BR
PNL354886AA,ENJ5eab48f47c06BR
PNL882381AA,401541633
PNL371460AA,ENJ6a06ca644f27BR
PNL216807AA,ENJ88719e5fa9a4BR
PNL909396AA,ENJc0fd6f652f92BR
PNL909441AA,35589977
PNL619086AA,621801618
PNL830961AA,ENJe1569c1a3b75BR
PNL686178AA,ENJ3dad8f25c83cBR
PNL693145AA,403111204
PNL167930AB,ENJf81410521f9aBR
PNL803736AA,ENJ33ce76dfe4e9BR
PNL202813AA,ENJ658eccf767e9BR
PNL834030AA,ENJd0726b48430aBR
PNL495962AA,ENJ57d8032d4e4eBR
PNL879148AA,ENJ0eba230e8647BR
PNL391415AA,ENJf790b999fc22BR
PNL878931AA,81620797
PNL206013AB,ENJ46a6df1c7dbcBR
PNL188545AA,ENJ7c0a0ce47250BR
PNL845714AA,ENJ96ae42c9260cBR
PNL167926AB,ENJc269e91c8262BR
PNL227697AA,ENJ3e508fb32c99BR
PNL524214AA,ENJc8b208df594fBR
PNL726651AA,ENJ9f1d02ae8a3aBR
PNL524222AA,ENJ6b0772522d66BR
PNL145496AA,35232889
PNL882382AA,ENJ224f2ffd0352BR
PNL869362AA,665482363
PNL596154AA,ENJ258c7bbf3ef6BR
PNL974504AA,ENJd7f4fb6b2199BR
PNL897203AA,463830555
PNL159736AA,332267598
PNL650603AA,ENJ31400bd6cc73BR
PNL705564AA,ENJ75a9df32b7faBR
PNL169355AA,ENJ9584886a6e1dBR
PNL686095AA,ENJ08fee6891927BR
PNL845740AA,ENJc886fbc43c49BR
PNL193848AA,ENJ02725145f67fBR
PNL661018AA,317524921
PNL702819AA,ENJ3fb0cdf99dfaBR
PNL896670AA,378363023
PNL563473AA,288140247
PNL174731AB,ENJ4977a875e439BR
PNL167925AB,632148449
PNL387230AA,ENJ332efd6e7a64BR
PNL167924AB,ENJ82b3940fcd0bBR
PNL896210AA,ENJ82b02b398052BR
PNL837551AA,ENJd7414f512dc3BR
PNL880458AA,ENJ2e518c9b3c6cBR
PNL664663AA,ENJ54b326546dc6BR
PNL598948AA,ENJ15f7c64ef810BR
PNL895595AA,ENJb05f0b32c7b3BR
PNL675491AA,ENJ8873620e4d5fBR
PNL847851AA,ENJa8f7884f0a8fBR
PNL463341AA,ENJ63236fee1d42BR
PNL294621AA,458801048
PNL869348AA,ENJdb8ef1f98afeBR
PNL891244AA,ENJ7b19489071e1BR
PNL672665AA,ENJ9b43285ae5fdBR
PNL686121AA,ENJ78db49631175BR
PNL680143AA,ENJ59527a55558cBR
PNL391760AA,ENJ8d9274b565a9BR
PNL664726AA,820207746
PNL711247AA,ENJd20a6a944f58BR
PNL661010AA,ENJ049d3aee3655BR
PNL598949AA,ENJ358366121535BR
PNL914780AA,ENJc0e0bbb1a456BR
PNL656257AA,ENJ4b6d16f416afBR
PNL190554AB,ENJ7f70e04e0ec8BR
PNL599171AA,741144631
PNL099368AA,ENJ4fef55eff5efBR
PNL698708AA,3860869
PNL518195AA,ENJ1e001716a4e9BR
PNL160622AB,ENJ097bbc236debBR
PNL864081AA,ENJec69d7bcf11fBR
PNL410966AA,ENJ458fcb72946bBR
PNL896218AA,999604345
PNL974425AA,ENJ9a9e33918d67BR
PNL747406AA,ENJfc1bdb742a3cBR
PNL724301AA,ENJea4408abaab2BR
PNL694740AA,ENJ831b5820472dBR
PNL666786AA,ENJ15df97c8be8eBR
PNL410986AA,ENJcd476d2f2917BR
PNL151519AB,ENJa9c5ce2ba746BR
PNL649077AA,ENJ5b79ab37b924BR
PNL102242AA,ENJ62fdc76725d4BR
PNL687321AA,903498712
PNL893029AA,ENJ936acabad8d6BR
PNL391426AA,ENJadec07ef43a5BR
PNL435987AA,ENJ5b8d39759b54BR
PNL877644AA,ENJffc71df04652BR
PNL482596AA,ENJ756ec6560de3BR
PNL437383AA,ENJ70548654149cBR
PNL855275AA,619218371
PNL684835AA,ENJcde64e086d2dBR
PNL299255AA,ENJ590c00ee7dd9BR
PNL628918AA,ENJ04063adb3decBR
PNL864149AA,ENJ44bce8ab3211BR
PNL425406AA,ENJ26a5a18680aaBR
PNL649569AA,ENJ6b9c9397d8f0BR
PNL649094AA,ENJ4c58fd4ff199BR
PNL830970AA,ENJ10feb32f568cBR
PNL649090AA,ENJ6b57ff468378BR
PNL415500AA,ENJabe177a35283BR
PNL907815AA,824084058
PNL204539AB,ENJ6b895254bb7eBR
PNL151527AB,181412311
PNL747499AA,ENJe990a0a99196BR
PNL851476AA,ENJb1e852dc8802BR
PNL543829AA,ENJ98addc3c41c6BR
PNL385196AA,ENJ37e0d6f4c2d5BR
PNL666830AA,ENJced555c17c47BR
PNL515763AA,ENJ9025d4ec013cBR
PNL527431AA,ENJ475f339866eaBR
PNL179013AA,ENJba9fd89429f4BR
PNL698794AA,625949842
PNL637626AA,ENJ09650b7901c0BR
PNL438945AA,ENJ5af3c1522504BR
PNL718064AA,229329714
PNL897157AA,501620445
PNL870310AA,ENJ96436906cc14BR
PNL638300AA,ENJ99526aefbf3dBR
PNL709503AA,ENJ3b924583ad2eBR
PNL206097AB,ENJe341ae03a029BR
PNL589879AA,443989268
PNL188823AB,ENJ42d13e835fc5BR
PNL905352AA,49442915
PNL656269AA,ENJaeaf4e567656BR
PNL868048AA,ENJ12cac1a25025BR
PNL683598AA,ENJ6917933cea83BR
PNL705659AA,ENJ608b2d426503BR
PNL183632AB,ENJ8fdee471cc99BR
PNL477353AA,ENJ747ebaa8fd89BR
PNL188828AB,ENJ8af8893b52f3BR
PNL042835AA,941073523
PNL454676AA,ENJ7aace1d48cbaBR
PNL619113AA,ENJ25b80865ffdcBR
PNL698810AA,ENJf7976c12df17BR
PNL698815AA,ENJ901bc7fbe4b2BR
PNL710021AA,985087463
PNL698799AA,485950790
PNL206052AB,ENJd559d1aebe95BR
PNL082377AA,ENJb28291c1b473BR
PNL629669AA,ENJb92835c97e31BR
PNL497405AA,ENJ93cf41559163BR
PNL921647AA,106666315
PNL628924AA,ENJeff16156bb6fBR
PNL877623AA,ENJ034330dfbef9BR
PNL082368AA,ENJe03ec4132d3fBR
PNL188612AB,ENJf610a2fff831BR
PNL864182AA,491990795
PNL206103AB,ENJ4b0369fff010BR
PNL193987AA,566396568
PNL920842AA,ENJ4922a8851c9bBR
PNL830965AA,ENJ0c6cfe6b70bbBR
PNL188810AB,ENJ0d33b1030919BR
PNL687305AA,ENJ917a829ecd41BR
PNL151523AB,ENJ0cd293f64f1aBR
PNL747482AA,ENJd28a8411d048BR
PNL415494AA,ENJ65416eca08d5BR
PNL849678AA,ENJc589bf7dafa4BR
PNL910752AA,ENJe75ec645e88fBR
PNL664732AA,ENJb2bf68a8704bBR
PNL116721AA,ENJbbb5d8b73fd4BR
PNL699683AA,ENJ0a819d098f3dBR
PNL038252AA,532543836
PNL907785AA,ENJf158a7e029cbBR
PNL084504AA,ENJ518c1d3916f2BR
PNL896680AA,ENJ34521dc82bcaBR
PNL545423AA,ENJa50870a18ad1BR
PNL188990AB,297430563
PNL830389AA,ENJ028aae1ba6bfBR
PNL732547AA,ENJf8ddb5aa6eecBR
PNL880469AA,ENJcc4821af7650BR
PNL204532AB,ENJf935a3daa23fBR
PNL833997AA,ENJ5b9f2fd24012BR
PNL687282AA,552659629
PNL923665AA,479719521
PNL697524AA,ENJ45e8bea850d0BR
PNL026598AA,ENJ846cfb7ac0bcBR
PNL699702AA,ENJ6e200280d221BR
PNL244682AA,87495810
PNL922170AA,297016484
PNL537934AA,ENJcfb335e1e11dBR
PNL726624AA,ENJb2f6b196db17BR
PNL830473AA,ENJ6c8d4dc99473BR
PNL100054AA,ENJ5331c7c468a8BR
PNL974449AA,ENJb5266f578716BR
PNL845709AA,ENJ7519a1494baaBR
PNL173011AB,ENJ6b102dc299feBR
PNL218851AA,ENJ12ec5f089d7fBR
PNL650602AA,13922095
PNL589863AA,ENJ407c9829e6beBR
PNL666682AA,ENJffdc8ec685adBR
PNL098836AA,ENJ41349cd9bd67BR
PNL827513AA,ENJ7592ff4e38d2BR
PNL456596AA,ENJ16a09f12c47fBR
PNL906959AA,119713106
PNL711250AA,ENJd066b5c29100BR
PNL851399AA,ENJ2e7e1417c7b4BR
PNL538880AA,ENJ62034cd46a93BR
PNL837563AA,ENJd05ea3a64820BR
PNL357500AA,ENJ635f177f8105BR
PNL866951AA,ENJ4f7b1fd8520dBR
PNL174728AB,ENJd962bb879c73BR
PNL864098AA,ENJd09bd96a636eBR
PNL699685AA,ENJ8f4ad65da940BR
PNL454110AA,ENJ2baf15925d95BR
PNL098819AA,ENJ36878475fd0fBR
PNL747397AA,ENJ576deba40715BR
PNL714857AA,909861376
PNL845649AA,ENJab2eac3ceb9bBR
PNL906215AA,ENJ6d3826b00bdcBR
PNL702493AA,919130523
PNL664641AA,ENJedd0f04485f3BR
PNL713301AA,ENJbe095a0e35c3BR
PNL683563AA,ENJ7aef103636ccBR
PNL174775AB,ENJ1dda4cd1404bBR
PNL295706AA,712753742
PNL726668AA,ENJe5ae0e328f37BR
PNL628897AA,ENJ1bae40d4ea4eBR
PNL687304AA,650304235
PNL691074AA,ENJ1c5ca2506792BR
PNL684770AA,ENJ1d1f74df3208BR
PNL830465AA,ENJ0b2892f323b9BR
PNL833985AA,ENJd2fc71ae9aefBR
PNL678354AA,ENJ073cc8af5dadBR
PNL497366AA,ENJda365c79dba7BR
PNL705600AA,ENJ6d1a39fee666BR
PNL216818AA,ENJ825aeb5dba47BR
PNL626878AA,ENJ3abb963187e8BR
PNL299214AA,ENJe196f379e96bBR
PNL299235AA,ENJca6cb0b64785BR
PNL098419AA,ENJ2f880eb2b475BR
PNL974387AA,ENJ97267958b12cBR
PNL666685AA,ENJ2d1f7c26bfb8BR
PNL084013AA,ENJdbeac424f066BR
PNL747383AA,ENJa07934642675BR
PNL866969AA,ENJ7905bc1e72cbBR
PNL273237AA,958599200
PNL866972AA,ENJe280b2292801BR
PNL705543AA,ENJcff896eb41c1BR
PNL645529AA,ENJe610b1d3bc7cBR
PNL869414AA,ENJ171d187e6e9aBR
PNL837508AA,ENJ1e14b2ad89f8BR
PNL107741AA,ENJ650f1030a1eeBR
PNL666679AA,ENJf37307272c50BR
PNL599159AA,ENJ57bfa84ba322BR
PNL546348AA,ENJd1e0c2846c77BR
PNL636619AA,ENJc3346377f4bfBR
PNL189367AA,391308424
PNL668292AA,ENJ85b4b74e4eecBR
PNL684787AA,ENJ5547c39fb827BR
PNL563692AA,ENJ44d448064a70BR
PNL637606AA,ENJ5b957a21169eBR
PNL645521AA,ENJ5bfdc3a87261BR
PNL877280AA,ENJe57afe97b004BR
PNL672662AA,ENJ71b0d91de632BR
PNL160027AB,ENJb1545906cadfBR
PNL514955AA,ENJ5beaa8e51c93BR
PNL833976AA,ENJ3bbb93f65ce6BR
PNL705505AA,7424498
PNL454103AA,ENJ5c097a586bbfBR
PNL837547AA,ENJ205078ce5914BR
PNL847364AA,ENJa8eddf40b60bBR
PNL102661AA,ENJ58758e3b75b4BR
PNL454637AA,ENJb8807c3dd77aBR
PNL039619AA,ENJ68e3f162b2c2BR
PNL537945AA,ENJd37d5aee777dBR
PNL702911AA,ENJ2441b4200715BR
PNL656255AA,ENJ90ec2c5af169BR
PNL906967AA,ENJf0a123bc21eeBR
PNL830391AA,ENJ078b87d0d983BR
PNL911701AA,ENJ0f9f8992923cBR
PNL691027AA,ENJefec3f17edafBR
PNL897192AA,ENJ57ff53287b22BR
PNL454617AA,ENJ8c629546b014BR
PNL473789AA,ENJ6ea194863671BR
PNL410962AA,ENJd19a519405abBR
PNL622424AA,ENJ2686a78528c3BR
PNL456591AA,ENJ1c3c1c054e86BR
PNL686130AA,ENJ55f51b447b26BR
PNL688501AA,ENJ42fd3852c33dBR
PNL718014AA,ENJ8a548106a255BR
PNL164018AA,ENJ624f96db85b6BR
PNL711253AA,ENJ6cea44506d76BR
PNL232588AA,ENJ756c4ea86b1eBR
PNL830423AA,ENJ35ce6e310cdeBR
PNL837504AA,ENJ05433ada74d4BR
PNL845702AA,ENJ5bbbed29e8d5BR
PNL910744AA,ENJc273a5ad2b64BR
PNL910754AA,ENJf29b8a819cc4BR
PNL902081AA,ENJ6bacf31531aeBR
PNL880449AA,ENJaa827ba72cd8BR
PNL454640AA,ENJ36e88c5b5b1cBR
PNL160594AB,406098855
PNL664688AA,269971379
PNL202871AA,ENJ740ba5c9d66eBR
PNL920841AA,136377572
PNL869474AA,ENJaff4b5faa4d4BR
PNL543833AA,ENJ7d1f00d54812BR
PNL876046AA,ENJf76c73813f00BR
PNL661909AA,ENJ187f9ce53398BR
PNL838345AA,ENJ3e463f50ce52BR
PNL084052AA,ENJ47d700a62837BR
PNL747500AA,ENJ7b1d7d309089BR
PNL694753AA,859653417
PNL184675AB,ENJab16c761f9d3BR
PNL731246AA,518094985
PNL851498AA,ENJ9cee4dee3f3eBR
PNL859030AA,50148994
PNL183625AB,ENJ980b872abab4BR
PNL251696AA,106747529
PNL910774AA,ENJ5cc5862f1863BR
PNL661044AA,ENJa1b15c8416deBR
PNL661053AA,ENJ011e03a64841BR
PNL637633AA,ENJddfad87961ffBR
PNL851488AA,ENJfeaf3b16aba2BR
PNL202875AA,ENJe9aa9a33bf40BR
PNL637638AA,ENJ22f8b1242611BR
PNL686191AA,ENJ0c671206d050BR
PNL666777AA,ENJadc6f394e2d3BR
PNL714875AA,ENJ98cbc7ab6b0bBR
PNL902086AA,734244805
PNL630641AA,ENJdb0801ed5e7dBR
PNL674545AA,ENJcfc3f4dd6ddbBR
PNL745683AA,ENJ241e05adf647BR
PNL161688AB,ENJ390afcb0fcabBR
PNL102238AA,ENJ4cd8f65df398BR
PNL869467AA,ENJdefbd139e9e5BR
PNL905355AA,852854214
PNL855273AA,744326344
PNL729013AA,ENJ65b3322b9154BR
PNL838361AA,ENJc7e96e8afd0fBR
PNL622819AA,ENJ11ad8b3aeeb0BR
PNL182128AB,ENJ2e5dfb510364BR
PNL882402AA,ENJ8064f66da5a8BR
PNL868878AA,ENJ5781896df132BR
PNL206060AB,ENJa3847e62f61dBR
PNL100829AA,ENJfcba39d8ffb9BR
PNL877636AA,ENJf8445a3a4368BR
PNL204537AB,ENJb331407a6515BR
PNL202877AA,ENJ13c45e1ab309BR
PNL951586AA,ENJf5f203062070BR
PNL682617AA,903629885
PNL606334AA,499283778
PNL622439AA,ENJe748b1d20a59BR
PNL750453AA,ENJ6c0fd7e84a1eBR
PNL649089AA,ENJ5f2fcce37d4aBR
PNL174782AB,931340066
PNL852167AA,ENJ5eb503dc9b0bBR
PNL187510AB,ENJ095838564f76BR
PNL650654AA,ENJ653c841a4be8BR
PNL693673AA,ENJ328052fd1d89BR
PNL690693AA,ENJa139341ee137BR
PNL837671AA,ENJe6f793b51b7fBR
PNL161683AB,ENJ7e52614b6e95BR
PNL151557AB,ENJ762c5a900143BR
PNL371457AA,ENJaef547e5d86fBR
PNL408357AA,ENJ86955bb2bf53BR
PNL847350AA,ENJfb2d54ed5245BR
PNL483257AA,ENJ6defd007857fBR
PNL886992AA,ENJa34b9b81c340BR
PNL525972AA,ENJ8743d7209422BR
PNL880442AA,ENJ2a343b8c959fBR
PNL896220AA,888578804
PNL837595AA,ENJ2b98ee3e1e76BR
PNL289374AA,261058870
PNL803741AA,ENJ99f8c0b84366BR
PNL600434AA,ENJ7eab81ec4ee2BR
PNL705551AA,ENJe0048df43907BR
PNL193904AA,ENJ45a405fbb98aBR
PNL515710AA,ENJa90db33d9f60BR
PNL698724AA,955030886
PNL387229AA,ENJ15f5dab5601fBR
PNL880460AA,ENJ85298a7b1af8BR
PNL851388AA,ENJc691e17892d2BR
PNL686090AA,ENJ9d8cba86de8cBR
PNL098823AA,ENJf7a7482e8c7fBR
PNL098827AA,ENJ3a0fe708c259BR
PNL586725AA,ENJ7208bcc3ba67BR
PNL111480AA,ENJe3566aa7eacfBR
PNL737962AA,ENJccb50cbefbbbBR
PNL257371AA,ENJ6bccbff1694dBR
PNL514960AA,ENJf8cdb9b080f4BR
PNL664647AA,813274180
PNL666652AA,701042509
PNL845499AA,ENJa2649fb8f9feBR
PNL851401AA,861706392
PNL666650AA,ENJ81955a0bf2b6BR
PNL107033AA,ENJ41620398d3baBR
PNL675486AA,ENJ4aa37a278bfbBR
PNL951561AA,ENJ7b91d181889bBR
PNL697513AA,ENJeba27eb75f20BR
PNL166102AA,112142131
PNL167918AB,ENJbd3046991fb9BR
PNL737988AA,ENJd0fc433481b3BR
PNL747334AA,ENJ05df2996a647BR
PNL160578AB,213464708
PNL098817AA,ENJbad377714313BR
PNL847850AA,ENJ86e248eaf496BR
PNL619049AA,ENJ9a1dfa9b2fa6BR
PNL408355AA,ENJ100e1a8e0360BR
PNL678367AA,ENJd29ac57c484aBR
PNL737916AA,ENJ8c9155964236BR
PNL847823AA,ENJb5671917e24bBR
PNL492830AA,ENJa0f331b93b24BR
PNL661952AA,ENJ9cefcf7965e8BR
PNL112136AA,ENJa96488600d53BR
PNL696177AA,236013674
PNL619078AA,ENJd34af5619a27BR
PNL622795AA,714813041
PNL680683AA,632489634
PNL686099AA,ENJ537eb97f2816BR
PNL622420AA,ENJ78bbd5ee8404BR
PNL726609AA,ENJbd4dd8d89154BR
PNL693129AA,ENJ47015aae6938BR
PNL847819AA,ENJ44cb7f2f2c80BR
PNL193863AA,ENJfcb35a4753c2BR
PNL449381AA,ENJa01b0d703978BR
PNL920801AA,ENJ93891c2ea8f5BR
PNL629649AA,ENJ96b0302d340aBR
PNL902082AA,ENJ8f40dd4b287dBR
PNL838270AA,ENJ045b3645ef29BR
PNL747335AA,ENJ5719a2b17f4eBR
PNL666702AA,620528209
PNL830484AA,ENJ298695d1f7ebBR
PNL545463AA,ENJ166a4c9a2cc2BR
PNL705641AA,ENJ524e8423f466BR
PNL710019AA,ENJ35fae27c7ab5BR
PNL454668AA,ENJe0b9cd3e1479BR
PNL596174AA,ENJ589690ea1472BR
PNL082371AA,ENJ6dccd243711aBR
PNL880497AA,653616609
PNL160715AB,ENJ9b9d196d892eBR
PNL188607AB,ENJ7625f8cf5c02BR
PNL914834AA,ENJ375763b9a24cBR
PNL184654AB,ENJ90835d24d575BR
PNL299279AA,840807452
PNL206044AB,ENJc0d3e965c2ffBR
PNL838352AA,ENJc5d0bfb13065BR
PNL619103AA,ENJ9845fe96ac7eBR
PNL193803AA,596107428
PNL560331AA,700735839
PNL619130AA,ENJ57d0d3c4effdBR
PNL632922AA,ENJe66f90145d74BR
PNL834075AA,ENJ23fd34e12335BR
PNL649573AA,ENJ0964a60a62beBR
PNL897271AA,454687122
PNL540288AA,ENJ1d090243bb16BR
PNL680184AA,712757702
PNL082372AA,ENJ3b573b052db7BR
PNL191151AA,526957850
PNL884033AA,ENJ0300a5204a60BR
PNL381738AA,ENJ1a8dd0971137BR
PNL408436AA,ENJda6fc63db9dfBR
PNL913300AA,486394660
PNL693161AA,ENJ24b87dfee20dBR
PNL188811AB,ENJ97b748d649f0BR
PNL838346AA,ENJd227824ca7deBR
PNL827535AA,ENJa8cdaf292b6fBR
PNL599210AA,ENJ6adccde24dc1BR
PNL661969AA,ENJ9729b52a2130BR
PNL106864AA,ENJ6425f8dbbd6aBR
PNL847878AA,ENJfb450faeac46BR
PNL456607AA,ENJae60f58b5a65BR
PNL699754AA,ENJa4431f86a6a4BR
PNL177086AB,291884461
PNL527398AA,816128723
PNL682614AA,ENJ6e2ff5062258BR
PNL165440AA,ENJd7f491d47893BR
PNL188593AB,ENJ92931c30829eBR
PNL184663AB,ENJ7762ceb61d31BR
PNL859010AA,ENJ7e51a2d97fa5BR
PNL668328AA,ENJ15955c9bd951BR
PNL837713AA,ENJ0df59ba71b3dBR
PNL837639AA,ENJ831464db6c05BR
PNL885823AA,ENJbafe3f7df449BR
PNL499824AA,ENJ22cb9417b159BR
PNL492847AA,ENJde7ad5937054BR
PNL915143AA,ENJ21efefd6a5f0BR
PNL710069AA,ENJ690d6441048eBR
PNL742529AA,ENJ487726656b2fBR
PNL683579AA,ENJ222b9fc506baBR
PNL740734AA,ENJ7a3990662116BR
PNL163073AA,382139193
PNL679588AA,ENJf4579a992f0bBR
PNL869431AA,ENJcc44d12a1787BR
PNL838329AA,ENJ867dca8ca4e6BR
PNL296587AA,ENJ2f9289673064BR
PNL026648AA,ENJa46885c58b20BR
PNL487500AA,ENJ8c7368314164BR
PNL600471AA,ENJcf4a3bb4d15bBR
PNL099381AA,ENJe88423d44f1fBR
PNL650653AA,ENJ3e4de3b080b8BR
PNL917122AA,940551731
PNL216823AA,ENJb16bdf7173c7BR
PNL838261AA,ENJ2238eebccc15BR
PNL705582AA,ENJ84f644c65784BR
PNL830947AA,ENJ8febf299d713BR
PNL684823AA,ENJbfc2946e2724BR
PNL684796AA,933307197
PNL206021AB,ENJ96e7cae30d18BR
PNL098384AA,ENJ32d004dc096bBR
PNL906969AA,ENJ8262f79fadb9BR
PNL709439AA,ENJ75397c2fde68BR
PNL189364AA,ENJ1cc5083e2434BR
PNL745660AA,ENJdd1994d691bbBR
PNL683542AA,ENJ03f053d79e33BR
PNL692672AA,ENJa42f43ecb5dbBR
PNL408392AA,ENJ0d3ef3223f66BR
PNL673069AA,463791016
PNL236812AA,ENJb15cdf941dbeBR
PNL439322AA,ENJf9ba7c0041cdBR
PNL905297AA,ENJ7dc3ff9b9650BR
PNL184547AB,ENJ45d1d8983f73BR
PNL882619AA,ENJe30f57886754BR
PNL880463AA,ENJ900f976300e5BR
PNL649015AA,ENJd28a1fd9056fBR
PNL599169AA,ENJ70934d0c6841BR
PNL837518AA,ENJ912f8ab76216BR
PNL680675AA,ENJb2536e4c5c7fBR
PNL686621AA,ENJb0189f82c3a8BR
PNL879138AA,ENJbe708ccb306dBR
PNL673774AA,ENJ958c8a52d8d1BR
PNL184550AB,371545771
PNL637602AA,ENJ3afabbe8cabcBR
PNL847817AA,ENJ793ad8317f95BR
PNL354875AA,ENJ95333159844bBR
PNL188724AB,644459561
PNL801513AA,ENJdc74ccecb6aeBR
PNL745658AA,ENJf5f058eaca3cBR
PNL172106AB,ENJc11374172377BR
PNL679535AA,ENJ8a22df5e71cfBR
PNL726604AA,696459339
PNL606307AA,ENJ6e78a1a21e25BR
PNL294623AA,ENJb3becf78dd57BR
PNL838290AA,ENJ53a01c3174cdBR
PNL626897AA,ENJe422e5dea300BR
PNL698726AA,ENJ84dfdc209b01BR
PNL921311AA,ENJ5c4151cb7894BR
PNL693131AA,ENJ07772fbda08fBR
PNL188626AB,819178774
PNL705596AA,485921154
PNL160674AB,ENJ2d375f8fb240BR
PNL173016AB,ENJ607ea534c2ecBR
PNL649554AA,ENJe0424c4485a9BR
PNL914820AA,640533800
PNL892214AA,ENJ1323fa6682bbBR
PNL921318AA,ENJ12d3b4c1681aBR
PNL380806AA,ENJad001b5c9fd9BR
PNL082358AA,ENJ0615226e8c5bBR
PNL726598AA,117064186
PNL676255AA,446676527
PNL107014AA,ENJadaa774828faBR
PNL699717AA,92219804
PNL649013AA,ENJbf3cb76c51f7BR
PNL864092AA,ENJ113b62242651BR
PNL363636AA,ENJ150d7da0efbeBR
PNL678338AA,ENJ85df85486a48BR
PNL188791AB,ENJ609f8aa30898BR
PNL896224AA,265670887
PNL955037AA,ENJe661ddbe3b5cBR
PNL495969AA,ENJfe4cb0c82c0eBR
PNL543815AA,ENJdb4fefcf3be0BR
PNL750364AA,607999645
PNL745657AA,236162950
PNL866989AA,763147392
PNL100050AA,ENJ8ebf3aeb4a9fBR
PNL678347AA,ENJ1ea6aa531658BR
PNL626909AA,ENJc1c9dc827246BR
PNL497371AA,ENJcc0b2f8626d8BR
PNL458234AA,ENJb8f33e844580BR
PNL864083AA,ENJfe0782959679BR
PNL026589AA,ENJ57b66246af7eBR
PNL747393AA,ENJe432913c82daBR
PNL699695AA,291165584
PNL202799AA,142889057
PNL160004AB,ENJ7496393b26c3BR
PNL877290AA,ENJb549b613539eBR
PNL879144AA,ENJa15f469482d0BR
PNL515731AA,245066837
PNL537936AA,ENJde68f7b3e3a6BR
PNL514989AA,725474816
PNL684116AA,ENJb1e1b1cf432eBR
PNL676250AA,ENJ61c86e538584BR
PNL166108AA,922546091
PNL668273AA,677722373
PNL661012AA,354580629
PNL830494AA,ENJa7d7dae31babBR
PNL692680AA,ENJ6fb2dfa76d2cBR
PNL455758AA,ENJ3480c7309d0eBR
PNL042808AA,ENJ8a3fc95358d0BR
PNL492823AA,ENJb76c81bbef82BR
PNL713277AA,ENJcf818b930b25BR
PNL920800AA,ENJ0fa2be28b943BR
PNL880446AA,ENJ1f87bfb97555BR
PNL974447AA,ENJb3f3c4925cd7BR
PNL458236AA,ENJ1baed8904fcfBR
PNL463343AA,ENJ10d82d234e3aBR
PNL106801AA,ENJ36a36463a85aBR
PNL878928AA,ENJ281360f7ba8fBR
PNL747435AA,ENJd0691dffb8a8BR
PNL188983AB,669826763
PNL495967AA,ENJ356319927967BR
PNL699672AA,ENJ91d15f4045e7BR
PNL600762AA,ENJ6945b025cf5eBR
PNL659092AA,434479745
PNL919754AA,ENJ4021a3eac2bdBR
PNL487474AA,ENJcf75743d8e9eBR
PNL833971AA,ENJ0f0367123897BR
PNL204514AB,ENJe81cc21cd299BR
PNL363424AA,ENJ4505fff3f263BR
PNL365644AA,ENJe059014ec6e3BR
PNL193860AA,ENJ0f98295520bdBR
PNL540291AA,ENJ062e9b5a23b3BR
PNL830984AA,ENJc1c0ce03037eBR
PNL098455AA,ENJ8c812cfbe48bBR
PNL626942AA,ENJ93b3f6323c8dBR
PNL915140AA,ENJ665807331e15BR
PNL698793AA,ENJcaf807bc4d73BR
PNL837664AA,ENJ1f8156766641BR
PNL691062AA,56720661
PNL837640AA,ENJ076c9a197328BR
PNL686197AA,ENJ153114299831BR
PNL910029AA,15567020
PNL891317AA,ENJb26228eee2c9BR
PNL537350AA,ENJdf569bc33c2cBR
PNL909473AA,ENJe43ef966f5fcBR
PNL686216AA,ENJ5c6a580dd379BR
PNL898204AA,556763275
PNL661967AA,469005640
PNL630632AA,ENJ5003e1e423a3BR
PNL731565AA,ENJ4d3ade49e435BR
PNL183633AB,ENJe47fd4bf1dccBR
PNL834051AA,ENJ31b391d2d9d4BR
PNL924229AA,ENJaf2b83bf35a7BR
PNL365649AA,ENJd718c6bda66fBR
PNL188806AB,579837161
PNL102236AA,ENJ8be9246a38bdBR
PNL905354AA,ENJf1870d638af2BR
PNL909475AA,ENJ55a77546c44aBR
PNL656272AA,ENJc78571a20b2aBR
PNL649095AA,ENJc90453f67400BR
PNL891313AA,ENJ77db61450fe8BR
PNL628905AA,ENJe7a838dbac4aBR
PNL855281AA,ENJ84bd580b7636BR
PNL099386AA,ENJd640f3722fb5BR
PNL830974AA,ENJd96c844a36e8BR
PNL193801AA,ENJ201ceae76bdaBR
PNL742526AA,ENJ55c997011926BR
PNL809037AA,ENJ23b76d11f660BR
PNL673091AA,ENJ4f54a55d745cBR
PNL518204AA,ENJ9943ce6e7297BR
PNL845829AA,ENJ9bd702d760dfBR
PNL180070AB,ENJ4559c0d62d91BR
PNL869462AA,ENJ65805c780a38BR
PNL710050AA,952309572
PNL486138AA,ENJ631d4beff124BR
PNL206109AB,ENJcfa82d15c684BR
PNL834049AA,ENJ1cbbab2c8fcaBR
PNL219192AA,ENJ0b7d4f39e345BR
PNL542058AA,ENJ9f205d817230BR
PNL906235AA,ENJ3774ff3eadb1BR
PNL684833AA,ENJ9f6c25327c26BR
PNL864178AA,ENJfb11c08b3ca9BR
PNL897083AA,291286952
PNL913292AA,ENJa1843be9c85aBR
PNL219194AA,ENJbb51e5682a9fBR
PNL025397AA,183215510
PNL399656AA,ENJ7351e940c6e2BR
PNL672707AA,ENJ7ff5602dfb8eBR
PNL852171AA,ENJ482475315bddBR
PNL699774AA,ENJ0ab8a5256551BR
PNL574886AA,60864431
PNL837717AA,ENJ082e25f2c865BR
PNL684810AA,ENJb38694d4d0e6BR
PNL174732AB,ENJ2eb3c1a2b052BR
PNL905289AA,ENJf9ecd3502ab8BR
PNL896663AA,907497767
PNL105334AA,ENJ6f3c8f717263BR
PNL294636AA,568481442
PNL454654AA,ENJ283e621f3a94BR
PNL683547AA,628763721
PNL897080AA,ENJ4496a9978de5BR
PNL112569AA,ENJ9ed5921290d5BR
PNL206023AB,ENJbce8236f7d46BR
PNL183582AB,ENJ6b614fe846d9BR
PNL582003AA,ENJ85c209ed5dfaBR
PNL737931AA,ENJ4e2f1466c7b1BR
PNL145495AA,ENJ1cb601206335BR
PNL886999AA,ENJ54bf4d098a13BR
PNL830480AA,ENJb252eb16f8fcBR
PNL487479AA,ENJ320f7f0a94c4BR
PNL702489AA,145611430
PNL629648AA,ENJ1dd6037aa1f2BR
PNL845500AA,ENJ06ea03f61fc8BR
PNL861065AA,ENJ6434fcfab9afBR
PNL668291AA,ENJ7f9bd03a7698BR
PNL106823AA,ENJbdef2548a55bBR
PNL116719AA,ENJ6e48ad41012fBR
PNL917106AA,ENJ0e27538db166BR
PNL920817AA,11330318
PNL184576AB,ENJf245b5beecbdBR
PNL915125AA,328436719
PNL638262AA,ENJ95ab0db0be54BR
PNL851426AA,ENJ6fab2b0e4cb8BR
PNL737964AA,ENJa7558a7f6857BR
PNL686077AA,451046533
PNL750369AA,ENJbe60cbf34157BR
PNL906979AA,144287988
PNL166111AA,ENJ61e2fdf8a926BR
PNL666668AA,ENJb1ff69ba1625BR
PNL851389AA,ENJb777c859adadBR
PNL974401AA,ENJ3d147aa79c0aBR
PNL845676AA,ENJ8d6e108ab98aBR
PNL870277AA,ENJ2e60b9277dcdBR
PNL803724AA,ENJf27768a46d49BR
PNL877598AA,ENJbd6d37705e89BR
PNL845501AA,ENJbd3a62162045BR
PNL116724AA,ENJ86efdbda7914BR
PNL855190AA,ENJ67d8414d0b68BR
PNL656259AA,957085780
PNL838267AA,ENJa5bc8dedc2ccBR
PNL680138AA,ENJ0fde5f22ecabBR
PNL189001AB,ENJf4688e372ccaBR
PNL166125AA,ENJfc722420eafcBR
PNL747357AA,ENJ2544bd36c84dBR
PNL747399AA,ENJ8b6273d0b16eBR
PNL877544AA,ENJe8ee38aedc13BR
PNL664676AA,116954996
PNL866966AA,ENJ5c439503bf99BR
PNL830476AA,ENJada420d004f9BR
PNL740670AA,722512571
PNL084514AA,ENJeedce1770c17BR
PNL151588AA,ENJ01accfed3645BR
PNL202827AA,788552927
PNL906973AA,233718317
PNL525970AA,719858234
PNL851390AA,ENJ9e611684ea3bBR
PNL834009AA,ENJf2ed55762475BR
PNL408366AA,ENJ15b6e6789fb1BR
PNL524204AA,366389006
PNL692667AA,ENJ37f1d7f320f2BR
PNL527348AA,ENJ2f98257fce85BR
PNL184595AB,ENJ81753edb2215BR
PNL251690AA,ENJ088be2061fc3BR
PNL628804AA,ENJf1202e918a06BR
PNL543808AA,ENJ4483ed5f8f37BR
PNL877298AA,ENJ734648444641BR
PNL219169AA,ENJ471b47756c4eBR
PNL463344AA,ENJ753ff1cb29c2BR
PNL913279AA,ENJ96ad65db696cBR
PNL710068AA,ENJ5c6b89ad27a1BR
PNL691075AA,873507590
PNL630639AA,ENJcd478692e4cfBR
PNL661039AA,ENJb02e2e3bee93BR
PNL897270AA,66192630
PNL151572AB,ENJe483726cea27BR
PNL169372AA,ENJc727b6a52b47BR
PNL619110AA,ENJ334a14ec7eccBR
PNL206061AB,ENJb9321cc57539BR
PNL909460AA,ENJf026e314bf94BR
PNL710034AA,ENJ5c7dc986c386BR
PNL864150AA,ENJ73a3c9b22aafBR
PNL632921AA,ENJ80f74d8e3b22BR
PNL160716AB,11434318
PNL167997AB,ENJ779918552878BR
PNL745688AA,ENJ52a1e16c601dBR
PNL870318AA,ENJ094de9a02caeBR
PNL705667AA,ENJef168c4e1603BR
PNL165020AB,ENJ3b635e88a034BR
PNL206112AB,ENJ509840bc46aaBR
PNL649570AA,ENJ09f4b7743e4fBR
PNL898203AA,ENJ11925dbdf8fdBR
PNL165439AA,681950725
PNL678384AA,ENJc52e20a25024BR
PNL837657AA,ENJ5d6d81f6b624BR
PNL859025AA,ENJ33b0ac6f5482BR
PNL391770AA,ENJ1c7bc1cd9186BR
PNL710059AA,ENJb8e9ed05ea2cBR
PNL905350AA,954886180
PNL661058AA,ENJ4fe5df0323b8BR
PNL619108AA,ENJ37eef258cef2BR
PNL172147AB,ENJ0162c718be08BR
PNL650017AA,ENJ8ec2ad680761BR
PNL082378AA,ENJ99951b02b899BR
PNL914839AA,ENJ3b65ce9d60c0BR
PNL684130AA,ENJ172f29e4c684BR
PNL160695AB,ENJc2046815289aBR
PNL202879AA,ENJ7b644ede3d0aBR
PNL913290AA,ENJ9bbe06bfc223BR
PNL838512AA,ENJ61d3d0862d46BR
PNL299284AA,ENJfa2fb112b990BR
PNL740771AA,ENJf14b3f4e3851BR
PNL869455AA,ENJ1ec34c9d4293BR
PNL869432AA,208165932
PNL188798AB,ENJ025573b22136BR
PNL202860AA,ENJ6b2d847985feBR
PNL836264AA,ENJc6a01ff95cdeBR
PNL174794AB,ENJe7c77c10c7e8BR
PNL869434AA,ENJ821bbbb44623BR
PNL543828AA,ENJfbc193e28684BR
PNL102228AA,ENJ580c05a40619BR
PNL628912AA,ENJ3d66fd6127deBR
PNL692708AA,ENJ780208694fbcBR
PNL644837AA,ENJ7c24de18ea04BR
PNL924225AA,ENJ95fcb21ee131BR
PNL650646AA,ENJf3b1563bf67aBR
PNL838341AA,ENJe497cc743cc2BR
PNL920843AA,826046214
PNL679594AA,ENJbbab81222b1eBR
PNL683600AA,ENJdf39894494cfBR
PNL664784AA,ENJ153719fb17dbBR
PNL482597AA,ENJa6bb002e86d4BR
PNL920304AA,ENJ60eca9ddbe6cBR
PNL680697AA,ENJ6342e4406ff1BR
PNL666776AA,859599917
PNL559486AA,157568613
PNL705622AA,ENJ6ea2e4287f35BR
PNL649073AA,ENJ06e86e5794aaBR
PNL855194AA,704673485
PNL855167AA,ENJ34df5019d791BR
PNL866997AA,ENJ97f0a84a5f45BR
PNL107017AA,ENJ832349f6f4d4BR
PNL803708AA,ENJ8f59a1209bb0BR
PNL026576AA,ENJ8b897b06d4fbBR
PNL909398AA,220848303
PNL391761AA,ENJf629cc6f1901BR
PNL042814AA,ENJ20fb08d7de04BR
PNL693132AA,ENJ8729ecb763f6BR
PNL920269AA,994921231
PNL698705AA,ENJe6c1e32e361eBR
PNL251664AA,24443451
PNL188734AB,ENJe83d35651919BR
PNL630584AA,ENJ1366ad036706BR
PNL387222AA,ENJ1b67fec0794dBR
PNL464765AA,ENJ3a7b595fd522BR
PNL711254AA,338088434
PNL913234AA,ENJ30dfb63f85d2BR
PNL913253AA,ENJeca9e7d716b8BR
PNL628811AA,ENJa568944289c4BR
PNL098397AA,ENJ9131020b8463BR
PNL674505AA,ENJf06d7e9f276aBR
PNL188780AB,776745536
PNL673763AA,ENJda551bc8aec0BR
PNL145492AA,ENJ9ca3208ec0bcBR
PNL540262AA,ENJ5bf297b7d300BR
PNL676264AA,ENJ65a28dc4d088BR
PNL686108AA,ENJ866f5819d22dBR
PNL676252AA,ENJ3f87c0390ef3BR
PNL885775AA,ENJ45b6a4302993BR
PNL830456AA,ENJ8883b73fbf49BR
PNL680133AA,846302521
PNL628809AA,ENJa5482782872fBR
PNL649026AA,ENJ78e0991ae4f7BR
PNL545434AA,ENJa7fc5cc9d729BR
PNL174729AB,ENJ89e430565b5aBR
PNL172112AB,ENJa66c29d77dacBR
PNL622426AA,ENJff99315da4caBR
PNL675480AA,ENJa916f5854b3cBR
PNL545429AA,ENJ864bdd3db707BR
PNL515713AA,178698664
PNL907791AA,ENJ88932ae57b22BR
PNL866986AA,ENJ1dccd145afc5BR
PNL638259AA,ENJ70c265a2d316BR
PNL868831AA,219994223
PNL167937AB,ENJe249fca6442fBR
PNL974454AA,ENJ5d6ea90e2ed1BR
PNL099364AA,ENJ501ebb5e2a1cBR
PNL540259AA,ENJ0324005d29a1BR
PNL216806AA,ENJ4f91b6acf17aBR
PNL649021AA,ENJb3f67b4e306aBR
PNL629652AA,ENJ346a223a0de6BR
PNL206043AB,ENJ66ad71e77497BR
PNL160651AB,ENJ2c8ede515d8fBR
PNL692695AA,ENJbca952125493BR
PNL648284AA,ENJ0e05311c3cebBR
PNL408429AA,ENJ31ccfd0c0fd3BR
PNL112577AA,ENJ44171809cfefBR
PNL745690AA,ENJ98f9c0f8a662BR
PNL897081AA,ENJ834d8f4dad89BR
PNL600759AA,ENJ4891fcb9f2dbBR
PNL679544AA,129737183
PNL165432AA,ENJebb40a6d3713BR
PNL171781AA,ENJ46789361d190BR
PNL864107AA,ENJ3c5f74fc536bBR
PNL740594AA,ENJ56aa60e21d36BR
PNL750370AA,ENJa4c17408a4faBR
PNL057932AA,963262221
PNL546343AA,ENJf435ee91745eBR
PNL160614AB,ENJc777630c1652BR
PNL160590AB,ENJ5cf6a37d6764BR
PNL877615AA,ENJ490dc5d6034cBR
PNL686117AA,ENJ8261619e7b45BR
PNL747351AA,ENJ077725a03cc3BR
PNL606319AA,ENJaf2ec72117cbBR
PNL678370AA,ENJ035107284846BR
PNL885779AA,ENJbc036b2bf3e0BR
PNL183572AB,598871643
PNL649018AA,ENJ4a2363928e5bBR
PNL619033AA,ENJ02eb409ddd02BR
PNL913250AA,75080357
PNL731540AA,ENJeaf9e0927af4BR
PNL897213AA,ENJ4612933a4ac9BR
PNL686092AA,ENJ03556456695dBR
PNL830920AA,ENJde2b9e7a73acBR
PNL545461AA,ENJb3e126585084BR
PNL524206AA,ENJaea277032f6eBR
PNL180029AB,ENJ165c24396418BR
PNL740621AA,ENJ9601890db1deBR
PNL367755AA,ENJ27c0694d102cBR
PNL563695AA,ENJ165c9eabf1beBR
PNL495958AA,ENJbeb344b5edb3BR
PNL219173AA,ENJ344c748a875fBR
PNL084508AA,ENJ8e64be27f9d7BR
PNL845713AA,ENJ891f53d7a3f8BR
PNL193893AA,ENJ733d63aa4883BR
PNL193919AA,ENJe56a23ffa936BR
PNL424162AA,ENJa4a5a1b2d2b8BR
PNL167927AB,ENJb658acf12789BR
PNL803705AA,ENJ9058a67b857aBR
PNL849685AA,ENJ44a1db99122cBR
PNL165010AB,ENJe23d1f7edc8fBR
PNL691004AA,ENJ71d17b8ca90cBR
PNL106022AA,ENJ0b0500ebbab1BR
PNL193932AA,ENJ9005328ab7deBR
PNL387655AA,ENJ562dca0b4f9dBR
PNL747415AA,ENJd480cdb2f57fBR
PNL525986AA,420359038
PNL673078AA,ENJ47b128325d06BR
PNL866978AA,ENJe00ffd719462BR
PNL896668AA,ENJ1ad01226af19BR
PNL251671AA,432297814
PNL492822AA,ENJ4ba2415e35dbBR
PNL837556AA,ENJa9e7f4aa1de8BR
PNL686149AA,ENJ00db421f8bf3BR
PNL527323AA,ENJ5915ab700650BR
PNL664653AA,ENJ5e18ffa367d6BR
PNL845655AA,ENJd97f998afcabBR
PNL737948AA,ENJc56b410240c6BR
PNL909426AA,366613659
PNL698709AA,ENJ7d291108a3a1BR
PNL891239AA,ENJ9168e1fe99ebBR
PNL747358AA,775910728
PNL636622AA,ENJ1801e432e8e7BR
PNL299191AA,ENJd319c67c53d9BR
PNL098833AA,ENJ571e8327a681BR
PNL107039AA,ENJ92dd343720beBR
PNL880451AA,47915179
PNL680146AA,ENJ06278a960090BR
PNL640662AA,ENJ2c562f605bb5BR
PNL537927AA,ENJ3703998b4c3dBR
PNL546334AA,ENJce06604fb3dfBR
PNL974396AA,ENJ846453454d5fBR
PNL638265AA,ENJ05b9497945ddBR
PNL628818AA,ENJf0ed77f438ffBR
PNL731215AA,901492587
PNL923679AA,891638976
PNL830496AA,ENJ59ab16743100BR
PNL100793AA,ENJ53638cd0e550BR
PNL881998AA,ENJ1762f88b50daBR
PNL202833AA,ENJ68b6904b0877BR
PNL705542AA,ENJ0b5059db7593BR
PNL698699AA,993627136
PNL167977AB,ENJdcdea63a7fa5BR
PNL516622AA,ENJ2d4e82994198BR
PNL740677AA,ENJ18fba85df7d6BR
PNL184607AB,577923811
PNL084075AA,ENJ7f0b18ea5999BR
PNL654556AA,368627648
PNL256967AA,ENJ9fa9b8e54eb1BR
PNL184662AB,ENJ6ea29c78b86cBR
PNL830980AA,ENJa19cd0de3158BR
PNL296599AA,ENJ904228b3295dBR
PNL664779AA,ENJbb4fed8d1a8bBR
PNL184687AB,ENJe58d942888abBR
PNL257379AA,ENJ7dcced0a219fBR
PNL710032AA,213815502
PNL415501AA,ENJ1f06ec6aba64BR
PNL574885AA,ENJ12de4d4d90bbBR
PNL679605AA,ENJ96120e572730BR
PNL527399AA,ENJ682eca40ae10BR
PNL183638AB,ENJ2efa6054dfcaBR
PNL919759AA,507342222
PNL905361AA,ENJ3f1c5ed2da56BR
PNL160680AB,ENJ5bdb81249397BR
PNL705664AA,ENJ84abceadb902BR
PNL256972AA,ENJe84b08c91111BR
PNL680705AA,ENJ35d6d98bb89eBR
PNL830988AA,ENJdeaa572b2e47BR
PNL837665AA,ENJdf536788ff49BR
PNL683628AA,290959863
PNL416950AA,ENJe0c1d15f2b62BR
PNL661977AA,ENJ48e221c7b7f4BR
PNL847385AA,ENJ4e1cf278a1e0BR
PNL628909AA,ENJ413e410ea00dBR
PNL838339AA,ENJ91b0d17d227cBR
PNL084552AA,ENJ7106b27592daBR
PNL731251AA,ENJ6bb6900ed693BR
PNL869443AA,ENJbc8688f30cdaBR
PNL664818AA,ENJ6c28f6e5b8d8BR
PNL672708AA,ENJ0d64de39c9cbBR
PNL350429AA,ENJ0d9422f2300bBR
PNL151544AB,826855384
PNL726705AA,ENJa41a29c4c6e9BR
PNL674550AA,ENJ404a8c24b2d9BR
PNL922200AA,ENJ79b41faa6056BR
PNL902083AA,ENJ96701ebb462dBR
PNL098438AA,ENJ4781b9e2b99aBR
PNL664769AA,ENJa9d4c234208cBR
PNL725272AA,905871970
PNL160675AB,ENJ685d9f6677eeBR
PNL693165AA,484138883
PNL742509AA,ENJ3e109de73cabBR
PNL590818AA,ENJ5483587107e1BR
PNL527420AA,ENJ3afeb8fdd1f9BR
PNL896307AA,962603012
PNL270325AA,492675137
PNL299266AA,ENJ235570321866BR
PNL546354AA,ENJedcb2a3aed3dBR
PNL439326AA,ENJe040afc2f229BR
PNL380811AA,ENJd0921d9ca990BR
PNL830966AA,ENJc36f42c82eb3BR
PNL596168AA,ENJ15e6b7454d2fBR
PNL388185AA,ENJd12c9a303d9bBR
PNL726679AA,976168410
PNL676304AA,53082737
PNL750460AA,ENJ45bfbc7a7596BR
PNL691058AA,ENJaa2e24a27a8eBR
PNL537353AA,ENJ8d6c51ca8ad3BR
PNL710036AA,ENJ5948cf45126eBR
PNL629664AA,ENJafd7a9cc58cdBR
PNL683568AA,397248584
PNL599196AA,ENJ4404d12a37a0BR
PNL524241AA,ENJa8d913565698BR
PNL740614AA,ENJb6613f0f0939BR
PNL711241AA,ENJc7d521572b21BR
PNL518201AA,705678641
PNL693126AA,ENJcd8856a66c0eBR
PNL877338AA,95953655
PNL574874AA,597995310
PNL693655AA,ENJ94b427d69b6aBR
PNL363429AA,ENJae62ba1a657eBR
PNL487473AA,ENJ4c25f5103698BR
PNL906971AA,ENJb1f880047adbBR
PNL672650AA,ENJed6d3e867425BR
PNL923671AA,27102038
PNL606302AA,ENJ028b07a5f23fBR
PNL102659AA,ENJb14756c35aeeBR
PNL524249AA,ENJec5d1a223208BR
PNL907796AA,ENJ499055413531BR
PNL184561AB,ENJ5465f83f4abaBR
PNL679538AA,ENJ2d648082e947BR
PNL921324AA,ENJ40527d9adc3dBR
PNL747331AA,ENJece171c2d830BR
PNL830914AA,ENJ616f2de1046aBR
PNL845648AA,ENJ0a6dff73246cBR
PNL245106AA,ENJ0eaa1beb6b7bBR
PNL382256AA,ENJd45fcae505c8BR
PNL373846AA,ENJ9499de537af4BR
PNL514954AA,931929658
PNL686086AA,674726597
PNL560313AA,387945695
PNL260148AA,ENJf8b8dd0fb40fBR
PNL702473AA,ENJc34689b1cf07BR
PNL364238AA,ENJ68f4773eab0bBR
PNL202802AA,214093043
PNL100803AA,ENJbe9b2f7b983bBR
PNL102669AA,ENJ23924570ac8fBR
PNL391414AA,ENJd313a052abcfBR
PNL649023AA,ENJ078648dbe2d2BR
PNL638267AA,ENJ33afc46a1643BR
PNL672656AA,ENJ21b8dff52cf5BR
PNL732536AA,ENJa67cb04a3452BR
PNL896205AA,990203112
PNL882369AA,ENJad561aeeaca1BR
PNL193843AA,859425767
PNL560312AA,108686759
PNL675466AA,ENJfd3fdeab99bbBR
PNL596128AA,ENJ13140cf8dc1bBR
PNL559479AA,ENJb94078cae1a8BR
PNL870262AA,ENJ0d9963a6ee77BR
PNL415477AA,ENJ12ec05144c5bBR
PNL834004AA,ENJ9881438f805cBR
PNL879161AA,ENJfb73b1980393BR
PNL654508AA,ENJcf318a32f9d1BR
PNL165444AA,475955825
PNL836236AA,ENJfc5dfa16093bBR
PNL725255AA,ENJfb549339929fBR
PNL855183AA,ENJ3bf9bd8ba81eBR
PNL731211AA,ENJ86c05d9b0426BR
PNL151595AA,ENJb5c7102c1406BR
PNL026572AA,ENJ466b7be8d0b9BR
PNL696182AA,ENJc6759b76bef1BR
PNL454621AA,ENJ3b56c888107dBR
PNL750372AA,ENJe60159d2f75cBR
PNL632903AA,ENJ799223911a48BR
PNL913256AA,ENJ556c1bcf58c9BR
PNL600433AA,367985245
PNL098402AA,ENJ5c9910f85251BR
PNL598941AA,289782289
PNL537293AA,ENJdf78c1d0c8d6BR
PNL886991AA,ENJb08b9d7f4b4dBR
PNL183061AB,765429719
PNL661861AA,914794155
PNL705558AA,985420008
PNL684773AA,271699027
PNL219185AA,ENJ505589bea3b6BR
PNL672706AA,ENJ14f3abecdc89BR
PNL724602AA,ENJca3285aec40fBR
PNL724609AA,342568501
PNL837696AA,ENJa5078d91c1a6BR
PNL082373AA,ENJ52d6060c7bd6BR
PNL619116AA,ENJebc62dc2efd9BR
PNL725266AA,772754795
PNL681014AA,ENJd10c5c64c95dBR
PNL661042AA,ENJa3d93ab30e9cBR
PNL177081AB,15309458
PNL622830AA,815641876
PNL896312AA,ENJ14f527dcb529BR
PNL182444AA,955529132
PNL686633AA,ENJ783ca0fefdeeBR
PNL102230AA,ENJ26913d414574BR
PNL039644AA,ENJ055b1904aae6BR
PNL628908AA,ENJd4c38ff4a3f0BR
PNL026631AA,ENJ2e91c3b7d372BR
PNL907816AA,ENJ6c18e9871166BR
PNL644835AA,ENJ03e98091f1adBR
PNL710044AA,ENJd6c03d9ca019BR
PNL693159AA,ENJ7b63e78d4cfdBR
PNL637629AA,ENJ45b9335b7160BR
PNL619122AA,265153729
PNL187512AB,ENJ3b6f59903decBR
PNL151562AB,ENJ0796ac1ff18fBR
PNL836266AA,ENJ5154e0155971BR
PNL698785AA,ENJ168ed5f99d77BR
PNL859017AA,ENJ2651d56551b5BR
PNL837746AA,ENJ72deabb50268BR
PNL924232AA,ENJ8da93e013e1bBR
PNL363640AA,ENJ994a44f2e41eBR
PNL646043AA,ENJ3230c2173f66BR
PNL173012AB,ENJb75709311b5aBR
PNL923224AA,274091961
PNL740740AA,ENJb475aead89adBR
PNL687318AA,ENJ639c8e5230f3BR
PNL686187AA,ENJea485105bc23BR
PNL837694AA,ENJ99e3b494ba1bBR
PNL661963AA,ENJb383b5cf11ffBR
PNL025403AA,164479971
PNL622815AA,625244246
PNL709498AA,100396988
PNL837656AA,ENJ0a06c41a99b4BR
PNL180047AB,ENJ2435a48c7583BR
PNL106846AA,ENJe30962bd6cfdBR
PNL664798AA,ENJd1de5cbf17afBR
PNL415497AA,ENJb8d6be4993edBR
PNL686645AA,ENJ4b632c4bc074BR
PNL837725AA,ENJd989934a441cBR
PNL661034AA,ENJ8d76e5bc12c1BR
PNL830971AA,ENJd919046e9235BR
PNL180050AB,ENJ3cdc3731e86fBR
PNL891306AA,ENJe8263e50b43cBR
PNL084066AA,ENJf72afc22acbfBR
PNL543821AA,ENJf44d9043df2cBR
